project_id,project_name,source_file,wbs_code,wbs_description,period_date,period_index,pv_cum,ac_cum,ev_cum
P01,Airport Carpark,P018 - P01 Airport Carpark.xlsx,103,Water Sub-contractor,2011-04-01,1,0.0,0.0,0.0
P01,Airport Carpark,P018 - P01 Airport Carpark.xlsx,11,Survey - Construction,2011-04-01,1,2519.148936170213,1400.0,1232.657534246575
P01,Airport Carpark,P018 - P01 Airport Carpark.xlsx,111,Install Conduits / pits / rag bolts,2011-04-01,1,0.0,0.0,0.0
P01,Airport Carpark,P018 - P01 Airport Carpark.xlsx,112,Electrical Conduit Sub-contractor,2011-04-01,1,0.0,0.0,0.0
P01,Airport Carpark,P018 - P01 Airport Carpark.xlsx,113,Electrical Sub-contract works,2011-04-01,1,0.0,0.0,0.0
P01,Airport Carpark,P018 - P01 Airport Carpark.xlsx,121,Landscaping Sub-contractors,2011-04-01,1,0.0,0.0,0.0
P01,Airport Carpark,P018 - P01 Airport Carpark.xlsx,13,QA Testing,2011-04-01,1,0.0,0.0,0.0
P01,Airport Carpark,P018 - P01 Airport Carpark.xlsx,131,Fencing Sub-contractors,2011-04-01,1,0.0,0.0,0.0
P01,Airport Carpark,P018 - P01 Airport Carpark.xlsx,134,Hire of Temporary Fencing,2011-04-01,1,0.0,0.0,0.0
P01,Airport Carpark,P018 - P01 Airport Carpark.xlsx,141,Traffic Controllers,2011-04-01,1,0.0,0.0,0.0
P01,Airport Carpark,P018 - P01 Airport Carpark.xlsx,142,Hire of Control Devices,2011-04-01,1,0.0,0.0,0.0
P01,Airport Carpark,P018 - P01 Airport Carpark.xlsx,15,Service Locations,2011-04-01,1,0.0,0.0,0.0
P01,Airport Carpark,P018 - P01 Airport Carpark.xlsx,151,Supply & Place Silt fences & protective devices,2011-04-01,1,0.0,0.0,0.0
P01,Airport Carpark,P018 - P01 Airport Carpark.xlsx,152,Supply & install safety devices,2011-04-01,1,0.0,0.0,0.0
P01,Airport Carpark,P018 - P01 Airport Carpark.xlsx,21,Clearing to Stockpile,2011-04-01,1,953.6170212765958,0.0,0.0
P01,Airport Carpark,P018 - P01 Airport Carpark.xlsx,22,Disposal offsite - Clearing waste,2011-04-01,1,2832.1812869664363,0.0,0.0
P01,Airport Carpark,P018 - P01 Airport Carpark.xlsx,221,Day Works,2011-04-01,1,0.0,0.0,0.0
P01,Airport Carpark,P018 - P01 Airport Carpark.xlsx,23,Mulching,2011-04-01,1,0.0,0.0,0.0
P01,Airport Carpark,P018 - P01 Airport Carpark.xlsx,31,Strip Topsoil to Stockpile,2011-04-01,1,4287.500000000001,0.0,0.0
P01,Airport Carpark,P018 - P01 Airport Carpark.xlsx,32,Disposal offsite - topsoil,2011-04-01,1,0.0,0.0,0.0
P01,Airport Carpark,P018 - P01 Airport Carpark.xlsx,33,Re-spread topsoil,2011-04-01,1,0.0,0.0,0.0
P01,Airport Carpark,P018 - P01 Airport Carpark.xlsx,41,Demolition works,2011-04-01,1,0.0,0.0,0.0
P01,Airport Carpark,P018 - P01 Airport Carpark.xlsx,51,Cut to Fill,2011-04-01,1,0.0,0.0,0.0
P01,Airport Carpark,P018 - P01 Airport Carpark.xlsx,52,Stockpile to Fill,2011-04-01,1,0.0,0.0,0.0
P01,Airport Carpark,P018 - P01 Airport Carpark.xlsx,53,Cut to Spoil,2011-04-01,1,0.0,0.0,0.0
P01,Airport Carpark,P018 - P01 Airport Carpark.xlsx,57,Remove & Replace unsuitable,2011-04-01,1,0.0,0.0,0.0
P01,Airport Carpark,P018 - P01 Airport Carpark.xlsx,61,Subgrade Preparation,2011-04-01,1,0.0,0.0,0.0
P01,Airport Carpark,P018 - P01 Airport Carpark.xlsx,62,Place & Compact Gravel,2011-04-01,1,0.0,0.0,0.0
P01,Airport Carpark,P018 - P01 Airport Carpark.xlsx,63,Trim All Layers,2011-04-01,1,0.0,0.0,0.0
P01,Airport Carpark,P018 - P01 Airport Carpark.xlsx,64,Sweep & Prime / Primer seal or Seal,2011-04-01,1,0.0,0.0,0.0
P01,Airport Carpark,P018 - P01 Airport Carpark.xlsx,65,Asphalt,2011-04-01,1,0.0,0.0,0.0
P01,Airport Carpark,P018 - P01 Airport Carpark.xlsx,66,Linemarking,2011-04-01,1,0.0,0.0,0.0
P01,Airport Carpark,P018 - P01 Airport Carpark.xlsx,67,Install Road Furniture,2011-04-01,1,0.0,0.0,0.0
P01,Airport Carpark,P018 - P01 Airport Carpark.xlsx,68,In-situ Stabilising,2011-04-01,1,0.0,0.0,0.0
P01,Airport Carpark,P018 - P01 Airport Carpark.xlsx,71,Place Kerb & Channel / Inverts,2011-04-01,1,0.0,0.0,0.0
P01,Airport Carpark,P018 - P01 Airport Carpark.xlsx,73,Form & Place Footpath,2011-04-01,1,0.0,0.0,0.0
P01,Airport Carpark,P018 - P01 Airport Carpark.xlsx,81,> 450,2011-04-01,1,0.0,0.0,0.0
P01,Airport Carpark,P018 - P01 Airport Carpark.xlsx,85,Install SW Pits & Chambers,2011-04-01,1,0.0,0.0,0.0
P01,Airport Carpark,P018 - P01 Airport Carpark.xlsx,901,Project Management,2011-04-01,1,0.0,342.19000000000005,3773.748333333333
P01,Airport Carpark,P018 - P01 Airport Carpark.xlsx,902,Project Supervision,2011-04-01,1,2400.69375,1723.44,768.222
P01,Airport Carpark,P018 - P01 Airport Carpark.xlsx,903,Project Facilities,2011-04-01,1,1914.8000000000002,0.0,0.0
P01,Airport Carpark,P018 - P01 Airport Carpark.xlsx,904,"Project Insurance, Fees & Levies",2011-04-01,1,13030.0,5968.45,7818.0
P01,Airport Carpark,P018 - P01 Airport Carpark.xlsx,905,Small Tools,2011-04-01,1,0.0,0.0,0.0
P01,Airport Carpark,P018 - P01 Airport Carpark.xlsx,907,Site Establishment,2011-04-01,1,3475.0,0.0,0.0
P01,Airport Carpark,P018 - P01 Airport Carpark.xlsx,910,De-Establishment & Cleanup,2011-04-01,1,0.0,0.0,0.0
P01,Airport Carpark,P018 - P01 Airport Carpark.xlsx,95,Sewer Sub-contractors,2011-04-01,1,0.0,0.0,0.0
P01,Airport Carpark,P018 - P01 Airport Carpark.xlsx,103,Water Sub-contractor,2011-05-01,2,0.0,2320.0,2539.330863157894
P01,Airport Carpark,P018 - P01 Airport Carpark.xlsx,11,Survey - Construction,2011-05-01,2,2519.148936170213,1400.0,1232.657534246575
P01,Airport Carpark,P018 - P01 Airport Carpark.xlsx,111,Install Conduits / pits / rag bolts,2011-05-01,2,0.0,0.0,0.0
P01,Airport Carpark,P018 - P01 Airport Carpark.xlsx,112,Electrical Conduit Sub-contractor,2011-05-01,2,0.0,0.0,0.0
P01,Airport Carpark,P018 - P01 Airport Carpark.xlsx,113,Electrical Sub-contract works,2011-05-01,2,0.0,0.0,0.0
P01,Airport Carpark,P018 - P01 Airport Carpark.xlsx,121,Landscaping Sub-contractors,2011-05-01,2,0.0,0.0,0.0
P01,Airport Carpark,P018 - P01 Airport Carpark.xlsx,13,QA Testing,2011-05-01,2,1495.0,90.0,0.0
P01,Airport Carpark,P018 - P01 Airport Carpark.xlsx,131,Fencing Sub-contractors,2011-05-01,2,0.0,0.0,0.0
P01,Airport Carpark,P018 - P01 Airport Carpark.xlsx,134,Hire of Temporary Fencing,2011-05-01,2,0.0,0.0,0.0
P01,Airport Carpark,P018 - P01 Airport Carpark.xlsx,141,Traffic Controllers,2011-05-01,2,1246.6983050847457,0.0,0.0
P01,Airport Carpark,P018 - P01 Airport Carpark.xlsx,142,Hire of Control Devices,2011-05-01,2,2062.5,0.0,0.0
P01,Airport Carpark,P018 - P01 Airport Carpark.xlsx,15,Service Locations,2011-05-01,2,0.0,0.0,0.0
P01,Airport Carpark,P018 - P01 Airport Carpark.xlsx,151,Supply & Place Silt fences & protective devices,2011-05-01,2,9570.015390153902,0.0,0.0
P01,Airport Carpark,P018 - P01 Airport Carpark.xlsx,152,Supply & install safety devices,2011-05-01,2,12768.0,590.85,638.4000000000001
P01,Airport Carpark,P018 - P01 Airport Carpark.xlsx,21,Clearing to Stockpile,2011-05-01,2,4482.0,9101.370000000003,3337.659574468085
P01,Airport Carpark,P018 - P01 Airport Carpark.xlsx,22,Disposal offsite - Clearing waste,2011-05-01,2,8832.0,0.0,0.0
P01,Airport Carpark,P018 - P01 Airport Carpark.xlsx,221,Day Works,2011-05-01,2,0.0,0.0,0.0
P01,Airport Carpark,P018 - P01 Airport Carpark.xlsx,23,Mulching,2011-05-01,2,0.0,0.0,0.0
P01,Airport Carpark,P018 - P01 Airport Carpark.xlsx,31,Strip Topsoil to Stockpile,2011-05-01,2,9869.825,13286.15,7288.750000000001
P01,Airport Carpark,P018 - P01 Airport Carpark.xlsx,32,Disposal offsite - topsoil,2011-05-01,2,353.025,0.0,0.0
P01,Airport Carpark,P018 - P01 Airport Carpark.xlsx,33,Re-spread topsoil,2011-05-01,2,0.0,0.0,0.0
P01,Airport Carpark,P018 - P01 Airport Carpark.xlsx,41,Demolition works,2011-05-01,2,0.0,0.0,0.0
P01,Airport Carpark,P018 - P01 Airport Carpark.xlsx,51,Cut to Fill,2011-05-01,2,0.0,2823.8999999999996,1410.514826947411
P01,Airport Carpark,P018 - P01 Airport Carpark.xlsx,52,Stockpile to Fill,2011-05-01,2,12650.697646556178,1484.0,0.0
P01,Airport Carpark,P018 - P01 Airport Carpark.xlsx,53,Cut to Spoil,2011-05-01,2,0.0,0.0,0.0
P01,Airport Carpark,P018 - P01 Airport Carpark.xlsx,57,Remove & Replace unsuitable,2011-05-01,2,0.0,0.0,0.0
P01,Airport Carpark,P018 - P01 Airport Carpark.xlsx,61,Subgrade Preparation,2011-05-01,2,5101.372684388635,2730.24,12243.294442532726
P01,Airport Carpark,P018 - P01 Airport Carpark.xlsx,62,Place & Compact Gravel,2011-05-01,2,0.0,0.0,0.0
P01,Airport Carpark,P018 - P01 Airport Carpark.xlsx,63,Trim All Layers,2011-05-01,2,0.0,78.78,0.0
P01,Airport Carpark,P018 - P01 Airport Carpark.xlsx,64,Sweep & Prime / Primer seal or Seal,2011-05-01,2,0.0,0.0,0.0
P01,Airport Carpark,P018 - P01 Airport Carpark.xlsx,65,Asphalt,2011-05-01,2,0.0,0.0,0.0
P01,Airport Carpark,P018 - P01 Airport Carpark.xlsx,66,Linemarking,2011-05-01,2,0.0,0.0,0.0
P01,Airport Carpark,P018 - P01 Airport Carpark.xlsx,67,Install Road Furniture,2011-05-01,2,0.0,0.0,0.0
P01,Airport Carpark,P018 - P01 Airport Carpark.xlsx,68,In-situ Stabilising,2011-05-01,2,0.0,0.0,0.0
P01,Airport Carpark,P018 - P01 Airport Carpark.xlsx,71,Place Kerb & Channel / Inverts,2011-05-01,2,0.0,0.0,0.0
P01,Airport Carpark,P018 - P01 Airport Carpark.xlsx,73,Form & Place Footpath,2011-05-01,2,0.0,0.0,0.0
P01,Airport Carpark,P018 - P01 Airport Carpark.xlsx,81,> 450,2011-05-01,2,0.0,0.0,0.0
P01,Airport Carpark,P018 - P01 Airport Carpark.xlsx,85,Install SW Pits & Chambers,2011-05-01,2,0.0,0.0,0.0
P01,Airport Carpark,P018 - P01 Airport Carpark.xlsx,901,Project Management,2011-05-01,2,6620.611111111111,1035.5,11321.245
P01,Airport Carpark,P018 - P01 Airport Carpark.xlsx,902,Project Supervision,2011-05-01,2,7202.081249999999,14752.419999999996,6785.960999999999
P01,Airport Carpark,P018 - P01 Airport Carpark.xlsx,903,Project Facilities,2011-05-01,2,5744.400000000001,3200.0,5820.992
P01,Airport Carpark,P018 - P01 Airport Carpark.xlsx,904,"Project Insurance, Fees & Levies",2011-05-01,2,26060.0,16540.170000000002,23454.0
P01,Airport Carpark,P018 - P01 Airport Carpark.xlsx,905,Small Tools,2011-05-01,2,0.0,98.0,78.22222222222221
P01,Airport Carpark,P018 - P01 Airport Carpark.xlsx,907,Site Establishment,2011-05-01,2,13900.0,2425.73,2780.0
P01,Airport Carpark,P018 - P01 Airport Carpark.xlsx,910,De-Establishment & Cleanup,2011-05-01,2,0.0,0.0,0.0
P01,Airport Carpark,P018 - P01 Airport Carpark.xlsx,95,Sewer Sub-contractors,2011-05-01,2,26200.859999999997,29539.91,29694.308
P01,Airport Carpark,P018 - P01 Airport Carpark.xlsx,103,Water Sub-contractor,2011-06-01,3,4232.218105263157,2905.0,2962.55267368421
P01,Airport Carpark,P018 - P01 Airport Carpark.xlsx,11,Survey - Construction,2011-06-01,3,8817.021276595744,5908.3,5173.9178082191775
P01,Airport Carpark,P018 - P01 Airport Carpark.xlsx,111,Install Conduits / pits / rag bolts,2011-06-01,3,26294.079418153222,13375.0,19391.883570888003
P01,Airport Carpark,P018 - P01 Airport Carpark.xlsx,112,Electrical Conduit Sub-contractor,2011-06-01,3,0.0,0.0,0.0
P01,Airport Carpark,P018 - P01 Airport Carpark.xlsx,113,Electrical Sub-contract works,2011-06-01,3,0.0,0.0,0.0
P01,Airport Carpark,P018 - P01 Airport Carpark.xlsx,121,Landscaping Sub-contractors,2011-06-01,3,0.0,0.0,0.0
P01,Airport Carpark,P018 - P01 Airport Carpark.xlsx,13,QA Testing,2011-06-01,3,3737.5,2650.0,3737.5
P01,Airport Carpark,P018 - P01 Airport Carpark.xlsx,131,Fencing Sub-contractors,2011-06-01,3,0.0,0.0,0.0
P01,Airport Carpark,P018 - P01 Airport Carpark.xlsx,134,Hire of Temporary Fencing,2011-06-01,3,0.0,0.0,0.0
P01,Airport Carpark,P018 - P01 Airport Carpark.xlsx,141,Traffic Controllers,2011-06-01,3,2493.3966101694914,0.0,0.0
P01,Airport Carpark,P018 - P01 Airport Carpark.xlsx,142,Hire of Control Devices,2011-06-01,3,6187.5,0.0,0.0
P01,Airport Carpark,P018 - P01 Airport Carpark.xlsx,15,Service Locations,2011-06-01,3,0.0,0.0,0.0
P01,Airport Carpark,P018 - P01 Airport Carpark.xlsx,151,Supply & Place Silt fences & protective devices,2011-06-01,3,19140.030780307803,177.255,0.0
P01,Airport Carpark,P018 - P01 Airport Carpark.xlsx,152,Supply & install safety devices,2011-06-01,3,12768.0,1343.8500000000001,5107.200000000001
P01,Airport Carpark,P018 - P01 Airport Carpark.xlsx,21,Clearing to Stockpile,2011-06-01,3,4482.0,9101.370000000003,3337.659574468085
P01,Airport Carpark,P018 - P01 Airport Carpark.xlsx,22,Disposal offsite - Clearing waste,2011-06-01,3,8832.0,0.0,0.0
P01,Airport Carpark,P018 - P01 Airport Carpark.xlsx,221,Day Works,2011-06-01,3,0.0,0.0,0.0
P01,Airport Carpark,P018 - P01 Airport Carpark.xlsx,23,Mulching,2011-06-01,3,7000.0,0.0,0.0
P01,Airport Carpark,P018 - P01 Airport Carpark.xlsx,31,Strip Topsoil to Stockpile,2011-06-01,3,9869.825,13286.15,7288.750000000001
P01,Airport Carpark,P018 - P01 Airport Carpark.xlsx,32,Disposal offsite - topsoil,2011-06-01,3,353.025,0.0,0.0
P01,Airport Carpark,P018 - P01 Airport Carpark.xlsx,33,Re-spread topsoil,2011-06-01,3,0.0,0.0,0.0
P01,Airport Carpark,P018 - P01 Airport Carpark.xlsx,41,Demolition works,2011-06-01,3,7264.856254232839,0.0,0.0
P01,Airport Carpark,P018 - P01 Airport Carpark.xlsx,51,Cut to Fill,2011-06-01,3,0.0,2823.8999999999996,1410.514826947411
P01,Airport Carpark,P018 - P01 Airport Carpark.xlsx,52,Stockpile to Fill,2011-06-01,3,63253.488232780895,87840.84500000003,44277.441762946626
P01,Airport Carpark,P018 - P01 Airport Carpark.xlsx,53,Cut to Spoil,2011-06-01,3,8078.25495451592,317.56,161.56509909031837
P01,Airport Carpark,P018 - P01 Airport Carpark.xlsx,57,Remove & Replace unsuitable,2011-06-01,3,11839.079562010527,8333.54,5327.585802904737
P01,Airport Carpark,P018 - P01 Airport Carpark.xlsx,61,Subgrade Preparation,2011-06-01,3,12243.294442532724,4354.0599999999995,30608.236106331813
P01,Airport Carpark,P018 - P01 Airport Carpark.xlsx,62,Place & Compact Gravel,2011-06-01,3,12706.792711897528,4650.180000000001,2018.603477326279
P01,Airport Carpark,P018 - P01 Airport Carpark.xlsx,63,Trim All Layers,2011-06-01,3,7509.777777777777,6951.664999999999,6647.999999999999
P01,Airport Carpark,P018 - P01 Airport Carpark.xlsx,64,Sweep & Prime / Primer seal or Seal,2011-06-01,3,14371.813052229212,0.0,0.0
P01,Airport Carpark,P018 - P01 Airport Carpark.xlsx,65,Asphalt,2011-06-01,3,0.0,0.0,0.0
P01,Airport Carpark,P018 - P01 Airport Carpark.xlsx,66,Linemarking,2011-06-01,3,0.0,0.0,0.0
P01,Airport Carpark,P018 - P01 Airport Carpark.xlsx,67,Install Road Furniture,2011-06-01,3,0.0,0.0,0.0
P01,Airport Carpark,P018 - P01 Airport Carpark.xlsx,68,In-situ Stabilising,2011-06-01,3,0.0,0.0,0.0
P01,Airport Carpark,P018 - P01 Airport Carpark.xlsx,71,Place Kerb & Channel / Inverts,2011-06-01,3,2039.0785840879232,0.0,0.0
P01,Airport Carpark,P018 - P01 Airport Carpark.xlsx,73,Form & Place Footpath,2011-06-01,3,0.0,0.0,0.0
P01,Airport Carpark,P018 - P01 Airport Carpark.xlsx,81,> 450,2011-06-01,3,2552.922551892207,157.56,0.0
P01,Airport Carpark,P018 - P01 Airport Carpark.xlsx,85,Install SW Pits & Chambers,2011-06-01,3,0.0,0.0,0.0
P01,Airport Carpark,P018 - P01 Airport Carpark.xlsx,901,Project Management,2011-06-01,3,13241.222222222223,2025.5,22046.635
P01,Airport Carpark,P018 - P01 Airport Carpark.xlsx,902,Project Supervision,2011-06-01,3,16804.85625,29150.32499999999,13443.884999999998
P01,Airport Carpark,P018 - P01 Airport Carpark.xlsx,903,Project Facilities,2011-06-01,3,13403.600000000002,5655.580000000002,10212.266666666666
P01,Airport Carpark,P018 - P01 Airport Carpark.xlsx,904,"Project Insurance, Fees & Levies",2011-06-01,3,26060.0,17953.640000000003,25538.8
P01,Airport Carpark,P018 - P01 Airport Carpark.xlsx,905,Small Tools,2011-06-01,3,1056.0,2503.936,2346.6666666666665
P01,Airport Carpark,P018 - P01 Airport Carpark.xlsx,907,Site Establishment,2011-06-01,3,13900.0,4334.780000000001,6950.0
P01,Airport Carpark,P018 - P01 Airport Carpark.xlsx,910,De-Establishment & Cleanup,2011-06-01,3,0.0,0.0,0.0
P01,Airport Carpark,P018 - P01 Airport Carpark.xlsx,95,Sewer Sub-contractors,2011-06-01,3,78602.58,62560.92,69868.96
P01,Airport Carpark,P018 - P01 Airport Carpark.xlsx,103,Water Sub-contractor,2011-07-01,4,4232.218105263157,2905.0,8041.214399999998
P01,Airport Carpark,P018 - P01 Airport Carpark.xlsx,11,Survey - Construction,2011-07-01,4,12595.744680851063,9071.75,7947.397260273973
P01,Airport Carpark,P018 - P01 Airport Carpark.xlsx,111,Install Conduits / pits / rag bolts,2011-07-01,4,65406.52255265614,34451.34,56532.270749029434
P01,Airport Carpark,P018 - P01 Airport Carpark.xlsx,112,Electrical Conduit Sub-contractor,2011-07-01,4,0.0,0.0,0.0
P01,Airport Carpark,P018 - P01 Airport Carpark.xlsx,113,Electrical Sub-contract works,2011-07-01,4,0.0,1705.425,0.0
P01,Airport Carpark,P018 - P01 Airport Carpark.xlsx,121,Landscaping Sub-contractors,2011-07-01,4,0.0,0.0,0.0
P01,Airport Carpark,P018 - P01 Airport Carpark.xlsx,13,QA Testing,2011-07-01,4,7475.0,5050.0,9717.5
P01,Airport Carpark,P018 - P01 Airport Carpark.xlsx,131,Fencing Sub-contractors,2011-07-01,4,0.0,0.0,0.0
P01,Airport Carpark,P018 - P01 Airport Carpark.xlsx,134,Hire of Temporary Fencing,2011-07-01,4,0.0,0.0,0.0
P01,Airport Carpark,P018 - P01 Airport Carpark.xlsx,141,Traffic Controllers,2011-07-01,4,3740.094915254237,0.0,0.0
P01,Airport Carpark,P018 - P01 Airport Carpark.xlsx,142,Hire of Control Devices,2011-07-01,4,10312.5,0.0,0.0
P01,Airport Carpark,P018 - P01 Airport Carpark.xlsx,15,Service Locations,2011-07-01,4,0.0,130.0,0.0
P01,Airport Carpark,P018 - P01 Airport Carpark.xlsx,151,Supply & Place Silt fences & protective devices,2011-07-01,4,19140.030780307803,177.255,19140.030780307803
P01,Airport Carpark,P018 - P01 Airport Carpark.xlsx,152,Supply & install safety devices,2011-07-01,4,12768.0,1931.2749999999999,7660.799999999999
P01,Airport Carpark,P018 - P01 Airport Carpark.xlsx,21,Clearing to Stockpile,2011-07-01,4,4482.0,11312.405000000002,4195.914893617021
P01,Airport Carpark,P018 - P01 Airport Carpark.xlsx,22,Disposal offsite - Clearing waste,2011-07-01,4,8832.0,0.0,8268.255319148937
P01,Airport Carpark,P018 - P01 Airport Carpark.xlsx,221,Day Works,2011-07-01,4,0.0,0.0,0.0
P01,Airport Carpark,P018 - P01 Airport Carpark.xlsx,23,Mulching,2011-07-01,4,7000.0,0.0,0.0
P01,Airport Carpark,P018 - P01 Airport Carpark.xlsx,31,Strip Topsoil to Stockpile,2011-07-01,4,9869.825,16303.484999999999,9003.750000000002
P01,Airport Carpark,P018 - P01 Airport Carpark.xlsx,32,Disposal offsite - topsoil,2011-07-01,4,353.025,0.0,0.0
P01,Airport Carpark,P018 - P01 Airport Carpark.xlsx,33,Re-spread topsoil,2011-07-01,4,0.0,0.0,0.0
P01,Airport Carpark,P018 - P01 Airport Carpark.xlsx,41,Demolition works,2011-07-01,4,14529.712508465678,8267.735,17435.655010158815
P01,Airport Carpark,P018 - P01 Airport Carpark.xlsx,51,Cut to Fill,2011-07-01,4,9873.603788631875,19971.644999999997,7757.83154821076
P01,Airport Carpark,P018 - P01 Airport Carpark.xlsx,52,Stockpile to Fill,2011-07-01,4,75904.18587933708,130649.97000000002,74639.11611468146
P01,Airport Carpark,P018 - P01 Airport Carpark.xlsx,53,Cut to Spoil,2011-07-01,4,24234.76486354776,317.56,0.0
P01,Airport Carpark,P018 - P01 Airport Carpark.xlsx,57,Remove & Replace unsuitable,2011-07-01,4,27999.423164154894,29372.455,19534.48127731737
P01,Airport Carpark,P018 - P01 Airport Carpark.xlsx,61,Subgrade Preparation,2011-07-01,4,25506.863421943177,4354.0599999999995,29587.961569454084
P01,Airport Carpark,P018 - P01 Airport Carpark.xlsx,62,Place & Compact Gravel,2011-07-01,4,20330.868339036046,17611.695000000003,7604.6298273091825
P01,Airport Carpark,P018 - P01 Airport Carpark.xlsx,63,Trim All Layers,2011-07-01,4,22160.0,21171.289999999994,20830.399999999998
P01,Airport Carpark,P018 - P01 Airport Carpark.xlsx,64,Sweep & Prime / Primer seal or Seal,2011-07-01,4,14371.813052229212,22054.747199999998,14489.61479855896
P01,Airport Carpark,P018 - P01 Airport Carpark.xlsx,65,Asphalt,2011-07-01,4,0.0,0.0,0.0
P01,Airport Carpark,P018 - P01 Airport Carpark.xlsx,66,Linemarking,2011-07-01,4,0.0,0.0,0.0
P01,Airport Carpark,P018 - P01 Airport Carpark.xlsx,67,Install Road Furniture,2011-07-01,4,0.0,0.0,0.0
P01,Airport Carpark,P018 - P01 Airport Carpark.xlsx,68,In-situ Stabilising,2011-07-01,4,0.0,0.0,0.0
P01,Airport Carpark,P018 - P01 Airport Carpark.xlsx,71,Place Kerb & Channel / Inverts,2011-07-01,4,2039.0785840879232,1995.7999999999997,1651.6536531112176
P01,Airport Carpark,P018 - P01 Airport Carpark.xlsx,73,Form & Place Footpath,2011-07-01,4,4966.280223533412,0.0,0.0
P01,Airport Carpark,P018 - P01 Airport Carpark.xlsx,81,> 450,2011-07-01,4,10313.807109644516,13194.42,7709.826106714465
P01,Airport Carpark,P018 - P01 Airport Carpark.xlsx,85,Install SW Pits & Chambers,2011-07-01,4,0.0,4000.0,3416.71875
P01,Airport Carpark,P018 - P01 Airport Carpark.xlsx,901,Project Management,2011-07-01,4,19861.833333333336,2340.5,25621.765
P01,Airport Carpark,P018 - P01 Airport Carpark.xlsx,902,Project Supervision,2011-07-01,4,26407.63125,45989.76999999998,21254.142
P01,Airport Carpark,P018 - P01 Airport Carpark.xlsx,903,Project Facilities,2011-07-01,4,21062.800000000003,6907.740000000002,12561.088000000002
P01,Airport Carpark,P018 - P01 Airport Carpark.xlsx,904,"Project Insurance, Fees & Levies",2011-07-01,4,26060.0,18142.960000000003,26060.0
P01,Airport Carpark,P018 - P01 Airport Carpark.xlsx,905,Small Tools,2011-07-01,4,2112.0,3037.006,2737.7777777777774
P01,Airport Carpark,P018 - P01 Airport Carpark.xlsx,907,Site Establishment,2011-07-01,4,13900.0,4334.780000000001,6950.0
P01,Airport Carpark,P018 - P01 Airport Carpark.xlsx,910,De-Establishment & Cleanup,2011-07-01,4,0.0,0.0,0.0
P01,Airport Carpark,P018 - P01 Airport Carpark.xlsx,95,Sewer Sub-contractors,2011-07-01,4,87336.2,63546.92,78602.58
P01,Airport Carpark,P018 - P01 Airport Carpark.xlsx,103,Water Sub-contractor,2011-08-01,5,24123.643199999995,8135.0,24123.643199999995
P01,Airport Carpark,P018 - P01 Airport Carpark.xlsx,11,Survey - Construction,2011-08-01,5,17634.042553191488,19878.3,17419.397260273974
P01,Airport Carpark,P018 - P01 Airport Carpark.xlsx,111,Install Conduits / pits / rag bolts,2011-08-01,5,65406.52255265614,34631.34,56532.270749029434
P01,Airport Carpark,P018 - P01 Airport Carpark.xlsx,112,Electrical Conduit Sub-contractor,2011-08-01,5,0.0,0.0,0.0
P01,Airport Carpark,P018 - P01 Airport Carpark.xlsx,113,Electrical Sub-contract works,2011-08-01,5,0.0,12625.425,10474.05
P01,Airport Carpark,P018 - P01 Airport Carpark.xlsx,121,Landscaping Sub-contractors,2011-08-01,5,0.0,0.0,0.0
P01,Airport Carpark,P018 - P01 Airport Carpark.xlsx,13,QA Testing,2011-08-01,5,11212.5,6850.0,13455.0
P01,Airport Carpark,P018 - P01 Airport Carpark.xlsx,131,Fencing Sub-contractors,2011-08-01,5,27444.361548064917,1680.35,1543.7453370786516
P01,Airport Carpark,P018 - P01 Airport Carpark.xlsx,134,Hire of Temporary Fencing,2011-08-01,5,0.0,0.0,0.0
P01,Airport Carpark,P018 - P01 Airport Carpark.xlsx,141,Traffic Controllers,2011-08-01,5,4986.793220338983,1485.6999999999998,903.3094736842105
P01,Airport Carpark,P018 - P01 Airport Carpark.xlsx,142,Hire of Control Devices,2011-08-01,5,14437.5,1454.11,8250.0
P01,Airport Carpark,P018 - P01 Airport Carpark.xlsx,15,Service Locations,2011-08-01,5,0.0,130.0,0.0
P01,Airport Carpark,P018 - P01 Airport Carpark.xlsx,151,Supply & Place Silt fences & protective devices,2011-08-01,5,19140.030780307803,177.255,19140.030780307803
P01,Airport Carpark,P018 - P01 Airport Carpark.xlsx,152,Supply & install safety devices,2011-08-01,5,12768.0,2805.915,12768.0
P01,Airport Carpark,P018 - P01 Airport Carpark.xlsx,21,Clearing to Stockpile,2011-08-01,5,4482.0,12095.585000000003,4482.0
P01,Airport Carpark,P018 - P01 Airport Carpark.xlsx,22,Disposal offsite - Clearing waste,2011-08-01,5,8832.0,0.0,8832.0
P01,Airport Carpark,P018 - P01 Airport Carpark.xlsx,221,Day Works,2011-08-01,5,0.0,0.0,0.0
P01,Airport Carpark,P018 - P01 Airport Carpark.xlsx,23,Mulching,2011-08-01,5,7000.0,0.0,7000.0
P01,Airport Carpark,P018 - P01 Airport Carpark.xlsx,31,Strip Topsoil to Stockpile,2011-08-01,5,9869.825,17446.664999999997,9869.825
P01,Airport Carpark,P018 - P01 Airport Carpark.xlsx,32,Disposal offsite - topsoil,2011-08-01,5,353.025,0.0,353.025
P01,Airport Carpark,P018 - P01 Airport Carpark.xlsx,33,Re-spread topsoil,2011-08-01,5,0.0,4051.7299999999996,1423.9999999999998
P01,Airport Carpark,P018 - P01 Airport Carpark.xlsx,41,Demolition works,2011-08-01,5,21794.568762698516,9050.675000000001,18888.626261005382
P01,Airport Carpark,P018 - P01 Airport Carpark.xlsx,51,Cut to Fill,2011-08-01,5,20085.73113573113,36896.174999999996,14810.405682947814
P01,Airport Carpark,P018 - P01 Airport Carpark.xlsx,52,Stockpile to Fill,2011-08-01,5,94981.43793034379,164870.9399999999,94981.43793034379
P01,Airport Carpark,P018 - P01 Airport Carpark.xlsx,53,Cut to Spoil,2011-08-01,5,33153.15833333333,3858.56,10420.948891325535
P01,Airport Carpark,P018 - P01 Airport Carpark.xlsx,57,Remove & Replace unsuitable,2011-08-01,5,27999.423164154894,40753.904999999984,27229.88299262421
P01,Airport Carpark,P018 - P01 Airport Carpark.xlsx,61,Subgrade Preparation,2011-08-01,5,44898.20126984126,6279.919999999998,42851.53054886454
P01,Airport Carpark,P018 - P01 Airport Carpark.xlsx,62,Place & Compact Gravel,2011-08-01,5,35579.019593313074,48779.539999999986,17785.731729314815
P01,Airport Carpark,P018 - P01 Airport Carpark.xlsx,63,Trim All Layers,2011-08-01,5,34471.11111111111,35928.424999999974,35332.88888888888
P01,Airport Carpark,P018 - P01 Airport Carpark.xlsx,64,Sweep & Prime / Primer seal or Seal,2011-08-01,5,38638.97279615723,58444.7472,38403.36930349773
P01,Airport Carpark,P018 - P01 Airport Carpark.xlsx,65,Asphalt,2011-08-01,5,200855.97516435356,0.0,0.0
P01,Airport Carpark,P018 - P01 Airport Carpark.xlsx,66,Linemarking,2011-08-01,5,6317.1686956521735,753.3900000000001,0.0
P01,Airport Carpark,P018 - P01 Airport Carpark.xlsx,67,Install Road Furniture,2011-08-01,5,4527.114583333335,0.0,0.0
P01,Airport Carpark,P018 - P01 Airport Carpark.xlsx,68,In-situ Stabilising,2011-08-01,5,0.0,0.0,35747.595
P01,Airport Carpark,P018 - P01 Airport Carpark.xlsx,71,Place Kerb & Channel / Inverts,2011-08-01,5,8156.314336351693,2580.2999999999997,1651.6536531112176
P01,Airport Carpark,P018 - P01 Airport Carpark.xlsx,73,Form & Place Footpath,2011-08-01,5,9932.560447066824,16041.175000000001,9435.932424713483
P01,Airport Carpark,P018 - P01 Airport Carpark.xlsx,81,> 450,2011-08-01,5,10313.807109644516,13464.42,7709.826106714465
P01,Airport Carpark,P018 - P01 Airport Carpark.xlsx,85,Install SW Pits & Chambers,2011-08-01,5,16400.25,13197.58,11389.0625
P01,Airport Carpark,P018 - P01 Airport Carpark.xlsx,901,Project Management,2011-08-01,5,26482.444444444445,2727.54,29792.75
P01,Airport Carpark,P018 - P01 Airport Carpark.xlsx,902,Project Supervision,2011-08-01,5,36010.40625,62865.11999999996,29064.398999999998
P01,Airport Carpark,P018 - P01 Airport Carpark.xlsx,903,Project Facilities,2011-08-01,5,28722.000000000004,10075.240000000003,18279.957333333332
P01,Airport Carpark,P018 - P01 Airport Carpark.xlsx,904,"Project Insurance, Fees & Levies",2011-08-01,5,26060.0,18188.800000000003,26060.0
P01,Airport Carpark,P018 - P01 Airport Carpark.xlsx,905,Small Tools,2011-08-01,5,3168.0,4319.696000000001,3989.333333333333
P01,Airport Carpark,P018 - P01 Airport Carpark.xlsx,907,Site Establishment,2011-08-01,5,13900.0,4594.780000000001,6950.0
P01,Airport Carpark,P018 - P01 Airport Carpark.xlsx,910,De-Establishment & Cleanup,2011-08-01,5,0.0,0.0,0.0
P01,Airport Carpark,P018 - P01 Airport Carpark.xlsx,95,Sewer Sub-contractors,2011-08-01,5,87336.2,65136.92,82096.02799999999
P01,Airport Carpark,P018 - P01 Airport Carpark.xlsx,103,Water Sub-contractor,2011-09-01,6,24123.643199999995,8135.0,24123.643199999995
P01,Airport Carpark,P018 - P01 Airport Carpark.xlsx,11,Survey - Construction,2011-09-01,6,22672.340425531915,20668.8,18116.821917808218
P01,Airport Carpark,P018 - P01 Airport Carpark.xlsx,111,Install Conduits / pits / rag bolts,2011-09-01,6,65406.52255265614,37173.59,61133.73464720625
P01,Airport Carpark,P018 - P01 Airport Carpark.xlsx,112,Electrical Conduit Sub-contractor,2011-09-01,6,0.0,0.0,0.0
P01,Airport Carpark,P018 - P01 Airport Carpark.xlsx,113,Electrical Sub-contract works,2011-09-01,6,69827.0,29136.824999999997,24439.449999999997
P01,Airport Carpark,P018 - P01 Airport Carpark.xlsx,121,Landscaping Sub-contractors,2011-09-01,6,0.0,0.0,0.0
P01,Airport Carpark,P018 - P01 Airport Carpark.xlsx,13,QA Testing,2011-09-01,6,14950.0,7650.0,14950.0
P01,Airport Carpark,P018 - P01 Airport Carpark.xlsx,131,Fencing Sub-contractors,2011-09-01,6,27444.361548064917,1680.35,1543.7453370786516
P01,Airport Carpark,P018 - P01 Airport Carpark.xlsx,134,Hire of Temporary Fencing,2011-09-01,6,0.0,0.0,0.0
P01,Airport Carpark,P018 - P01 Airport Carpark.xlsx,141,Traffic Controllers,2011-09-01,6,9194.4,4892.0,3032.5389473684213
P01,Airport Carpark,P018 - P01 Airport Carpark.xlsx,142,Hire of Control Devices,2011-09-01,6,16500.0,1454.11,8250.0
P01,Airport Carpark,P018 - P01 Airport Carpark.xlsx,15,Service Locations,2011-09-01,6,0.0,910.0,0.0
P01,Airport Carpark,P018 - P01 Airport Carpark.xlsx,151,Supply & Place Silt fences & protective devices,2011-09-01,6,19140.030780307803,177.255,19140.030780307803
P01,Airport Carpark,P018 - P01 Airport Carpark.xlsx,152,Supply & install safety devices,2011-09-01,6,12768.0,2805.915,12768.0
P01,Airport Carpark,P018 - P01 Airport Carpark.xlsx,21,Clearing to Stockpile,2011-09-01,6,4482.0,12095.585000000003,4482.0
P01,Airport Carpark,P018 - P01 Airport Carpark.xlsx,22,Disposal offsite - Clearing waste,2011-09-01,6,8832.0,0.0,8832.0
P01,Airport Carpark,P018 - P01 Airport Carpark.xlsx,221,Day Works,2011-09-01,6,0.0,0.0,0.0
P01,Airport Carpark,P018 - P01 Airport Carpark.xlsx,23,Mulching,2011-09-01,6,7000.0,0.0,7000.0
P01,Airport Carpark,P018 - P01 Airport Carpark.xlsx,31,Strip Topsoil to Stockpile,2011-09-01,6,9869.825,17446.664999999997,9869.825
P01,Airport Carpark,P018 - P01 Airport Carpark.xlsx,32,Disposal offsite - topsoil,2011-09-01,6,353.025,0.0,353.025
P01,Airport Carpark,P018 - P01 Airport Carpark.xlsx,33,Re-spread topsoil,2011-09-01,6,5539.36,12235.91,4628.0
P01,Airport Carpark,P018 - P01 Airport Carpark.xlsx,41,Demolition works,2011-09-01,6,29059.425016931356,13910.675000000001,29059.425016931356
P01,Airport Carpark,P018 - P01 Airport Carpark.xlsx,51,Cut to Fill,2011-09-01,6,20085.73113573113,49136.34899999999,20085.73113573113
P01,Airport Carpark,P018 - P01 Airport Carpark.xlsx,52,Stockpile to Fill,2011-09-01,6,94981.43793034379,164870.9399999999,94981.43793034379
P01,Airport Carpark,P018 - P01 Airport Carpark.xlsx,53,Cut to Spoil,2011-09-01,6,33153.15833333333,11630.28,33153.15833333333
P01,Airport Carpark,P018 - P01 Airport Carpark.xlsx,57,Remove & Replace unsuitable,2011-09-01,6,27999.423164154894,41783.65999999998,27999.423164154894
P01,Airport Carpark,P018 - P01 Airport Carpark.xlsx,61,Subgrade Preparation,2011-09-01,6,44898.20126984126,6722.7199999999975,44898.20126984126
P01,Airport Carpark,P018 - P01 Airport Carpark.xlsx,62,Place & Compact Gravel,2011-09-01,6,40636.323092648294,84713.12499999999,37435.919034050996
P01,Airport Carpark,P018 - P01 Airport Carpark.xlsx,63,Trim All Layers,2011-09-01,6,45346.746666666666,45939.65499999997,45346.746666666666
P01,Airport Carpark,P018 - P01 Airport Carpark.xlsx,64,Sweep & Prime / Primer seal or Seal,2011-09-01,6,69649.1045,105957.8072,69649.1045
P01,Airport Carpark,P018 - P01 Airport Carpark.xlsx,65,Asphalt,2011-09-01,6,392816.9,315.12,156695.7696708464
P01,Airport Carpark,P018 - P01 Airport Carpark.xlsx,66,Linemarking,2011-09-01,6,12634.337391304347,753.3900000000001,0.0
P01,Airport Carpark,P018 - P01 Airport Carpark.xlsx,67,Install Road Furniture,2011-09-01,6,16715.500000000004,713.5,3482.3958333333344
P01,Airport Carpark,P018 - P01 Airport Carpark.xlsx,68,In-situ Stabilising,2011-09-01,6,0.0,0.0,38497.409999999996
P01,Airport Carpark,P018 - P01 Airport Carpark.xlsx,71,Place Kerb & Channel / Inverts,2011-09-01,6,32033.924556021273,3724.5,3058.6178761318843
P01,Airport Carpark,P018 - P01 Airport Carpark.xlsx,73,Form & Place Footpath,2011-09-01,6,9932.560447066824,18009.800000000007,10627.839678361503
P01,Airport Carpark,P018 - P01 Airport Carpark.xlsx,81,> 450,2011-09-01,6,10313.807109644516,17494.82,10313.807109644516
P01,Airport Carpark,P018 - P01 Airport Carpark.xlsx,85,Install SW Pits & Chambers,2011-09-01,6,21867.0,24799.29,21411.4375
P01,Airport Carpark,P018 - P01 Airport Carpark.xlsx,901,Project Management,2011-09-01,6,29792.75,2727.54,29792.75
P01,Airport Carpark,P018 - P01 Airport Carpark.xlsx,902,Project Supervision,2011-09-01,6,38411.1,78771.03500000002,36362.508
P01,Airport Carpark,P018 - P01 Airport Carpark.xlsx,903,Project Facilities,2011-09-01,6,30636.800000000003,10310.440000000004,18688.448
P01,Airport Carpark,P018 - P01 Airport Carpark.xlsx,904,"Project Insurance, Fees & Levies",2011-09-01,6,26060.0,18188.800000000003,26060.0
P01,Airport Carpark,P018 - P01 Airport Carpark.xlsx,905,Small Tools,2011-09-01,6,4224.0,4374.156000000001,3911.111111111111
P01,Airport Carpark,P018 - P01 Airport Carpark.xlsx,907,Site Establishment,2011-09-01,6,13900.0,4594.780000000001,6950.0
P01,Airport Carpark,P018 - P01 Airport Carpark.xlsx,910,De-Establishment & Cleanup,2011-09-01,6,0.0,0.0,0.0
P01,Airport Carpark,P018 - P01 Airport Carpark.xlsx,95,Sewer Sub-contractors,2011-09-01,6,174672.4,138951.91999999998,172925.676
P01,Airport Carpark,P018 - P01 Airport Carpark.xlsx,103,Water Sub-contractor,2011-10-01,7,24123.643199999995,8135.0,24123.643199999995
P01,Airport Carpark,P018 - P01 Airport Carpark.xlsx,11,Survey - Construction,2011-10-01,7,22672.340425531915,24220.2,24220.0
P01,Airport Carpark,P018 - P01 Airport Carpark.xlsx,111,Install Conduits / pits / rag bolts,2011-10-01,7,65406.52255265614,39337.68999999998,65406.52255265615
P01,Airport Carpark,P018 - P01 Airport Carpark.xlsx,112,Electrical Conduit Sub-contractor,2011-10-01,7,0.0,0.0,0.0
P01,Airport Carpark,P018 - P01 Airport Carpark.xlsx,113,Electrical Sub-contract works,2011-10-01,7,69827.0,84469.435,69827.0
P01,Airport Carpark,P018 - P01 Airport Carpark.xlsx,121,Landscaping Sub-contractors,2011-10-01,7,0.0,0.0,0.0
P01,Airport Carpark,P018 - P01 Airport Carpark.xlsx,13,QA Testing,2011-10-01,7,14950.0,7650.0,14950.0
P01,Airport Carpark,P018 - P01 Airport Carpark.xlsx,131,Fencing Sub-contractors,2011-10-01,7,54957.333999999995,1963.53,1818.1889525593006
P01,Airport Carpark,P018 - P01 Airport Carpark.xlsx,134,Hire of Temporary Fencing,2011-10-01,7,0.0,0.0,0.0
P01,Airport Carpark,P018 - P01 Airport Carpark.xlsx,141,Traffic Controllers,2011-10-01,7,9194.4,6323.675000000001,3871.3263157894735
P01,Airport Carpark,P018 - P01 Airport Carpark.xlsx,142,Hire of Control Devices,2011-10-01,7,16500.0,4339.41,16500.0
P01,Airport Carpark,P018 - P01 Airport Carpark.xlsx,15,Service Locations,2011-10-01,7,0.0,1105.0,0.0
P01,Airport Carpark,P018 - P01 Airport Carpark.xlsx,151,Supply & Place Silt fences & protective devices,2011-10-01,7,19140.030780307803,177.255,19140.030780307803
P01,Airport Carpark,P018 - P01 Airport Carpark.xlsx,152,Supply & install safety devices,2011-10-01,7,12768.0,2805.915,12768.0
P01,Airport Carpark,P018 - P01 Airport Carpark.xlsx,21,Clearing to Stockpile,2011-10-01,7,4482.0,12095.585000000003,4482.0
P01,Airport Carpark,P018 - P01 Airport Carpark.xlsx,22,Disposal offsite - Clearing waste,2011-10-01,7,8832.0,0.0,8832.0
P01,Airport Carpark,P018 - P01 Airport Carpark.xlsx,221,Day Works,2011-10-01,7,0.0,0.0,0.0
P01,Airport Carpark,P018 - P01 Airport Carpark.xlsx,23,Mulching,2011-10-01,7,7000.0,0.0,7000.0
P01,Airport Carpark,P018 - P01 Airport Carpark.xlsx,31,Strip Topsoil to Stockpile,2011-10-01,7,9869.825,17446.664999999997,9869.825
P01,Airport Carpark,P018 - P01 Airport Carpark.xlsx,32,Disposal offsite - topsoil,2011-10-01,7,353.025,0.0,353.025
P01,Airport Carpark,P018 - P01 Airport Carpark.xlsx,33,Re-spread topsoil,2011-10-01,7,5539.36,14500.110000000004,5539.36
P01,Airport Carpark,P018 - P01 Airport Carpark.xlsx,41,Demolition works,2011-10-01,7,29059.425016931356,13910.675000000001,29059.425016931356
P01,Airport Carpark,P018 - P01 Airport Carpark.xlsx,51,Cut to Fill,2011-10-01,7,20085.73113573113,49136.34899999999,20085.73113573113
P01,Airport Carpark,P018 - P01 Airport Carpark.xlsx,52,Stockpile to Fill,2011-10-01,7,94981.43793034379,164870.9399999999,94981.43793034379
P01,Airport Carpark,P018 - P01 Airport Carpark.xlsx,53,Cut to Spoil,2011-10-01,7,33153.15833333333,11630.28,33153.15833333333
P01,Airport Carpark,P018 - P01 Airport Carpark.xlsx,57,Remove & Replace unsuitable,2011-10-01,7,27999.423164154894,41783.65999999998,27999.423164154894
P01,Airport Carpark,P018 - P01 Airport Carpark.xlsx,61,Subgrade Preparation,2011-10-01,7,44898.20126984126,6722.7199999999975,44898.20126984126
P01,Airport Carpark,P018 - P01 Airport Carpark.xlsx,62,Place & Compact Gravel,2011-10-01,7,40636.323092648294,91849.12499999999,40636.323092648294
P01,Airport Carpark,P018 - P01 Airport Carpark.xlsx,63,Trim All Layers,2011-10-01,7,45346.746666666666,45939.65499999997,45346.746666666666
P01,Airport Carpark,P018 - P01 Airport Carpark.xlsx,64,Sweep & Prime / Primer seal or Seal,2011-10-01,7,69649.1045,105957.8072,69649.1045
P01,Airport Carpark,P018 - P01 Airport Carpark.xlsx,65,Asphalt,2011-10-01,7,392816.9,185012.62,392816.9000000001
P01,Airport Carpark,P018 - P01 Airport Carpark.xlsx,66,Linemarking,2011-10-01,7,12634.337391304347,753.3900000000001,0.0
P01,Airport Carpark,P018 - P01 Airport Carpark.xlsx,67,Install Road Furniture,2011-10-01,7,16715.500000000004,713.5,3482.3958333333344
P01,Airport Carpark,P018 - P01 Airport Carpark.xlsx,68,In-situ Stabilising,2011-10-01,7,42787.121399999996,0.0,0.0
P01,Airport Carpark,P018 - P01 Airport Carpark.xlsx,71,Place Kerb & Channel / Inverts,2011-10-01,7,30932.822120613797,5024.5,4078.157168175846
P01,Airport Carpark,P018 - P01 Airport Carpark.xlsx,73,Form & Place Footpath,2011-10-01,7,19964.446498604317,31516.90000000001,18673.21364048563
P01,Airport Carpark,P018 - P01 Airport Carpark.xlsx,81,> 450,2011-10-01,7,10313.807109644516,17494.82,10313.807109644516
P01,Airport Carpark,P018 - P01 Airport Carpark.xlsx,85,Install SW Pits & Chambers,2011-10-01,7,21867.0,25120.690000000002,21867.0
P01,Airport Carpark,P018 - P01 Airport Carpark.xlsx,901,Project Management,2011-10-01,7,29792.75,2727.54,29792.75
P01,Airport Carpark,P018 - P01 Airport Carpark.xlsx,902,Project Supervision,2011-10-01,7,38411.1,81894.77000000003,37770.91499999999
P01,Airport Carpark,P018 - P01 Airport Carpark.xlsx,903,Project Facilities,2011-10-01,7,30636.800000000003,15568.750000000005,28287.97866666667
P01,Airport Carpark,P018 - P01 Airport Carpark.xlsx,904,"Project Insurance, Fees & Levies",2011-10-01,7,26060.0,18188.800000000003,26060.0
P01,Airport Carpark,P018 - P01 Airport Carpark.xlsx,905,Small Tools,2011-10-01,7,4224.0,4428.606000000001,3911.111111111111
P01,Airport Carpark,P018 - P01 Airport Carpark.xlsx,907,Site Establishment,2011-10-01,7,13900.0,8228.360000000002,13900.0
P01,Airport Carpark,P018 - P01 Airport Carpark.xlsx,910,De-Establishment & Cleanup,2011-10-01,7,16740.0,350.0,0.0
P01,Airport Carpark,P018 - P01 Airport Carpark.xlsx,95,Sewer Sub-contractors,2011-10-01,7,174672.4,139556.12000000005,174672.4
P01,Airport Carpark,P018 - P01 Airport Carpark.xlsx,103,Water Sub-contractor,2011-11-01,8,24123.643199999995,8325.0,24123.643199999995
P01,Airport Carpark,P018 - P01 Airport Carpark.xlsx,11,Survey - Construction,2011-11-01,8,23680.0,28430.2,23680.0
P01,Airport Carpark,P018 - P01 Airport Carpark.xlsx,111,Install Conduits / pits / rag bolts,2011-11-01,8,65406.52255265614,40668.48999999998,65406.52255265615
P01,Airport Carpark,P018 - P01 Airport Carpark.xlsx,112,Electrical Conduit Sub-contractor,2011-11-01,8,0.0,150.0,0.0
P01,Airport Carpark,P018 - P01 Airport Carpark.xlsx,113,Electrical Sub-contract works,2011-11-01,8,69827.0,84469.435,69827.0
P01,Airport Carpark,P018 - P01 Airport Carpark.xlsx,121,Landscaping Sub-contractors,2011-11-01,8,0.0,7800.0,0.0
P01,Airport Carpark,P018 - P01 Airport Carpark.xlsx,13,QA Testing,2011-11-01,8,14950.0,7650.0,14950.0
P01,Airport Carpark,P018 - P01 Airport Carpark.xlsx,131,Fencing Sub-contractors,2011-11-01,8,54957.333999999995,63042.17,54957.333999999995
P01,Airport Carpark,P018 - P01 Airport Carpark.xlsx,134,Hire of Temporary Fencing,2011-11-01,8,0.0,708.3,0.0
P01,Airport Carpark,P018 - P01 Airport Carpark.xlsx,141,Traffic Controllers,2011-11-01,8,9194.4,14798.475,9194.4
P01,Airport Carpark,P018 - P01 Airport Carpark.xlsx,142,Hire of Control Devices,2011-11-01,8,16500.0,4339.41,16500.0
P01,Airport Carpark,P018 - P01 Airport Carpark.xlsx,15,Service Locations,2011-11-01,8,0.0,1105.0,0.0
P01,Airport Carpark,P018 - P01 Airport Carpark.xlsx,151,Supply & Place Silt fences & protective devices,2011-11-01,8,19140.030780307803,177.255,19140.030780307803
P01,Airport Carpark,P018 - P01 Airport Carpark.xlsx,152,Supply & install safety devices,2011-11-01,8,12768.0,2805.915,12768.0
P01,Airport Carpark,P018 - P01 Airport Carpark.xlsx,21,Clearing to Stockpile,2011-11-01,8,4482.0,12095.585000000003,4482.0
P01,Airport Carpark,P018 - P01 Airport Carpark.xlsx,22,Disposal offsite - Clearing waste,2011-11-01,8,8832.0,0.0,8832.0
P01,Airport Carpark,P018 - P01 Airport Carpark.xlsx,221,Day Works,2011-11-01,8,325.24,491.47,325.24
P01,Airport Carpark,P018 - P01 Airport Carpark.xlsx,23,Mulching,2011-11-01,8,7000.0,0.0,7000.0
P01,Airport Carpark,P018 - P01 Airport Carpark.xlsx,31,Strip Topsoil to Stockpile,2011-11-01,8,9869.825,17446.664999999997,9869.825
P01,Airport Carpark,P018 - P01 Airport Carpark.xlsx,32,Disposal offsite - topsoil,2011-11-01,8,353.025,0.0,353.025
P01,Airport Carpark,P018 - P01 Airport Carpark.xlsx,33,Re-spread topsoil,2011-11-01,8,5539.36,14500.110000000004,5539.36
P01,Airport Carpark,P018 - P01 Airport Carpark.xlsx,41,Demolition works,2011-11-01,8,29059.425016931356,13910.675000000001,29059.425016931356
P01,Airport Carpark,P018 - P01 Airport Carpark.xlsx,51,Cut to Fill,2011-11-01,8,20085.73113573113,49136.34899999999,20085.73113573113
P01,Airport Carpark,P018 - P01 Airport Carpark.xlsx,52,Stockpile to Fill,2011-11-01,8,94981.43793034379,164870.9399999999,94981.43793034379
P01,Airport Carpark,P018 - P01 Airport Carpark.xlsx,53,Cut to Spoil,2011-11-01,8,33153.15833333333,11630.28,33153.15833333333
P01,Airport Carpark,P018 - P01 Airport Carpark.xlsx,57,Remove & Replace unsuitable,2011-11-01,8,27999.423164154894,41783.65999999998,27999.423164154894
P01,Airport Carpark,P018 - P01 Airport Carpark.xlsx,61,Subgrade Preparation,2011-11-01,8,44898.20126984126,6722.7199999999975,44898.20126984126
P01,Airport Carpark,P018 - P01 Airport Carpark.xlsx,62,Place & Compact Gravel,2011-11-01,8,40636.323092648294,91849.12499999999,40636.323092648294
P01,Airport Carpark,P018 - P01 Airport Carpark.xlsx,63,Trim All Layers,2011-11-01,8,45346.746666666666,45939.65499999997,45346.746666666666
P01,Airport Carpark,P018 - P01 Airport Carpark.xlsx,64,Sweep & Prime / Primer seal or Seal,2011-11-01,8,69649.1045,105957.8072,69649.1045
P01,Airport Carpark,P018 - P01 Airport Carpark.xlsx,65,Asphalt,2011-11-01,8,392816.9,185012.62,392816.9000000001
P01,Airport Carpark,P018 - P01 Airport Carpark.xlsx,66,Linemarking,2011-11-01,8,12634.337391304347,11724.39,12634.337391304347
P01,Airport Carpark,P018 - P01 Airport Carpark.xlsx,67,Install Road Furniture,2011-11-01,8,16715.500000000004,2865.175,16715.500000000004
P01,Airport Carpark,P018 - P01 Airport Carpark.xlsx,68,In-situ Stabilising,2011-11-01,8,42787.121399999996,868.4,42787.121399999996
P01,Airport Carpark,P018 - P01 Airport Carpark.xlsx,71,Place Kerb & Channel / Inverts,2011-11-01,8,30932.822120613797,37066.600000000006,30932.822120613793
P01,Airport Carpark,P018 - P01 Airport Carpark.xlsx,73,Form & Place Footpath,2011-11-01,8,19964.446498604317,33676.90000000001,19964.446498604317
P01,Airport Carpark,P018 - P01 Airport Carpark.xlsx,81,> 450,2011-11-01,8,10313.807109644516,17494.82,10313.807109644516
P01,Airport Carpark,P018 - P01 Airport Carpark.xlsx,85,Install SW Pits & Chambers,2011-11-01,8,21867.0,25120.690000000002,21867.0
P01,Airport Carpark,P018 - P01 Airport Carpark.xlsx,901,Project Management,2011-11-01,8,29792.75,2727.54,29792.75
P01,Airport Carpark,P018 - P01 Airport Carpark.xlsx,902,Project Supervision,2011-11-01,8,38411.1,84084.97500000002,38411.1
P01,Airport Carpark,P018 - P01 Airport Carpark.xlsx,903,Project Facilities,2011-11-01,8,30636.800000000003,16883.860000000004,30636.800000000003
P01,Airport Carpark,P018 - P01 Airport Carpark.xlsx,904,"Project Insurance, Fees & Levies",2011-11-01,8,26060.0,18188.800000000003,26060.0
P01,Airport Carpark,P018 - P01 Airport Carpark.xlsx,905,Small Tools,2011-11-01,8,4224.0,4558.836000000001,4224.0
P01,Airport Carpark,P018 - P01 Airport Carpark.xlsx,907,Site Establishment,2011-11-01,8,13900.0,8728.360000000002,13900.0
P01,Airport Carpark,P018 - P01 Airport Carpark.xlsx,910,De-Establishment & Cleanup,2011-11-01,8,16740.0,3874.9,16740.0
P01,Airport Carpark,P018 - P01 Airport Carpark.xlsx,95,Sewer Sub-contractors,2011-11-01,8,174672.4,145242.12000000005,174672.4
P02,Landfill Cell,P019 - P02 Landfill Cell.xlsx,11,Survey - Construction,2011-04-01,1,3700.0,2954.4,3161.165048543689
P02,Landfill Cell,P019 - P02 Landfill Cell.xlsx,13,QA Testing,2011-04-01,1,0.0,0.0,0.0
P02,Landfill Cell,P019 - P02 Landfill Cell.xlsx,131,Fencing Sub-contractors,2011-04-01,1,0.0,0.0,0.0
P02,Landfill Cell,P019 - P02 Landfill Cell.xlsx,151,Supply & Place Silt fences & protective devices,2011-04-01,1,14238.9998,0.0,0.0
P02,Landfill Cell,P019 - P02 Landfill Cell.xlsx,161,Supply & Place A64 Protection Geotextile,2011-04-01,1,0.0,0.0,0.0
P02,Landfill Cell,P019 - P02 Landfill Cell.xlsx,162,Supply & Place A24 Separation Geotextile,2011-04-01,1,0.0,0.0,0.0
P02,Landfill Cell,P019 - P02 Landfill Cell.xlsx,191,Dayworks,2011-04-01,1,0.0,0.0,0.0
P02,Landfill Cell,P019 - P02 Landfill Cell.xlsx,221,Construct Spillway,2011-04-01,1,0.0,0.0,0.0
P02,Landfill Cell,P019 - P02 Landfill Cell.xlsx,222,Supply & Install HDPE Liner,2011-04-01,1,0.0,0.0,0.0
P02,Landfill Cell,P019 - P02 Landfill Cell.xlsx,223,Supply & Place GCL Liner,2011-04-01,1,0.0,0.0,0.0
P02,Landfill Cell,P019 - P02 Landfill Cell.xlsx,224,Place Drainage Gravel,2011-04-01,1,0.0,0.0,0.0
P02,Landfill Cell,P019 - P02 Landfill Cell.xlsx,31,Strip Topsoil to Stockpile,2011-04-01,1,20012.000000000004,8287.17,20012.000000000004
P02,Landfill Cell,P019 - P02 Landfill Cell.xlsx,51,Cut to Fill,2011-04-01,1,0.0,34066.53999999999,14961.871013313801
P02,Landfill Cell,P019 - P02 Landfill Cell.xlsx,510,High Energy Compaction,2011-04-01,1,0.0,0.0,0.0
P02,Landfill Cell,P019 - P02 Landfill Cell.xlsx,59,"Trim unpaved areas - footpaths, batters, drains etc",2011-04-01,1,15987.163202463431,6900.0,7993.5816012317155
P02,Landfill Cell,P019 - P02 Landfill Cell.xlsx,62,Place & Compact Gravel,2011-04-01,1,0.0,0.0,0.0
P02,Landfill Cell,P019 - P02 Landfill Cell.xlsx,901,Project Management,2011-04-01,1,6319.444444444444,954.33,18200.0
P02,Landfill Cell,P019 - P02 Landfill Cell.xlsx,902,Project Supervision,2011-04-01,1,10050.0,8554.759999999998,8291.25
P02,Landfill Cell,P019 - P02 Landfill Cell.xlsx,903,Project Facilities,2011-04-01,1,3750.0,2875.04,3375.0
P02,Landfill Cell,P019 - P02 Landfill Cell.xlsx,904,"Project Insurance, Fees & Levies",2011-04-01,1,18632.8125,4736.04,22359.375
P02,Landfill Cell,P019 - P02 Landfill Cell.xlsx,905,Small Tools,2011-04-01,1,1456.0,68.4,58.24
P02,Landfill Cell,P019 - P02 Landfill Cell.xlsx,907,Site Establishment,2011-04-01,1,4748.75,8330.655,4748.75
P02,Landfill Cell,P019 - P02 Landfill Cell.xlsx,91,InstallLeachate Pipes,2011-04-01,1,0.0,0.0,0.0
P02,Landfill Cell,P019 - P02 Landfill Cell.xlsx,910,Site de-Establishment,2011-04-01,1,0.0,0.0,0.0
P02,Landfill Cell,P019 - P02 Landfill Cell.xlsx,911,Accommodation,2011-04-01,1,3000.0,1040.0,3000.0
P02,Landfill Cell,P019 - P02 Landfill Cell.xlsx,11,Survey - Construction,2011-05-01,2,7400.0,11016.8,11755.582524271844
P02,Landfill Cell,P019 - P02 Landfill Cell.xlsx,13,QA Testing,2011-05-01,2,2730.0,7389.85,3549.0
P02,Landfill Cell,P019 - P02 Landfill Cell.xlsx,131,Fencing Sub-contractors,2011-05-01,2,0.0,0.0,0.0
P02,Landfill Cell,P019 - P02 Landfill Cell.xlsx,151,Supply & Place Silt fences & protective devices,2011-05-01,2,14238.9998,0.0,14238.9998
P02,Landfill Cell,P019 - P02 Landfill Cell.xlsx,161,Supply & Place A64 Protection Geotextile,2011-05-01,2,23874.33837659021,0.0,0.0
P02,Landfill Cell,P019 - P02 Landfill Cell.xlsx,162,Supply & Place A24 Separation Geotextile,2011-05-01,2,0.0,0.0,0.0
P02,Landfill Cell,P019 - P02 Landfill Cell.xlsx,191,Dayworks,2011-05-01,2,0.0,0.0,0.0
P02,Landfill Cell,P019 - P02 Landfill Cell.xlsx,221,Construct Spillway,2011-05-01,2,0.0,0.0,0.0
P02,Landfill Cell,P019 - P02 Landfill Cell.xlsx,222,Supply & Install HDPE Liner,2011-05-01,2,0.0,30608.2,34586.25882352941
P02,Landfill Cell,P019 - P02 Landfill Cell.xlsx,223,Supply & Place GCL Liner,2011-05-01,2,0.0,0.0,0.0
P02,Landfill Cell,P019 - P02 Landfill Cell.xlsx,224,Place Drainage Gravel,2011-05-01,2,10245.011512427875,0.0,0.0
P02,Landfill Cell,P019 - P02 Landfill Cell.xlsx,31,Strip Topsoil to Stockpile,2011-05-01,2,20012.000000000004,8287.17,20012.000000000004
P02,Landfill Cell,P019 - P02 Landfill Cell.xlsx,51,Cut to Fill,2011-05-01,2,170992.81158072915,169440.32500000007,133588.13404744465
P02,Landfill Cell,P019 - P02 Landfill Cell.xlsx,510,High Energy Compaction,2011-05-01,2,28424.12,25880.0,28424.12
P02,Landfill Cell,P019 - P02 Landfill Cell.xlsx,59,"Trim unpaved areas - footpaths, batters, drains etc",2011-05-01,2,71942.23441108543,62115.0,79136.45785219398
P02,Landfill Cell,P019 - P02 Landfill Cell.xlsx,62,Place & Compact Gravel,2011-05-01,2,0.0,0.0,0.0
P02,Landfill Cell,P019 - P02 Landfill Cell.xlsx,901,Project Management,2011-05-01,2,12638.888888888889,954.33,18200.0
P02,Landfill Cell,P019 - P02 Landfill Cell.xlsx,902,Project Supervision,2011-05-01,2,20100.0,22594.224999999995,22110.0
P02,Landfill Cell,P019 - P02 Landfill Cell.xlsx,903,Project Facilities,2011-05-01,2,7500.0,8006.04,9281.25
P02,Landfill Cell,P019 - P02 Landfill Cell.xlsx,904,"Project Insurance, Fees & Levies",2011-05-01,2,24843.75,4736.04,22359.375
P02,Landfill Cell,P019 - P02 Landfill Cell.xlsx,905,Small Tools,2011-05-01,2,4368.0,349.82000000000005,349.44
P02,Landfill Cell,P019 - P02 Landfill Cell.xlsx,907,Site Establishment,2011-05-01,2,18995.0,23383.374999999996,17095.5
P02,Landfill Cell,P019 - P02 Landfill Cell.xlsx,91,InstallLeachate Pipes,2011-05-01,2,0.0,0.0,0.0
P02,Landfill Cell,P019 - P02 Landfill Cell.xlsx,910,Site de-Establishment,2011-05-01,2,0.0,0.0,0.0
P02,Landfill Cell,P019 - P02 Landfill Cell.xlsx,911,Accommodation,2011-05-01,2,6000.0,3191.24,6000.0
P02,Landfill Cell,P019 - P02 Landfill Cell.xlsx,11,Survey - Construction,2011-06-01,3,12950.0,16842.3,17979.126213592233
P02,Landfill Cell,P019 - P02 Landfill Cell.xlsx,13,QA Testing,2011-06-01,3,5460.0,7389.85,3549.0
P02,Landfill Cell,P019 - P02 Landfill Cell.xlsx,131,Fencing Sub-contractors,2011-06-01,3,2970.0,18430.0,2970.0
P02,Landfill Cell,P019 - P02 Landfill Cell.xlsx,151,Supply & Place Silt fences & protective devices,2011-06-01,3,14238.9998,0.0,14238.9998
P02,Landfill Cell,P019 - P02 Landfill Cell.xlsx,161,Supply & Place A64 Protection Geotextile,2011-06-01,3,50804.592065383964,38097.0,39949.726216827614
P02,Landfill Cell,P019 - P02 Landfill Cell.xlsx,162,Supply & Place A24 Separation Geotextile,2011-06-01,3,27502.99206538396,16222.5,27502.99206538396
P02,Landfill Cell,P019 - P02 Landfill Cell.xlsx,191,Dayworks,2011-06-01,3,0.0,7230.0,0.0
P02,Landfill Cell,P019 - P02 Landfill Cell.xlsx,221,Construct Spillway,2011-06-01,3,1512.5045045045044,1180.15,1512.5045045045044
P02,Landfill Cell,P019 - P02 Landfill Cell.xlsx,222,Supply & Install HDPE Liner,2011-06-01,3,40831.0,36108.2,40831.0
P02,Landfill Cell,P019 - P02 Landfill Cell.xlsx,223,Supply & Place GCL Liner,2011-06-01,3,140573.156809613,28403.759999999995,27036.653810013664
P02,Landfill Cell,P019 - P02 Landfill Cell.xlsx,224,Place Drainage Gravel,2011-06-01,3,30776.014583333334,6132.0,18495.201071714742
P02,Landfill Cell,P019 - P02 Landfill Cell.xlsx,31,Strip Topsoil to Stockpile,2011-06-01,3,20012.000000000004,8287.17,20012.000000000004
P02,Landfill Cell,P019 - P02 Landfill Cell.xlsx,51,Cut to Fill,2011-06-01,3,244936.5155386707,292965.585,244936.5155386707
P02,Landfill Cell,P019 - P02 Landfill Cell.xlsx,510,High Energy Compaction,2011-06-01,3,28424.12,25880.0,28424.12
P02,Landfill Cell,P019 - P02 Landfill Cell.xlsx,59,"Trim unpaved areas - footpaths, batters, drains etc",2011-06-01,3,138448.8333333333,99312.8,131894.0964203233
P02,Landfill Cell,P019 - P02 Landfill Cell.xlsx,62,Place & Compact Gravel,2011-06-01,3,6320.128399358004,3632.5,6320.128399358004
P02,Landfill Cell,P019 - P02 Landfill Cell.xlsx,901,Project Management,2011-06-01,3,22750.0,1359.33,45500.0
P02,Landfill Cell,P019 - P02 Landfill Cell.xlsx,902,Project Supervision,2011-06-01,3,40200.0,37978.994999999995,36431.25
P02,Landfill Cell,P019 - P02 Landfill Cell.xlsx,903,Project Facilities,2011-06-01,3,15000.0,11155.56,12937.5
P02,Landfill Cell,P019 - P02 Landfill Cell.xlsx,904,"Project Insurance, Fees & Levies",2011-06-01,3,24843.75,5129.73,24346.875
P02,Landfill Cell,P019 - P02 Landfill Cell.xlsx,905,Small Tools,2011-06-01,3,5824.0,614.9000000000001,5824.0
P02,Landfill Cell,P019 - P02 Landfill Cell.xlsx,907,Site Establishment,2011-06-01,3,18995.0,25178.49,18045.25
P02,Landfill Cell,P019 - P02 Landfill Cell.xlsx,91,InstallLeachate Pipes,2011-06-01,3,14824.999999999998,3235.4000000000005,4908.2770270270275
P02,Landfill Cell,P019 - P02 Landfill Cell.xlsx,910,Site de-Establishment,2011-06-01,3,0.0,0.0,0.0
P02,Landfill Cell,P019 - P02 Landfill Cell.xlsx,911,Accommodation,2011-06-01,3,9000.0,4231.24,9000.0
P02,Landfill Cell,P019 - P02 Landfill Cell.xlsx,11,Survey - Construction,2011-07-01,4,20350.0,19038.5,20350.0
P02,Landfill Cell,P019 - P02 Landfill Cell.xlsx,13,QA Testing,2011-07-01,4,5460.0,11878.85,5460.0
P02,Landfill Cell,P019 - P02 Landfill Cell.xlsx,131,Fencing Sub-contractors,2011-07-01,4,2970.0,18430.0,2970.0
P02,Landfill Cell,P019 - P02 Landfill Cell.xlsx,151,Supply & Place Silt fences & protective devices,2011-07-01,4,14238.9998,0.0,14238.9998
P02,Landfill Cell,P019 - P02 Landfill Cell.xlsx,161,Supply & Place A64 Protection Geotextile,2011-07-01,4,50804.592065383964,48447.01499999999,50804.592065383964
P02,Landfill Cell,P019 - P02 Landfill Cell.xlsx,162,Supply & Place A24 Separation Geotextile,2011-07-01,4,27502.99206538396,16222.5,27502.99206538396
P02,Landfill Cell,P019 - P02 Landfill Cell.xlsx,191,Dayworks,2011-07-01,4,0.0,7230.0,0.0
P02,Landfill Cell,P019 - P02 Landfill Cell.xlsx,221,Construct Spillway,2011-07-01,4,1512.5045045045044,1180.15,1512.5045045045044
P02,Landfill Cell,P019 - P02 Landfill Cell.xlsx,222,Supply & Install HDPE Liner,2011-07-01,4,40831.0,36108.2,40831.0
P02,Landfill Cell,P019 - P02 Landfill Cell.xlsx,223,Supply & Place GCL Liner,2011-07-01,4,140573.156809613,141962.25,140573.156809613
P02,Landfill Cell,P019 - P02 Landfill Cell.xlsx,224,Place Drainage Gravel,2011-07-01,4,30776.014583333334,11791.5,30776.014583333334
P02,Landfill Cell,P019 - P02 Landfill Cell.xlsx,31,Strip Topsoil to Stockpile,2011-07-01,4,20012.000000000004,8287.17,20012.000000000004
P02,Landfill Cell,P019 - P02 Landfill Cell.xlsx,51,Cut to Fill,2011-07-01,4,244936.5155386707,292965.585,244936.5155386707
P02,Landfill Cell,P019 - P02 Landfill Cell.xlsx,510,High Energy Compaction,2011-07-01,4,28424.12,25880.0,28424.12
P02,Landfill Cell,P019 - P02 Landfill Cell.xlsx,59,"Trim unpaved areas - footpaths, batters, drains etc",2011-07-01,4,138448.8333333333,105179.34000000001,138448.8333333333
P02,Landfill Cell,P019 - P02 Landfill Cell.xlsx,62,Place & Compact Gravel,2011-07-01,4,6320.128399358004,3632.5,6320.128399358004
P02,Landfill Cell,P019 - P02 Landfill Cell.xlsx,901,Project Management,2011-07-01,4,22750.0,1359.33,22750.0
P02,Landfill Cell,P019 - P02 Landfill Cell.xlsx,902,Project Supervision,2011-07-01,4,40200.0,42014.909999999996,40200.0
P02,Landfill Cell,P019 - P02 Landfill Cell.xlsx,903,Project Facilities,2011-07-01,4,15000.0,12881.8,15000.0
P02,Landfill Cell,P019 - P02 Landfill Cell.xlsx,904,"Project Insurance, Fees & Levies",2011-07-01,4,24843.75,6981.2,24843.75
P02,Landfill Cell,P019 - P02 Landfill Cell.xlsx,905,Small Tools,2011-07-01,4,5824.0,614.9000000000001,5824.0
P02,Landfill Cell,P019 - P02 Landfill Cell.xlsx,907,Site Establishment,2011-07-01,4,18995.0,27660.31,18995.0
P02,Landfill Cell,P019 - P02 Landfill Cell.xlsx,91,InstallLeachate Pipes,2011-07-01,4,14824.999999999998,11473.04,14825.0
P02,Landfill Cell,P019 - P02 Landfill Cell.xlsx,910,Site de-Establishment,2011-07-01,4,0.0,2117.6,0.0
P02,Landfill Cell,P019 - P02 Landfill Cell.xlsx,911,Accommodation,2011-07-01,4,10500.0,4579.8099999999995,10500.0
P03,Regional Bypass Road,P020 - P03 Regional Bypass Road.xlsx,11,Survey - Construction,2011-10-01,1,3486.04774535809,0.0,0.0
P03,Regional Bypass Road,P020 - P03 Regional Bypass Road.xlsx,111,Install Conduits / pits / rag bolts,2011-10-01,1,0.0,0.0,0.0
P03,Regional Bypass Road,P020 - P03 Regional Bypass Road.xlsx,121,Lanscaping Sub-contractors,2011-10-01,1,0.0,0.0,0.0
P03,Regional Bypass Road,P020 - P03 Regional Bypass Road.xlsx,13,QA Testing,2011-10-01,1,0.0,200.0,0.0
P03,Regional Bypass Road,P020 - P03 Regional Bypass Road.xlsx,141,Traffic Controllers,2011-10-01,1,5249.85295018116,0.0,0.0
P03,Regional Bypass Road,P020 - P03 Regional Bypass Road.xlsx,15,Service Locations,2011-10-01,1,6800.0,1260.0,2040.0
P03,Regional Bypass Road,P020 - P03 Regional Bypass Road.xlsx,151,Supply & Place Silt fences & protective devices,2011-10-01,1,0.0,0.0,0.0
P03,Regional Bypass Road,P020 - P03 Regional Bypass Road.xlsx,181,Place Box Culverts,2011-10-01,1,0.0,0.0,0.0
P03,Regional Bypass Road,P020 - P03 Regional Bypass Road.xlsx,21,Clearing to Stockpile,2011-10-01,1,3105.365765765766,0.0,0.0
P03,Regional Bypass Road,P020 - P03 Regional Bypass Road.xlsx,53,Cut to Spoil,2011-10-01,1,0.0,0.0,0.0
P03,Regional Bypass Road,P020 - P03 Regional Bypass Road.xlsx,57,Remove & Replace unsuitable,2011-10-01,1,0.0,0.0,0.0
P03,Regional Bypass Road,P020 - P03 Regional Bypass Road.xlsx,59,"Trim unpaved areas - footpaths, batters, drains etc",2011-10-01,1,0.0,0.0,0.0
P03,Regional Bypass Road,P020 - P03 Regional Bypass Road.xlsx,61,Subgrade Preparation,2011-10-01,1,0.0,0.0,0.0
P03,Regional Bypass Road,P020 - P03 Regional Bypass Road.xlsx,62,Place & Compact Gravel,2011-10-01,1,0.0,0.0,0.0
P03,Regional Bypass Road,P020 - P03 Regional Bypass Road.xlsx,63,Trim All Layers,2011-10-01,1,0.0,0.0,0.0
P03,Regional Bypass Road,P020 - P03 Regional Bypass Road.xlsx,64,Sweep & Prime / Primer seal or Seal,2011-10-01,1,0.0,0.0,0.0
P03,Regional Bypass Road,P020 - P03 Regional Bypass Road.xlsx,65,Asphalt,2011-10-01,1,0.0,0.0,0.0
P03,Regional Bypass Road,P020 - P03 Regional Bypass Road.xlsx,66,Linemarking,2011-10-01,1,0.0,0.0,0.0
P03,Regional Bypass Road,P020 - P03 Regional Bypass Road.xlsx,67,Install Road Furniture,2011-10-01,1,0.0,0.0,0.0
P03,Regional Bypass Road,P020 - P03 Regional Bypass Road.xlsx,68,Insitu Stabilisation of Subgrade (cement/lime),2011-10-01,1,0.0,0.0,0.0
P03,Regional Bypass Road,P020 - P03 Regional Bypass Road.xlsx,71,Place Kerb & Channel / Inverts,2011-10-01,1,0.0,0.0,0.0
P03,Regional Bypass Road,P020 - P03 Regional Bypass Road.xlsx,72,Form & Pour Headwalls,2011-10-01,1,0.0,0.0,0.0
P03,Regional Bypass Road,P020 - P03 Regional Bypass Road.xlsx,81,> 450,2011-10-01,1,15878.148583654327,11906.410000000002,15617.851065889503
P03,Regional Bypass Road,P020 - P03 Regional Bypass Road.xlsx,901,Project Management,2011-10-01,1,3240.0,0.0,0.0
P03,Regional Bypass Road,P020 - P03 Regional Bypass Road.xlsx,902,Project Supervision,2011-10-01,1,6700.0,3721.65,3023.589743589744
P03,Regional Bypass Road,P020 - P03 Regional Bypass Road.xlsx,903,Project Facilities,2011-10-01,1,0.0,0.0,0.0
P03,Regional Bypass Road,P020 - P03 Regional Bypass Road.xlsx,904,"Project Insurance, Fees & Levies",2011-10-01,1,25000.0,0.0,0.0
P03,Regional Bypass Road,P020 - P03 Regional Bypass Road.xlsx,905,Small Tools,2011-10-01,1,1456.0,3029.05,1456.0
P03,Regional Bypass Road,P020 - P03 Regional Bypass Road.xlsx,907,Site Establishment,2011-10-01,1,9792.5,5412.915000000001,1958.5
P03,Regional Bypass Road,P020 - P03 Regional Bypass Road.xlsx,910,De-Establishment & Cleanup,2011-10-01,1,0.0,0.0,0.0
P03,Regional Bypass Road,P020 - P03 Regional Bypass Road.xlsx,911,Accommodation,2011-10-01,1,2250.0121763130123,0.0,0.0
P03,Regional Bypass Road,P020 - P03 Regional Bypass Road.xlsx,11,Survey - Construction,2011-11-01,2,10748.64721485411,27510.7,13890.90146750524
P03,Regional Bypass Road,P020 - P03 Regional Bypass Road.xlsx,111,Install Conduits / pits / rag bolts,2011-11-01,2,0.0,0.0,0.0
P03,Regional Bypass Road,P020 - P03 Regional Bypass Road.xlsx,121,Lanscaping Sub-contractors,2011-11-01,2,0.0,0.0,0.0
P03,Regional Bypass Road,P020 - P03 Regional Bypass Road.xlsx,13,QA Testing,2011-11-01,2,7472.333333333335,350.0,0.0
P03,Regional Bypass Road,P020 - P03 Regional Bypass Road.xlsx,141,Traffic Controllers,2011-11-01,2,26249.264750905797,12821.645,25948.33740014679
P03,Regional Bypass Road,P020 - P03 Regional Bypass Road.xlsx,15,Service Locations,2011-11-01,2,6800.0,1260.0,2040.0
P03,Regional Bypass Road,P020 - P03 Regional Bypass Road.xlsx,151,Supply & Place Silt fences & protective devices,2011-11-01,2,4542.666666666667,0.0,0.0
P03,Regional Bypass Road,P020 - P03 Regional Bypass Road.xlsx,181,Place Box Culverts,2011-11-01,2,5896.09952925353,17252.126,6485.709482178882
P03,Regional Bypass Road,P020 - P03 Regional Bypass Road.xlsx,21,Clearing to Stockpile,2011-11-01,2,24842.926126126127,1520.005,24842.926126126127
P03,Regional Bypass Road,P020 - P03 Regional Bypass Road.xlsx,53,Cut to Spoil,2011-11-01,2,14014.037609606972,2656.7749999999996,11678.364674672475
P03,Regional Bypass Road,P020 - P03 Regional Bypass Road.xlsx,57,Remove & Replace unsuitable,2011-11-01,2,3123.021172638436,0.0,0.0
P03,Regional Bypass Road,P020 - P03 Regional Bypass Road.xlsx,59,"Trim unpaved areas - footpaths, batters, drains etc",2011-11-01,2,3836.25,4299.595,10434.6
P03,Regional Bypass Road,P020 - P03 Regional Bypass Road.xlsx,61,Subgrade Preparation,2011-11-01,2,19305.191862784195,103959.81999999999,17820.177104108487
P03,Regional Bypass Road,P020 - P03 Regional Bypass Road.xlsx,62,Place & Compact Gravel,2011-11-01,2,32753.707422385327,18755.944999999992,22843.75707254952
P03,Regional Bypass Road,P020 - P03 Regional Bypass Road.xlsx,63,Trim All Layers,2011-11-01,2,0.0,0.0,0.0
P03,Regional Bypass Road,P020 - P03 Regional Bypass Road.xlsx,64,Sweep & Prime / Primer seal or Seal,2011-11-01,2,0.0,0.0,0.0
P03,Regional Bypass Road,P020 - P03 Regional Bypass Road.xlsx,65,Asphalt,2011-11-01,2,0.0,0.0,0.0
P03,Regional Bypass Road,P020 - P03 Regional Bypass Road.xlsx,66,Linemarking,2011-11-01,2,0.0,0.0,0.0
P03,Regional Bypass Road,P020 - P03 Regional Bypass Road.xlsx,67,Install Road Furniture,2011-11-01,2,0.0,0.0,0.0
P03,Regional Bypass Road,P020 - P03 Regional Bypass Road.xlsx,68,Insitu Stabilisation of Subgrade (cement/lime),2011-11-01,2,0.0,0.0,0.0
P03,Regional Bypass Road,P020 - P03 Regional Bypass Road.xlsx,71,Place Kerb & Channel / Inverts,2011-11-01,2,0.0,0.0,0.0
P03,Regional Bypass Road,P020 - P03 Regional Bypass Road.xlsx,72,Form & Pour Headwalls,2011-11-01,2,32902.26209528795,12371.185,23928.91788748215
P03,Regional Bypass Road,P020 - P03 Regional Bypass Road.xlsx,81,> 450,2011-11-01,2,31756.297167308654,27821.715,25405.037733846926
P03,Regional Bypass Road,P020 - P03 Regional Bypass Road.xlsx,901,Project Management,2011-11-01,2,9720.0,5950.0,32400.0
P03,Regional Bypass Road,P020 - P03 Regional Bypass Road.xlsx,902,Project Supervision,2011-11-01,2,30150.0,26574.774999999998,21714.871794871797
P03,Regional Bypass Road,P020 - P03 Regional Bypass Road.xlsx,903,Project Facilities,2011-11-01,2,3062.5,4260.9400000000005,11025.0
P03,Regional Bypass Road,P020 - P03 Regional Bypass Road.xlsx,904,"Project Insurance, Fees & Levies",2011-11-01,2,25000.0,60.0,0.0
P03,Regional Bypass Road,P020 - P03 Regional Bypass Road.xlsx,905,Small Tools,2011-11-01,2,2912.0,5050.058000000001,2912.0
P03,Regional Bypass Road,P020 - P03 Regional Bypass Road.xlsx,907,Site Establishment,2011-11-01,2,19585.0,10632.845000000003,4896.25
P03,Regional Bypass Road,P020 - P03 Regional Bypass Road.xlsx,910,De-Establishment & Cleanup,2011-11-01,2,0.0,0.0,0.0
P03,Regional Bypass Road,P020 - P03 Regional Bypass Road.xlsx,911,Accommodation,2011-11-01,2,9750.052764023054,7525.35,9621.264188274497
P03,Regional Bypass Road,P020 - P03 Regional Bypass Road.xlsx,11,Survey - Construction,2011-12-01,3,21787.798408488063,49553.2,37884.276729559744
P03,Regional Bypass Road,P020 - P03 Regional Bypass Road.xlsx,111,Install Conduits / pits / rag bolts,2011-12-01,3,12960.463999999996,2010.2700000000002,2889.2754140127386
P03,Regional Bypass Road,P020 - P03 Regional Bypass Road.xlsx,121,Lanscaping Sub-contractors,2011-12-01,3,0.0,0.0,0.0
P03,Regional Bypass Road,P020 - P03 Regional Bypass Road.xlsx,13,QA Testing,2011-12-01,3,18680.833333333336,350.0,0.0
P03,Regional Bypass Road,P020 - P03 Regional Bypass Road.xlsx,141,Traffic Controllers,2011-12-01,3,47248.67655163044,23008.691500000004,46579.39254616514
P03,Regional Bypass Road,P020 - P03 Regional Bypass Road.xlsx,15,Service Locations,2011-12-01,3,6800.0,3010.0,4986.666666666667
P03,Regional Bypass Road,P020 - P03 Regional Bypass Road.xlsx,151,Supply & Place Silt fences & protective devices,2011-12-01,3,4542.666666666667,0.0,0.0
P03,Regional Bypass Road,P020 - P03 Regional Bypass Road.xlsx,181,Place Box Culverts,2011-12-01,3,8767.499999999998,17252.126,6485.709482178882
P03,Regional Bypass Road,P020 - P03 Regional Bypass Road.xlsx,21,Clearing to Stockpile,2011-12-01,3,24842.926126126127,1520.005,24842.926126126127
P03,Regional Bypass Road,P020 - P03 Regional Bypass Road.xlsx,53,Cut to Spoil,2011-12-01,3,18732.09693817465,3969.3499999999995,18732.09693817465
P03,Regional Bypass Road,P020 - P03 Regional Bypass Road.xlsx,57,Remove & Replace unsuitable,2011-12-01,3,9587.675,0.0,0.0
P03,Regional Bypass Road,P020 - P03 Regional Bypass Road.xlsx,59,"Trim unpaved areas - footpaths, batters, drains etc",2011-12-01,3,15345.0,8091.27,19564.875
P03,Regional Bypass Road,P020 - P03 Regional Bypass Road.xlsx,61,Subgrade Preparation,2011-12-01,3,37229.319999999985,198512.82000000004,34155.33944954127
P03,Regional Bypass Road,P020 - P03 Regional Bypass Road.xlsx,62,Place & Compact Gravel,2011-12-01,3,98261.12226715598,44983.33999999999,55681.65786433945
P03,Regional Bypass Road,P020 - P03 Regional Bypass Road.xlsx,63,Trim All Layers,2011-12-01,3,20769.422230984488,0.0,0.0
P03,Regional Bypass Road,P020 - P03 Regional Bypass Road.xlsx,64,Sweep & Prime / Primer seal or Seal,2011-12-01,3,107972.408221303,112816.375,127955.03106486486
P03,Regional Bypass Road,P020 - P03 Regional Bypass Road.xlsx,65,Asphalt,2011-12-01,3,0.0,0.0,0.0
P03,Regional Bypass Road,P020 - P03 Regional Bypass Road.xlsx,66,Linemarking,2011-12-01,3,0.0,0.0,0.0
P03,Regional Bypass Road,P020 - P03 Regional Bypass Road.xlsx,67,Install Road Furniture,2011-12-01,3,0.0,0.0,0.0
P03,Regional Bypass Road,P020 - P03 Regional Bypass Road.xlsx,68,Insitu Stabilisation of Subgrade (cement/lime),2011-12-01,3,0.0,0.0,0.0
P03,Regional Bypass Road,P020 - P03 Regional Bypass Road.xlsx,71,Place Kerb & Channel / Inverts,2011-12-01,3,6700.0025000000005,0.0,0.0
P03,Regional Bypass Road,P020 - P03 Regional Bypass Road.xlsx,72,Form & Pour Headwalls,2011-12-01,3,32902.26209528795,14502.865,28415.589991385048
P03,Regional Bypass Road,P020 - P03 Regional Bypass Road.xlsx,81,> 450,2011-12-01,3,31756.297167308654,27821.715,25405.037733846926
P03,Regional Bypass Road,P020 - P03 Regional Bypass Road.xlsx,901,Project Management,2011-12-01,3,16200.0,5950.0,32400.0
P03,Regional Bypass Road,P020 - P03 Regional Bypass Road.xlsx,902,Project Supervision,2011-12-01,3,40200.0,35074.774999999994,28861.53846153846
P03,Regional Bypass Road,P020 - P03 Regional Bypass Road.xlsx,903,Project Facilities,2011-12-01,3,7656.25,7137.9400000000005,19191.666666666668
P03,Regional Bypass Road,P020 - P03 Regional Bypass Road.xlsx,904,"Project Insurance, Fees & Levies",2011-12-01,3,25000.0,60.0,0.0
P03,Regional Bypass Road,P020 - P03 Regional Bypass Road.xlsx,905,Small Tools,2011-12-01,3,4368.0,5821.508000000002,2912.0
P03,Regional Bypass Road,P020 - P03 Regional Bypass Road.xlsx,907,Site Establishment,2011-12-01,3,19585.0,15208.395,6854.75
P03,Regional Bypass Road,P020 - P03 Regional Bypass Road.xlsx,910,De-Establishment & Cleanup,2011-12-01,3,0.0,0.0,0.0
P03,Regional Bypass Road,P020 - P03 Regional Bypass Road.xlsx,911,Accommodation,2011-12-01,3,17250.093351733096,8338.99,10743.745010239856
P03,Regional Bypass Road,P020 - P03 Regional Bypass Road.xlsx,11,Survey - Construction,2012-01-01,4,36312.99734748011,63518.2,48560.75471698114
P03,Regional Bypass Road,P020 - P03 Regional Bypass Road.xlsx,111,Install Conduits / pits / rag bolts,2012-01-01,4,12960.463999999996,2010.2700000000002,2889.2754140127386
P03,Regional Bypass Road,P020 - P03 Regional Bypass Road.xlsx,121,Lanscaping Sub-contractors,2012-01-01,4,0.0,0.0,0.0
P03,Regional Bypass Road,P020 - P03 Regional Bypass Road.xlsx,13,QA Testing,2012-01-01,4,26153.166666666668,350.0,0.0
P03,Regional Bypass Road,P020 - P03 Regional Bypass Road.xlsx,141,Traffic Controllers,2012-01-01,4,78747.79425271739,34629.2515,70188.12575449541
P03,Regional Bypass Road,P020 - P03 Regional Bypass Road.xlsx,15,Service Locations,2012-01-01,4,6800.0,4080.0,6800.0
P03,Regional Bypass Road,P020 - P03 Regional Bypass Road.xlsx,151,Supply & Place Silt fences & protective devices,2012-01-01,4,4542.666666666667,2466.4249999999997,4542.666666666667
P03,Regional Bypass Road,P020 - P03 Regional Bypass Road.xlsx,181,Place Box Culverts,2012-01-01,4,8767.499999999998,17252.126,6485.709482178882
P03,Regional Bypass Road,P020 - P03 Regional Bypass Road.xlsx,21,Clearing to Stockpile,2012-01-01,4,24842.926126126127,1562.9550000000002,24842.926126126127
P03,Regional Bypass Road,P020 - P03 Regional Bypass Road.xlsx,53,Cut to Spoil,2012-01-01,4,18732.09693817465,3969.3499999999995,18732.09693817465
P03,Regional Bypass Road,P020 - P03 Regional Bypass Road.xlsx,57,Remove & Replace unsuitable,2012-01-01,4,9587.675,3616.4650000000006,8459.713235294117
P03,Regional Bypass Road,P020 - P03 Regional Bypass Road.xlsx,59,"Trim unpaved areas - footpaths, batters, drains etc",2012-01-01,4,22887.0675,13518.27,22887.0675
P03,Regional Bypass Road,P020 - P03 Regional Bypass Road.xlsx,61,Subgrade Preparation,2012-01-01,4,37229.319999999985,213777.52000000005,37229.319999999985
P03,Regional Bypass Road,P020 - P03 Regional Bypass Road.xlsx,62,Place & Compact Gravel,2012-01-01,4,131637.15013056662,100730.83,128496.13353309105
P03,Regional Bypass Road,P020 - P03 Regional Bypass Road.xlsx,63,Trim All Layers,2012-01-01,4,75658.8513030303,14389.575000000003,47769.671131264324
P03,Regional Bypass Road,P020 - P03 Regional Bypass Road.xlsx,64,Sweep & Prime / Primer seal or Seal,2012-01-01,4,107972.408221303,112816.375,127955.03106486486
P03,Regional Bypass Road,P020 - P03 Regional Bypass Road.xlsx,65,Asphalt,2012-01-01,4,0.0,0.0,0.0
P03,Regional Bypass Road,P020 - P03 Regional Bypass Road.xlsx,66,Linemarking,2012-01-01,4,0.0,0.0,0.0
P03,Regional Bypass Road,P020 - P03 Regional Bypass Road.xlsx,67,Install Road Furniture,2012-01-01,4,0.0,0.0,0.0
P03,Regional Bypass Road,P020 - P03 Regional Bypass Road.xlsx,68,Insitu Stabilisation of Subgrade (cement/lime),2012-01-01,4,0.0,0.0,0.0
P03,Regional Bypass Road,P020 - P03 Regional Bypass Road.xlsx,71,Place Kerb & Channel / Inverts,2012-01-01,4,6700.0025000000005,0.0,0.0
P03,Regional Bypass Road,P020 - P03 Regional Bypass Road.xlsx,72,Form & Pour Headwalls,2012-01-01,4,32902.26209528795,17386.22,31406.704727320317
P03,Regional Bypass Road,P020 - P03 Regional Bypass Road.xlsx,81,> 450,2012-01-01,4,31756.297167308654,28091.715,31756.297167308654
P03,Regional Bypass Road,P020 - P03 Regional Bypass Road.xlsx,901,Project Management,2012-01-01,4,22680.0,5950.0,32400.0
P03,Regional Bypass Road,P020 - P03 Regional Bypass Road.xlsx,902,Project Supervision,2012-01-01,4,50250.0,53029.899999999994,43429.74358974359
P03,Regional Bypass Road,P020 - P03 Regional Bypass Road.xlsx,903,Project Facilities,2012-01-01,4,12250.0,7137.9400000000005,19191.666666666668
P03,Regional Bypass Road,P020 - P03 Regional Bypass Road.xlsx,904,"Project Insurance, Fees & Levies",2012-01-01,4,25000.0,60.0,0.0
P03,Regional Bypass Road,P020 - P03 Regional Bypass Road.xlsx,905,Small Tools,2012-01-01,4,5824.0,7695.898000000001,4368.0
P03,Regional Bypass Road,P020 - P03 Regional Bypass Road.xlsx,907,Site Establishment,2012-01-01,4,19585.0,31625.370000000006,13709.5
P03,Regional Bypass Road,P020 - P03 Regional Bypass Road.xlsx,910,De-Establishment & Cleanup,2012-01-01,4,0.0,0.0,0.0
P03,Regional Bypass Road,P020 - P03 Regional Bypass Road.xlsx,911,Accommodation,2012-01-01,4,24750.133939443134,15958.220000000001,20525.36360165226
P03,Regional Bypass Road,P020 - P03 Regional Bypass Road.xlsx,11,Survey - Construction,2012-02-01,5,47206.89655172414,63518.2,48560.75471698114
P03,Regional Bypass Road,P020 - P03 Regional Bypass Road.xlsx,111,Install Conduits / pits / rag bolts,2012-02-01,5,12960.463999999996,7286.295,10731.594394904458
P03,Regional Bypass Road,P020 - P03 Regional Bypass Road.xlsx,121,Lanscaping Sub-contractors,2012-02-01,5,29981.050000000003,0.0,29981.050000000003
P03,Regional Bypass Road,P020 - P03 Regional Bypass Road.xlsx,13,QA Testing,2012-02-01,5,37361.66666666667,12680.0,37361.66666666667
P03,Regional Bypass Road,P020 - P03 Regional Bypass Road.xlsx,141,Traffic Controllers,2012-02-01,5,115916.75314,50846.5065,102091.81927926606
P03,Regional Bypass Road,P020 - P03 Regional Bypass Road.xlsx,15,Service Locations,2012-02-01,5,6800.0,4080.0,6800.0
P03,Regional Bypass Road,P020 - P03 Regional Bypass Road.xlsx,151,Supply & Place Silt fences & protective devices,2012-02-01,5,4542.666666666667,2466.4249999999997,4542.666666666667
P03,Regional Bypass Road,P020 - P03 Regional Bypass Road.xlsx,181,Place Box Culverts,2012-02-01,5,8767.499999999998,23785.751000000004,8767.499999999998
P03,Regional Bypass Road,P020 - P03 Regional Bypass Road.xlsx,21,Clearing to Stockpile,2012-02-01,5,24842.926126126127,1562.9550000000002,24842.926126126127
P03,Regional Bypass Road,P020 - P03 Regional Bypass Road.xlsx,53,Cut to Spoil,2012-02-01,5,18732.09693817465,3969.3499999999995,18732.09693817465
P03,Regional Bypass Road,P020 - P03 Regional Bypass Road.xlsx,57,Remove & Replace unsuitable,2012-02-01,5,9587.675,3616.4650000000006,8459.713235294117
P03,Regional Bypass Road,P020 - P03 Regional Bypass Road.xlsx,59,"Trim unpaved areas - footpaths, batters, drains etc",2012-02-01,5,22887.0675,13518.27,22887.0675
P03,Regional Bypass Road,P020 - P03 Regional Bypass Road.xlsx,61,Subgrade Preparation,2012-02-01,5,37229.319999999985,213777.52000000005,37229.319999999985
P03,Regional Bypass Road,P020 - P03 Regional Bypass Road.xlsx,62,Place & Compact Gravel,2012-02-01,5,131637.15013056662,102754.36999999998,131637.15013056662
P03,Regional Bypass Road,P020 - P03 Regional Bypass Road.xlsx,63,Trim All Layers,2012-02-01,5,75658.8513030303,21913.25,75658.8513030303
P03,Regional Bypass Road,P020 - P03 Regional Bypass Road.xlsx,64,Sweep & Prime / Primer seal or Seal,2012-02-01,5,217171.383,175198.256,199052.5014571093
P03,Regional Bypass Road,P020 - P03 Regional Bypass Road.xlsx,65,Asphalt,2012-02-01,5,296792.9945289739,202459.37999999998,296792.9945289739
P03,Regional Bypass Road,P020 - P03 Regional Bypass Road.xlsx,66,Linemarking,2012-02-01,5,35476.8,0.0,0.0
P03,Regional Bypass Road,P020 - P03 Regional Bypass Road.xlsx,67,Install Road Furniture,2012-02-01,5,33024.0,2209.45,33024.0
P03,Regional Bypass Road,P020 - P03 Regional Bypass Road.xlsx,68,Insitu Stabilisation of Subgrade (cement/lime),2012-02-01,5,0.0,0.0,0.0
P03,Regional Bypass Road,P020 - P03 Regional Bypass Road.xlsx,71,Place Kerb & Channel / Inverts,2012-02-01,5,6700.0025000000005,1562.241,2300.0008582089554
P03,Regional Bypass Road,P020 - P03 Regional Bypass Road.xlsx,72,Form & Pour Headwalls,2012-02-01,5,32902.26209528795,18303.345000000005,32902.26209528795
P03,Regional Bypass Road,P020 - P03 Regional Bypass Road.xlsx,81,> 450,2012-02-01,5,31756.297167308654,29127.06,31756.297167308654
P03,Regional Bypass Road,P020 - P03 Regional Bypass Road.xlsx,901,Project Management,2012-02-01,5,29160.0,5950.0,32400.0
P03,Regional Bypass Road,P020 - P03 Regional Bypass Road.xlsx,902,Project Supervision,2012-02-01,5,53600.0,62991.049999999974,49476.92307692308
P03,Regional Bypass Road,P020 - P03 Regional Bypass Road.xlsx,903,Project Facilities,2012-02-01,5,18375.0,7347.9400000000005,20416.666666666668
P03,Regional Bypass Road,P020 - P03 Regional Bypass Road.xlsx,904,"Project Insurance, Fees & Levies",2012-02-01,5,25000.0,1170.8600000000001,22500.0
P03,Regional Bypass Road,P020 - P03 Regional Bypass Road.xlsx,905,Small Tools,2012-02-01,5,5824.0,8904.81,4659.2
P03,Regional Bypass Road,P020 - P03 Regional Bypass Road.xlsx,907,Site Establishment,2012-02-01,5,19585.0,37969.525000000016,16647.25
P03,Regional Bypass Road,P020 - P03 Regional Bypass Road.xlsx,910,De-Establishment & Cleanup,2012-02-01,5,5040.0,0.0,0.0
P03,Regional Bypass Road,P020 - P03 Regional Bypass Road.xlsx,911,Accommodation,2012-02-01,5,31750.17182130584,22436.24,28863.792564823492
P03,Regional Bypass Road,P020 - P03 Regional Bypass Road.xlsx,11,Survey - Construction,2012-03-01,6,54760.0,63518.2,48560.75471698114
P03,Regional Bypass Road,P020 - P03 Regional Bypass Road.xlsx,111,Install Conduits / pits / rag bolts,2012-03-01,6,12960.463999999996,8890.214999999998,12960.463999999998
P03,Regional Bypass Road,P020 - P03 Regional Bypass Road.xlsx,121,Lanscaping Sub-contractors,2012-03-01,6,29981.050000000003,0.0,29981.050000000003
P03,Regional Bypass Road,P020 - P03 Regional Bypass Road.xlsx,13,QA Testing,2012-03-01,6,37361.66666666667,12680.0,37361.66666666667
P03,Regional Bypass Road,P020 - P03 Regional Bypass Road.xlsx,141,Traffic Controllers,2012-03-01,6,115916.75314,51017.0025,102304.5105694312
P03,Regional Bypass Road,P020 - P03 Regional Bypass Road.xlsx,15,Service Locations,2012-03-01,6,6800.0,4080.0,6800.0
P03,Regional Bypass Road,P020 - P03 Regional Bypass Road.xlsx,151,Supply & Place Silt fences & protective devices,2012-03-01,6,4542.666666666667,2466.4249999999997,4542.666666666667
P03,Regional Bypass Road,P020 - P03 Regional Bypass Road.xlsx,181,Place Box Culverts,2012-03-01,6,8767.499999999998,23785.751000000004,8767.499999999998
P03,Regional Bypass Road,P020 - P03 Regional Bypass Road.xlsx,21,Clearing to Stockpile,2012-03-01,6,24842.926126126127,1562.9550000000002,24842.926126126127
P03,Regional Bypass Road,P020 - P03 Regional Bypass Road.xlsx,53,Cut to Spoil,2012-03-01,6,18732.09693817465,3969.3499999999995,18732.09693817465
P03,Regional Bypass Road,P020 - P03 Regional Bypass Road.xlsx,57,Remove & Replace unsuitable,2012-03-01,6,9587.675,4381.225,9587.675
P03,Regional Bypass Road,P020 - P03 Regional Bypass Road.xlsx,59,"Trim unpaved areas - footpaths, batters, drains etc",2012-03-01,6,22887.0675,13518.27,22887.0675
P03,Regional Bypass Road,P020 - P03 Regional Bypass Road.xlsx,61,Subgrade Preparation,2012-03-01,6,37229.319999999985,213777.52000000005,37229.319999999985
P03,Regional Bypass Road,P020 - P03 Regional Bypass Road.xlsx,62,Place & Compact Gravel,2012-03-01,6,131637.15013056662,102754.36999999998,131637.15013056662
P03,Regional Bypass Road,P020 - P03 Regional Bypass Road.xlsx,63,Trim All Layers,2012-03-01,6,75658.8513030303,21913.25,75658.8513030303
P03,Regional Bypass Road,P020 - P03 Regional Bypass Road.xlsx,64,Sweep & Prime / Primer seal or Seal,2012-03-01,6,217171.383,176683.256,199052.5014571093
P03,Regional Bypass Road,P020 - P03 Regional Bypass Road.xlsx,65,Asphalt,2012-03-01,6,296792.9945289739,202459.37999999998,296792.9945289739
P03,Regional Bypass Road,P020 - P03 Regional Bypass Road.xlsx,66,Linemarking,2012-03-01,6,35476.8,0.0,0.0
P03,Regional Bypass Road,P020 - P03 Regional Bypass Road.xlsx,67,Install Road Furniture,2012-03-01,6,33024.0,2209.45,33024.0
P03,Regional Bypass Road,P020 - P03 Regional Bypass Road.xlsx,68,Insitu Stabilisation of Subgrade (cement/lime),2012-03-01,6,0.0,0.0,0.0
P03,Regional Bypass Road,P020 - P03 Regional Bypass Road.xlsx,71,Place Kerb & Channel / Inverts,2012-03-01,6,6700.0025000000005,4537.241,6700.0025000000005
P03,Regional Bypass Road,P020 - P03 Regional Bypass Road.xlsx,72,Form & Pour Headwalls,2012-03-01,6,32902.26209528795,18303.345000000005,32902.26209528795
P03,Regional Bypass Road,P020 - P03 Regional Bypass Road.xlsx,81,> 450,2012-03-01,6,31756.297167308654,29127.06,31756.297167308654
P03,Regional Bypass Road,P020 - P03 Regional Bypass Road.xlsx,901,Project Management,2012-03-01,6,32400.0,5950.0,32400.0
P03,Regional Bypass Road,P020 - P03 Regional Bypass Road.xlsx,902,Project Supervision,2012-03-01,6,53600.0,65379.84999999997,53600.0
P03,Regional Bypass Road,P020 - P03 Regional Bypass Road.xlsx,903,Project Facilities,2012-03-01,6,24500.0,7347.9400000000005,20416.666666666668
P03,Regional Bypass Road,P020 - P03 Regional Bypass Road.xlsx,904,"Project Insurance, Fees & Levies",2012-03-01,6,25000.0,1170.8600000000001,22500.0
P03,Regional Bypass Road,P020 - P03 Regional Bypass Road.xlsx,905,Small Tools,2012-03-01,6,5824.0,9111.849999999999,5241.6
P03,Regional Bypass Road,P020 - P03 Regional Bypass Road.xlsx,907,Site Establishment,2012-03-01,6,19585.0,39974.12500000002,17626.5
P03,Regional Bypass Road,P020 - P03 Regional Bypass Road.xlsx,910,De-Establishment & Cleanup,2012-03-01,6,5040.0,530.25,5040.0
P03,Regional Bypass Road,P020 - P03 Regional Bypass Road.xlsx,911,Accommodation,2012-03-01,6,31750.17182130584,24904.43,31750.17182130584
P03,Regional Bypass Road,P020 - P03 Regional Bypass Road.xlsx,11,Survey - Construction,2012-04-01,7,54760.0,63518.2,48560.75471698114
P03,Regional Bypass Road,P020 - P03 Regional Bypass Road.xlsx,111,Install Conduits / pits / rag bolts,2012-04-01,7,12960.463999999996,8890.214999999998,12960.463999999998
P03,Regional Bypass Road,P020 - P03 Regional Bypass Road.xlsx,121,Lanscaping Sub-contractors,2012-04-01,7,29981.050000000003,0.0,29981.050000000003
P03,Regional Bypass Road,P020 - P03 Regional Bypass Road.xlsx,13,QA Testing,2012-04-01,7,37361.66666666667,12680.0,37361.66666666667
P03,Regional Bypass Road,P020 - P03 Regional Bypass Road.xlsx,141,Traffic Controllers,2012-04-01,7,115916.75314,51017.0025,102304.5105694312
P03,Regional Bypass Road,P020 - P03 Regional Bypass Road.xlsx,15,Service Locations,2012-04-01,7,6800.0,4080.0,6800.0
P03,Regional Bypass Road,P020 - P03 Regional Bypass Road.xlsx,151,Supply & Place Silt fences & protective devices,2012-04-01,7,4542.666666666667,2466.4249999999997,4542.666666666667
P03,Regional Bypass Road,P020 - P03 Regional Bypass Road.xlsx,181,Place Box Culverts,2012-04-01,7,8767.499999999998,23785.751000000004,8767.499999999998
P03,Regional Bypass Road,P020 - P03 Regional Bypass Road.xlsx,21,Clearing to Stockpile,2012-04-01,7,24842.926126126127,1562.9550000000002,24842.926126126127
P03,Regional Bypass Road,P020 - P03 Regional Bypass Road.xlsx,53,Cut to Spoil,2012-04-01,7,18732.09693817465,3969.3499999999995,18732.09693817465
P03,Regional Bypass Road,P020 - P03 Regional Bypass Road.xlsx,57,Remove & Replace unsuitable,2012-04-01,7,9587.675,4381.225,9587.675
P03,Regional Bypass Road,P020 - P03 Regional Bypass Road.xlsx,59,"Trim unpaved areas - footpaths, batters, drains etc",2012-04-01,7,22887.0675,13518.27,22887.0675
P03,Regional Bypass Road,P020 - P03 Regional Bypass Road.xlsx,61,Subgrade Preparation,2012-04-01,7,37229.319999999985,213777.52000000005,37229.319999999985
P03,Regional Bypass Road,P020 - P03 Regional Bypass Road.xlsx,62,Place & Compact Gravel,2012-04-01,7,131637.15013056662,102754.36999999998,131637.15013056662
P03,Regional Bypass Road,P020 - P03 Regional Bypass Road.xlsx,63,Trim All Layers,2012-04-01,7,75658.8513030303,21913.25,75658.8513030303
P03,Regional Bypass Road,P020 - P03 Regional Bypass Road.xlsx,64,Sweep & Prime / Primer seal or Seal,2012-04-01,7,217171.383,176683.256,199052.5014571093
P03,Regional Bypass Road,P020 - P03 Regional Bypass Road.xlsx,65,Asphalt,2012-04-01,7,296792.9945289739,202459.37999999998,296792.9945289739
P03,Regional Bypass Road,P020 - P03 Regional Bypass Road.xlsx,66,Linemarking,2012-04-01,7,35476.8,0.0,0.0
P03,Regional Bypass Road,P020 - P03 Regional Bypass Road.xlsx,67,Install Road Furniture,2012-04-01,7,33024.0,2209.45,33024.0
P03,Regional Bypass Road,P020 - P03 Regional Bypass Road.xlsx,68,Insitu Stabilisation of Subgrade (cement/lime),2012-04-01,7,0.0,0.0,0.0
P03,Regional Bypass Road,P020 - P03 Regional Bypass Road.xlsx,71,Place Kerb & Channel / Inverts,2012-04-01,7,6700.0025000000005,4537.241,6700.0025000000005
P03,Regional Bypass Road,P020 - P03 Regional Bypass Road.xlsx,72,Form & Pour Headwalls,2012-04-01,7,32902.26209528795,18303.345000000005,32902.26209528795
P03,Regional Bypass Road,P020 - P03 Regional Bypass Road.xlsx,81,> 450,2012-04-01,7,31756.297167308654,29127.06,31756.297167308654
P03,Regional Bypass Road,P020 - P03 Regional Bypass Road.xlsx,901,Project Management,2012-04-01,7,32400.0,5950.0,32400.0
P03,Regional Bypass Road,P020 - P03 Regional Bypass Road.xlsx,902,Project Supervision,2012-04-01,7,53600.0,65379.84999999997,53600.0
P03,Regional Bypass Road,P020 - P03 Regional Bypass Road.xlsx,903,Project Facilities,2012-04-01,7,24500.0,8814.25,24500.0
P03,Regional Bypass Road,P020 - P03 Regional Bypass Road.xlsx,904,"Project Insurance, Fees & Levies",2012-04-01,7,25000.0,1170.8600000000001,22500.0
P03,Regional Bypass Road,P020 - P03 Regional Bypass Road.xlsx,905,Small Tools,2012-04-01,7,5824.0,9111.849999999999,5241.6
P03,Regional Bypass Road,P020 - P03 Regional Bypass Road.xlsx,907,Site Establishment,2012-04-01,7,19585.0,40378.175000000025,17626.5
P03,Regional Bypass Road,P020 - P03 Regional Bypass Road.xlsx,910,De-Establishment & Cleanup,2012-04-01,7,5040.0,530.25,5040.0
P03,Regional Bypass Road,P020 - P03 Regional Bypass Road.xlsx,911,Accommodation,2012-04-01,7,31750.17182130584,24904.43,31750.17182130584
P03,Regional Bypass Road,P020 - P03 Regional Bypass Road.xlsx,11,Survey - Construction,2012-05-01,8,54760.0,63518.2,48560.75471698114
P03,Regional Bypass Road,P020 - P03 Regional Bypass Road.xlsx,111,Install Conduits / pits / rag bolts,2012-05-01,8,12960.463999999996,8890.214999999998,12960.463999999998
P03,Regional Bypass Road,P020 - P03 Regional Bypass Road.xlsx,121,Lanscaping Sub-contractors,2012-05-01,8,29981.050000000003,0.0,29981.050000000003
P03,Regional Bypass Road,P020 - P03 Regional Bypass Road.xlsx,13,QA Testing,2012-05-01,8,37361.66666666667,12680.0,37361.66666666667
P03,Regional Bypass Road,P020 - P03 Regional Bypass Road.xlsx,141,Traffic Controllers,2012-05-01,8,115916.75314,51017.0025,102304.5105694312
P03,Regional Bypass Road,P020 - P03 Regional Bypass Road.xlsx,15,Service Locations,2012-05-01,8,6800.0,4080.0,6800.0
P03,Regional Bypass Road,P020 - P03 Regional Bypass Road.xlsx,151,Supply & Place Silt fences & protective devices,2012-05-01,8,4542.666666666667,2466.4249999999997,4542.666666666667
P03,Regional Bypass Road,P020 - P03 Regional Bypass Road.xlsx,181,Place Box Culverts,2012-05-01,8,8767.499999999998,23785.751000000004,8767.499999999998
P03,Regional Bypass Road,P020 - P03 Regional Bypass Road.xlsx,21,Clearing to Stockpile,2012-05-01,8,24842.926126126127,1562.9550000000002,24842.926126126127
P03,Regional Bypass Road,P020 - P03 Regional Bypass Road.xlsx,53,Cut to Spoil,2012-05-01,8,18732.09693817465,3969.3499999999995,18732.09693817465
P03,Regional Bypass Road,P020 - P03 Regional Bypass Road.xlsx,57,Remove & Replace unsuitable,2012-05-01,8,9587.675,4381.225,9587.675
P03,Regional Bypass Road,P020 - P03 Regional Bypass Road.xlsx,59,"Trim unpaved areas - footpaths, batters, drains etc",2012-05-01,8,22887.0675,13518.27,22887.0675
P03,Regional Bypass Road,P020 - P03 Regional Bypass Road.xlsx,61,Subgrade Preparation,2012-05-01,8,37229.319999999985,213777.52000000005,37229.319999999985
P03,Regional Bypass Road,P020 - P03 Regional Bypass Road.xlsx,62,Place & Compact Gravel,2012-05-01,8,131637.15013056662,102754.36999999998,131637.15013056662
P03,Regional Bypass Road,P020 - P03 Regional Bypass Road.xlsx,63,Trim All Layers,2012-05-01,8,75658.8513030303,21913.25,75658.8513030303
P03,Regional Bypass Road,P020 - P03 Regional Bypass Road.xlsx,64,Sweep & Prime / Primer seal or Seal,2012-05-01,8,217171.383,176683.256,199052.5014571093
P03,Regional Bypass Road,P020 - P03 Regional Bypass Road.xlsx,65,Asphalt,2012-05-01,8,296792.9945289739,202459.37999999998,296792.9945289739
P03,Regional Bypass Road,P020 - P03 Regional Bypass Road.xlsx,66,Linemarking,2012-05-01,8,35476.8,0.0,0.0
P03,Regional Bypass Road,P020 - P03 Regional Bypass Road.xlsx,67,Install Road Furniture,2012-05-01,8,33024.0,2209.45,33024.0
P03,Regional Bypass Road,P020 - P03 Regional Bypass Road.xlsx,68,Insitu Stabilisation of Subgrade (cement/lime),2012-05-01,8,0.0,0.0,0.0
P03,Regional Bypass Road,P020 - P03 Regional Bypass Road.xlsx,71,Place Kerb & Channel / Inverts,2012-05-01,8,6700.0025000000005,4537.241,6700.0025000000005
P03,Regional Bypass Road,P020 - P03 Regional Bypass Road.xlsx,72,Form & Pour Headwalls,2012-05-01,8,32902.26209528795,18303.345000000005,32902.26209528795
P03,Regional Bypass Road,P020 - P03 Regional Bypass Road.xlsx,81,> 450,2012-05-01,8,31756.297167308654,29127.06,31756.297167308654
P03,Regional Bypass Road,P020 - P03 Regional Bypass Road.xlsx,901,Project Management,2012-05-01,8,32400.0,5950.0,32400.0
P03,Regional Bypass Road,P020 - P03 Regional Bypass Road.xlsx,902,Project Supervision,2012-05-01,8,53600.0,65379.84999999997,53600.0
P03,Regional Bypass Road,P020 - P03 Regional Bypass Road.xlsx,903,Project Facilities,2012-05-01,8,24500.0,8814.25,24500.0
P03,Regional Bypass Road,P020 - P03 Regional Bypass Road.xlsx,904,"Project Insurance, Fees & Levies",2012-05-01,8,25000.0,1170.8600000000001,22500.0
P03,Regional Bypass Road,P020 - P03 Regional Bypass Road.xlsx,905,Small Tools,2012-05-01,8,5824.0,9111.849999999999,5241.6
P03,Regional Bypass Road,P020 - P03 Regional Bypass Road.xlsx,907,Site Establishment,2012-05-01,8,19585.0,40378.175000000025,17626.5
P03,Regional Bypass Road,P020 - P03 Regional Bypass Road.xlsx,910,De-Establishment & Cleanup,2012-05-01,8,5040.0,530.25,5040.0
P03,Regional Bypass Road,P020 - P03 Regional Bypass Road.xlsx,911,Accommodation,2012-05-01,8,31750.17182130584,24904.43,31750.17182130584
P03,Regional Bypass Road,P020 - P03 Regional Bypass Road.xlsx,11,Survey - Construction,2012-06-01,9,54760.0,71680.95,54760.0
P03,Regional Bypass Road,P020 - P03 Regional Bypass Road.xlsx,111,Install Conduits / pits / rag bolts,2012-06-01,9,12960.463999999996,8890.214999999998,12960.463999999998
P03,Regional Bypass Road,P020 - P03 Regional Bypass Road.xlsx,121,Lanscaping Sub-contractors,2012-06-01,9,29981.050000000003,0.0,29981.050000000003
P03,Regional Bypass Road,P020 - P03 Regional Bypass Road.xlsx,13,QA Testing,2012-06-01,9,37361.66666666667,12680.0,37361.66666666667
P03,Regional Bypass Road,P020 - P03 Regional Bypass Road.xlsx,141,Traffic Controllers,2012-06-01,9,115916.75314,57433.552500000005,115916.75314
P03,Regional Bypass Road,P020 - P03 Regional Bypass Road.xlsx,15,Service Locations,2012-06-01,9,6800.0,4080.0,6800.0
P03,Regional Bypass Road,P020 - P03 Regional Bypass Road.xlsx,151,Supply & Place Silt fences & protective devices,2012-06-01,9,4542.666666666667,2466.4249999999997,4542.666666666667
P03,Regional Bypass Road,P020 - P03 Regional Bypass Road.xlsx,181,Place Box Culverts,2012-06-01,9,8767.499999999998,23785.751000000004,8767.499999999998
P03,Regional Bypass Road,P020 - P03 Regional Bypass Road.xlsx,21,Clearing to Stockpile,2012-06-01,9,24842.926126126127,1562.9550000000002,24842.926126126127
P03,Regional Bypass Road,P020 - P03 Regional Bypass Road.xlsx,53,Cut to Spoil,2012-06-01,9,18732.09693817465,3969.3499999999995,18732.09693817465
P03,Regional Bypass Road,P020 - P03 Regional Bypass Road.xlsx,57,Remove & Replace unsuitable,2012-06-01,9,9587.675,4381.225,9587.675
P03,Regional Bypass Road,P020 - P03 Regional Bypass Road.xlsx,59,"Trim unpaved areas - footpaths, batters, drains etc",2012-06-01,9,22887.0675,13518.27,22887.0675
P03,Regional Bypass Road,P020 - P03 Regional Bypass Road.xlsx,61,Subgrade Preparation,2012-06-01,9,37229.319999999985,213777.52000000005,37229.319999999985
P03,Regional Bypass Road,P020 - P03 Regional Bypass Road.xlsx,62,Place & Compact Gravel,2012-06-01,9,131637.15013056662,102754.36999999998,131637.15013056662
P03,Regional Bypass Road,P020 - P03 Regional Bypass Road.xlsx,63,Trim All Layers,2012-06-01,9,75658.8513030303,21913.25,75658.8513030303
P03,Regional Bypass Road,P020 - P03 Regional Bypass Road.xlsx,64,Sweep & Prime / Primer seal or Seal,2012-06-01,9,217171.383,277417.8060000001,217171.383
P03,Regional Bypass Road,P020 - P03 Regional Bypass Road.xlsx,65,Asphalt,2012-06-01,9,296792.9945289739,202459.37999999998,296792.9945289739
P03,Regional Bypass Road,P020 - P03 Regional Bypass Road.xlsx,66,Linemarking,2012-06-01,9,35476.8,5622.0,35476.8
P03,Regional Bypass Road,P020 - P03 Regional Bypass Road.xlsx,67,Install Road Furniture,2012-06-01,9,33024.0,2209.45,33024.0
P03,Regional Bypass Road,P020 - P03 Regional Bypass Road.xlsx,68,Insitu Stabilisation of Subgrade (cement/lime),2012-06-01,9,13641.074412961294,51538.06499999997,13641.074412961294
P03,Regional Bypass Road,P020 - P03 Regional Bypass Road.xlsx,71,Place Kerb & Channel / Inverts,2012-06-01,9,6700.0025000000005,4537.241,6700.0025000000005
P03,Regional Bypass Road,P020 - P03 Regional Bypass Road.xlsx,72,Form & Pour Headwalls,2012-06-01,9,32902.26209528795,18303.345000000005,32902.26209528795
P03,Regional Bypass Road,P020 - P03 Regional Bypass Road.xlsx,81,> 450,2012-06-01,9,31756.297167308654,29127.06,31756.297167308654
P03,Regional Bypass Road,P020 - P03 Regional Bypass Road.xlsx,901,Project Management,2012-06-01,9,32400.0,5950.0,32400.0
P03,Regional Bypass Road,P020 - P03 Regional Bypass Road.xlsx,902,Project Supervision,2012-06-01,9,53600.0,65379.84999999997,53600.0
P03,Regional Bypass Road,P020 - P03 Regional Bypass Road.xlsx,903,Project Facilities,2012-06-01,9,24500.0,8814.25,24500.0
P03,Regional Bypass Road,P020 - P03 Regional Bypass Road.xlsx,904,"Project Insurance, Fees & Levies",2012-06-01,9,25000.0,1203.8600000000001,25000.0
P03,Regional Bypass Road,P020 - P03 Regional Bypass Road.xlsx,905,Small Tools,2012-06-01,9,5824.0,9544.939999999997,5824.0
P03,Regional Bypass Road,P020 - P03 Regional Bypass Road.xlsx,907,Site Establishment,2012-06-01,9,19585.0,45323.63900000004,19585.0
P03,Regional Bypass Road,P020 - P03 Regional Bypass Road.xlsx,910,De-Establishment & Cleanup,2012-06-01,9,5040.0,530.25,5040.0
P03,Regional Bypass Road,P020 - P03 Regional Bypass Road.xlsx,911,Accommodation,2012-06-01,9,31750.17182130584,24904.43,31750.17182130584
P04,Regional Arterial Pavement Repairs,P021 - P04 Regional Arterial Pavement Repairs.xlsx,13,QA Testing,2011-05-01,1,0.0,0.0,0.0
P04,Regional Arterial Pavement Repairs,P021 - P04 Regional Arterial Pavement Repairs.xlsx,191,Dayworks - Cleaning Drains,2011-05-01,1,6494.545454545455,4751.28,1948.3636363636365
P04,Regional Arterial Pavement Repairs,P021 - P04 Regional Arterial Pavement Repairs.xlsx,62,Purchase Water - IRC,2011-05-01,1,0.0,0.0,0.0
P04,Regional Arterial Pavement Repairs,P021 - P04 Regional Arterial Pavement Repairs.xlsx,64,Sweep & Prime / Primer seal or Seal,2011-05-01,1,14560.068998458064,0.0,0.0
P04,Regional Arterial Pavement Repairs,P021 - P04 Regional Arterial Pavement Repairs.xlsx,68,Insitu Stabilisation,2011-05-01,1,70964.15786077753,22621.734999999997,31307.716703284204
P04,Regional Arterial Pavement Repairs,P021 - P04 Regional Arterial Pavement Repairs.xlsx,902,Project Supervision,2011-05-01,1,6342.930142070811,11964.15,5441.686470805354
P04,Regional Arterial Pavement Repairs,P021 - P04 Regional Arterial Pavement Repairs.xlsx,905,Small Tools,2011-05-01,1,0.0,359.35,0.0
P04,Regional Arterial Pavement Repairs,P021 - P04 Regional Arterial Pavement Repairs.xlsx,907,Site Relocations (Along Road),2011-05-01,1,0.0,0.0,0.0
P04,Regional Arterial Pavement Repairs,P021 - P04 Regional Arterial Pavement Repairs.xlsx,911,Accommodation,2011-05-01,1,4259.236242589776,9078.119999999999,8090.029834646793
P04,Regional Arterial Pavement Repairs,P021 - P04 Regional Arterial Pavement Repairs.xlsx,13,QA Testing,2011-06-01,2,0.0,3340.0,0.0
P04,Regional Arterial Pavement Repairs,P021 - P04 Regional Arterial Pavement Repairs.xlsx,191,Dayworks - Cleaning Drains,2011-06-01,2,12989.09090909091,6267.435,4870.909090909091
P04,Regional Arterial Pavement Repairs,P021 - P04 Regional Arterial Pavement Repairs.xlsx,62,Purchase Water - IRC,2011-06-01,2,0.0,0.0,0.0
P04,Regional Arterial Pavement Repairs,P021 - P04 Regional Arterial Pavement Repairs.xlsx,64,Sweep & Prime / Primer seal or Seal,2011-06-01,2,29120.137996916128,6043.09,1815.7262515724174
P04,Regional Arterial Pavement Repairs,P021 - P04 Regional Arterial Pavement Repairs.xlsx,68,Insitu Stabilisation,2011-06-01,2,141928.31572155506,61006.810000000005,84722.85576131416
P04,Regional Arterial Pavement Repairs,P021 - P04 Regional Arterial Pavement Repairs.xlsx,902,Project Supervision,2011-06-01,2,12685.860284141621,23843.899999999998,10581.057026565966
P04,Regional Arterial Pavement Repairs,P021 - P04 Regional Arterial Pavement Repairs.xlsx,905,Small Tools,2011-06-01,2,0.0,826.85,0.0
P04,Regional Arterial Pavement Repairs,P021 - P04 Regional Arterial Pavement Repairs.xlsx,907,Site Relocations (Along Road),2011-06-01,2,0.0,6991.78,0.0
P04,Regional Arterial Pavement Repairs,P021 - P04 Regional Arterial Pavement Repairs.xlsx,911,Accommodation,2011-06-01,2,12881.592538564202,22107.29,19802.461087792148
P04,Regional Arterial Pavement Repairs,P021 - P04 Regional Arterial Pavement Repairs.xlsx,13,QA Testing,2011-07-01,3,0.0,4150.0,0.0
P04,Regional Arterial Pavement Repairs,P021 - P04 Regional Arterial Pavement Repairs.xlsx,191,Dayworks - Cleaning Drains,2011-07-01,3,19483.636363636364,25325.070000000007,22730.90909090909
P04,Regional Arterial Pavement Repairs,P021 - P04 Regional Arterial Pavement Repairs.xlsx,62,Purchase Water - IRC,2011-07-01,3,0.0,0.0,0.0
P04,Regional Arterial Pavement Repairs,P021 - P04 Regional Arterial Pavement Repairs.xlsx,64,Sweep & Prime / Primer seal or Seal,2011-07-01,3,43680.20699537419,51022.95000000005,33214.086809423745
P04,Regional Arterial Pavement Repairs,P021 - P04 Regional Arterial Pavement Repairs.xlsx,68,Insitu Stabilisation,2011-07-01,3,212892.47358233258,94361.75000000013,161881.76716711486
P04,Regional Arterial Pavement Repairs,P021 - P04 Regional Arterial Pavement Repairs.xlsx,902,Project Supervision,2011-07-01,3,19028.790426212432,48482.09999999999,21766.745883221414
P04,Regional Arterial Pavement Repairs,P021 - P04 Regional Arterial Pavement Repairs.xlsx,905,Small Tools,2011-07-01,3,0.0,826.85,0.0
P04,Regional Arterial Pavement Repairs,P021 - P04 Regional Arterial Pavement Repairs.xlsx,907,Site Relocations (Along Road),2011-07-01,3,0.0,15375.720000000001,0.0
P04,Regional Arterial Pavement Repairs,P021 - P04 Regional Arterial Pavement Repairs.xlsx,911,Accommodation,2011-07-01,3,21503.948834538627,48479.02,43348.07030803282
P04,Regional Arterial Pavement Repairs,P021 - P04 Regional Arterial Pavement Repairs.xlsx,13,QA Testing,2011-08-01,4,0.0,4750.0,0.0
P04,Regional Arterial Pavement Repairs,P021 - P04 Regional Arterial Pavement Repairs.xlsx,191,Dayworks - Cleaning Drains,2011-08-01,4,25978.18181818182,60299.05000000002,32472.727272727276
P04,Regional Arterial Pavement Repairs,P021 - P04 Regional Arterial Pavement Repairs.xlsx,62,Purchase Water - IRC,2011-08-01,4,0.0,0.0,0.0
P04,Regional Arterial Pavement Repairs,P021 - P04 Regional Arterial Pavement Repairs.xlsx,64,Sweep & Prime / Primer seal or Seal,2011-08-01,4,58240.275993832256,58886.44000000005,33214.086809423745
P04,Regional Arterial Pavement Repairs,P021 - P04 Regional Arterial Pavement Repairs.xlsx,68,Insitu Stabilisation,2011-08-01,4,283856.6314431101,128050.49000000018,242113.0091720645
P04,Regional Arterial Pavement Repairs,P021 - P04 Regional Arterial Pavement Repairs.xlsx,902,Project Supervision,2011-08-01,4,25371.720568283243,59050.24999999999,26301.484608892544
P04,Regional Arterial Pavement Repairs,P021 - P04 Regional Arterial Pavement Repairs.xlsx,905,Small Tools,2011-08-01,4,0.0,5140.48,0.0
P04,Regional Arterial Pavement Repairs,P021 - P04 Regional Arterial Pavement Repairs.xlsx,907,Site Relocations (Along Road),2011-08-01,4,0.0,22977.305000000008,0.0
P04,Regional Arterial Pavement Repairs,P021 - P04 Regional Arterial Pavement Repairs.xlsx,911,Accommodation,2011-08-01,4,30126.305130513054,50970.0,45642.2578730819
P04,Regional Arterial Pavement Repairs,P021 - P04 Regional Arterial Pavement Repairs.xlsx,13,QA Testing,2011-09-01,5,0.0,4750.0,0.0
P04,Regional Arterial Pavement Repairs,P021 - P04 Regional Arterial Pavement Repairs.xlsx,191,Dayworks - Cleaning Drains,2011-09-01,5,32472.727272727276,66781.51500000001,36531.818181818184
P04,Regional Arterial Pavement Repairs,P021 - P04 Regional Arterial Pavement Repairs.xlsx,62,Purchase Water - IRC,2011-09-01,5,0.0,0.0,0.0
P04,Regional Arterial Pavement Repairs,P021 - P04 Regional Arterial Pavement Repairs.xlsx,64,Sweep & Prime / Primer seal or Seal,2011-09-01,5,72903.12194992648,92080.09,58240.275993832256
P04,Regional Arterial Pavement Repairs,P021 - P04 Regional Arterial Pavement Repairs.xlsx,68,Insitu Stabilisation,2011-09-01,5,355321.71277114016,183805.21500000017,355321.71277114016
P04,Regional Arterial Pavement Repairs,P021 - P04 Regional Arterial Pavement Repairs.xlsx,902,Project Supervision,2011-09-01,5,31714.650710354053,78901.64999999995,35370.9620602348
P04,Regional Arterial Pavement Repairs,P021 - P04 Regional Arterial Pavement Repairs.xlsx,905,Small Tools,2011-09-01,5,0.0,5259.45,0.0
P04,Regional Arterial Pavement Repairs,P021 - P04 Regional Arterial Pavement Repairs.xlsx,907,Site Relocations (Along Road),2011-09-01,5,0.0,28856.150000000005,0.0
P04,Regional Arterial Pavement Repairs,P021 - P04 Regional Arterial Pavement Repairs.xlsx,911,Accommodation,2011-09-01,5,38748.66142648748,60399.53,54939.754847228214
P04,Regional Arterial Pavement Repairs,P021 - P04 Regional Arterial Pavement Repairs.xlsx,13,QA Testing,2011-10-01,6,0.0,4750.0,0.0
P04,Regional Arterial Pavement Repairs,P021 - P04 Regional Arterial Pavement Repairs.xlsx,191,Dayworks - Cleaning Drains,2011-10-01,6,38967.27272727273,90202.42000000011,42214.545454545456
P04,Regional Arterial Pavement Repairs,P021 - P04 Regional Arterial Pavement Repairs.xlsx,62,Purchase Water - IRC,2011-10-01,6,0.0,0.0,0.0
P04,Regional Arterial Pavement Repairs,P021 - P04 Regional Arterial Pavement Repairs.xlsx,64,Sweep & Prime / Primer seal or Seal,2011-10-01,6,90032.61488928892,139834.14499999993,90032.61488928892
P04,Regional Arterial Pavement Repairs,P021 - P04 Regional Arterial Pavement Repairs.xlsx,68,Insitu Stabilisation,2011-10-01,6,438808.95731323137,223781.70000000016,438808.95731323137
P04,Regional Arterial Pavement Repairs,P021 - P04 Regional Arterial Pavement Repairs.xlsx,902,Project Supervision,2011-10-01,6,38057.580852424864,90848.14999999992,40510.33261599541
P04,Regional Arterial Pavement Repairs,P021 - P04 Regional Arterial Pavement Repairs.xlsx,905,Small Tools,2011-10-01,6,0.0,5697.75,0.0
P04,Regional Arterial Pavement Repairs,P021 - P04 Regional Arterial Pavement Repairs.xlsx,907,Site Relocations (Along Road),2011-10-01,6,0.0,36682.5,0.0
P04,Regional Arterial Pavement Repairs,P021 - P04 Regional Arterial Pavement Repairs.xlsx,911,Accommodation,2011-10-01,6,47371.017722461904,67366.89,60252.61026102611
P04,Regional Arterial Pavement Repairs,P021 - P04 Regional Arterial Pavement Repairs.xlsx,13,QA Testing,2011-11-01,7,0.0,4750.0,0.0
P04,Regional Arterial Pavement Repairs,P021 - P04 Regional Arterial Pavement Repairs.xlsx,191,Dayworks - Cleaning Drains,2011-11-01,7,44650.0,91621.18000000011,44650.0
P04,Regional Arterial Pavement Repairs,P021 - P04 Regional Arterial Pavement Repairs.xlsx,62,Purchase Water - IRC,2011-11-01,7,0.0,0.0,0.0
P04,Regional Arterial Pavement Repairs,P021 - P04 Regional Arterial Pavement Repairs.xlsx,64,Sweep & Prime / Primer seal or Seal,2011-11-01,7,90032.61488928892,139834.14499999993,90032.61488928892
P04,Regional Arterial Pavement Repairs,P021 - P04 Regional Arterial Pavement Repairs.xlsx,68,Insitu Stabilisation,2011-11-01,7,438808.95731323137,223781.70000000016,438808.95731323137
P04,Regional Arterial Pavement Repairs,P021 - P04 Regional Arterial Pavement Repairs.xlsx,902,Project Supervision,2011-11-01,7,42021.91219121912,90848.14999999992,42021.91219121912
P04,Regional Arterial Pavement Repairs,P021 - P04 Regional Arterial Pavement Repairs.xlsx,905,Small Tools,2011-11-01,7,0.0,5697.75,0.0
P04,Regional Arterial Pavement Repairs,P021 - P04 Regional Arterial Pavement Repairs.xlsx,907,Site Relocations (Along Road),2011-11-01,7,0.0,36682.5,0.0
P04,Regional Arterial Pavement Repairs,P021 - P04 Regional Arterial Pavement Repairs.xlsx,911,Accommodation,2011-11-01,7,60252.61026102611,67366.89,60252.61026102611
P04,Regional Arterial Pavement Repairs,P021 - P04 Regional Arterial Pavement Repairs.xlsx,13,QA Testing,2012-09-01,8,0.0,4750.0,0.0
P04,Regional Arterial Pavement Repairs,P021 - P04 Regional Arterial Pavement Repairs.xlsx,191,Dayworks - Cleaning Drains,2012-09-01,8,44650.0,94517.63000000012,44650.0
P04,Regional Arterial Pavement Repairs,P021 - P04 Regional Arterial Pavement Repairs.xlsx,62,Purchase Water - IRC,2012-09-01,8,0.0,420.0,0.0
P04,Regional Arterial Pavement Repairs,P021 - P04 Regional Arterial Pavement Repairs.xlsx,64,Sweep & Prime / Primer seal or Seal,2012-09-01,8,90032.61488928892,145851.25499999986,90032.61488928892
P04,Regional Arterial Pavement Repairs,P021 - P04 Regional Arterial Pavement Repairs.xlsx,68,Insitu Stabilisation,2012-09-01,8,438808.95731323137,223781.70000000016,438808.95731323137
P04,Regional Arterial Pavement Repairs,P021 - P04 Regional Arterial Pavement Repairs.xlsx,902,Project Supervision,2012-09-01,8,42021.91219121912,93792.49499999991,42021.91219121912
P04,Regional Arterial Pavement Repairs,P021 - P04 Regional Arterial Pavement Repairs.xlsx,905,Small Tools,2012-09-01,8,0.0,5697.75,0.0
P04,Regional Arterial Pavement Repairs,P021 - P04 Regional Arterial Pavement Repairs.xlsx,907,Site Relocations (Along Road),2012-09-01,8,0.0,39398.61500000001,0.0
P04,Regional Arterial Pavement Repairs,P021 - P04 Regional Arterial Pavement Repairs.xlsx,911,Accommodation,2012-09-01,8,60252.61026102611,67366.89,60252.61026102611
P05,Semi-Urban Road Reconstruction,P022 - P05 Semi-Urban Road Reconstruction.xlsx,103,Water Sub-Contractor,2011-09-01,1,0.0,0.0,0.0
P05,Semi-Urban Road Reconstruction,P022 - P05 Semi-Urban Road Reconstruction.xlsx,11,Survey - Construction,2011-09-01,1,2220.0,720.0,0.0
P05,Semi-Urban Road Reconstruction,P022 - P05 Semi-Urban Road Reconstruction.xlsx,121,Landscaping Sub-contractors,2011-09-01,1,0.0,0.0,0.0
P05,Semi-Urban Road Reconstruction,P022 - P05 Semi-Urban Road Reconstruction.xlsx,13,QA Testing,2011-09-01,1,3346.0,0.0,3346.0
P05,Semi-Urban Road Reconstruction,P022 - P05 Semi-Urban Road Reconstruction.xlsx,141,Traffic Controllers,2011-09-01,1,5992.185520802885,7903.41,1348.241742180649
P05,Semi-Urban Road Reconstruction,P022 - P05 Semi-Urban Road Reconstruction.xlsx,15,Service Locations,2011-09-01,1,0.0,0.0,0.0
P05,Semi-Urban Road Reconstruction,P022 - P05 Semi-Urban Road Reconstruction.xlsx,151,Supply & Place Silt fences,2011-09-01,1,16000.0,0.0,0.0
P05,Semi-Urban Road Reconstruction,P022 - P05 Semi-Urban Road Reconstruction.xlsx,181,Supply & Place Box Culverts,2011-09-01,1,21091.42972990333,19480.190000000002,21091.42972990333
P05,Semi-Urban Road Reconstruction,P022 - P05 Semi-Urban Road Reconstruction.xlsx,182,Supply Base Slabs,2011-09-01,1,4607.621052631579,0.0,3784.8315789473686
P05,Semi-Urban Road Reconstruction,P022 - P05 Semi-Urban Road Reconstruction.xlsx,22,Disposal offsite - Clearing waste,2011-09-01,1,0.0,0.0,0.0
P05,Semi-Urban Road Reconstruction,P022 - P05 Semi-Urban Road Reconstruction.xlsx,31,Strip Topsoil to Stockpile,2011-09-01,1,7758.110477714437,65243.68000000001,7203.959729306263
P05,Semi-Urban Road Reconstruction,P022 - P05 Semi-Urban Road Reconstruction.xlsx,41,Demolition works,2011-09-01,1,0.0,0.0,0.0
P05,Semi-Urban Road Reconstruction,P022 - P05 Semi-Urban Road Reconstruction.xlsx,53,Cut to Spoil,2011-09-01,1,5534.889613240911,1276.8,1660.4668839722733
P05,Semi-Urban Road Reconstruction,P022 - P05 Semi-Urban Road Reconstruction.xlsx,55,Place General Fill,2011-09-01,1,0.0,0.0,0.0
P05,Semi-Urban Road Reconstruction,P022 - P05 Semi-Urban Road Reconstruction.xlsx,61,Subgrade Preparation,2011-09-01,1,4559.045119783289,0.0,0.0
P05,Semi-Urban Road Reconstruction,P022 - P05 Semi-Urban Road Reconstruction.xlsx,62,Place & Compact Gravel,2011-09-01,1,14564.900315748884,1127.92,815.6344176819375
P05,Semi-Urban Road Reconstruction,P022 - P05 Semi-Urban Road Reconstruction.xlsx,63,Trim All Layers,2011-09-01,1,1778.542885897834,0.0,0.0
P05,Semi-Urban Road Reconstruction,P022 - P05 Semi-Urban Road Reconstruction.xlsx,64,Sweep & Prime / Primer seal or Seal,2011-09-01,1,0.0,0.0,0.0
P05,Semi-Urban Road Reconstruction,P022 - P05 Semi-Urban Road Reconstruction.xlsx,65,Asphalt,2011-09-01,1,0.0,0.0,0.0
P05,Semi-Urban Road Reconstruction,P022 - P05 Semi-Urban Road Reconstruction.xlsx,66,Linemarking,2011-09-01,1,0.0,0.0,0.0
P05,Semi-Urban Road Reconstruction,P022 - P05 Semi-Urban Road Reconstruction.xlsx,67,Install Road Furniture,2011-09-01,1,5614.75,0.0,5614.75
P05,Semi-Urban Road Reconstruction,P022 - P05 Semi-Urban Road Reconstruction.xlsx,68,Insitu Stabilisation of Subgrade,2011-09-01,1,0.0,225.0,0.0
P05,Semi-Urban Road Reconstruction,P022 - P05 Semi-Urban Road Reconstruction.xlsx,71,Place Kerb & Channel / Inverts,2011-09-01,1,0.0,0.0,0.0
P05,Semi-Urban Road Reconstruction,P022 - P05 Semi-Urban Road Reconstruction.xlsx,72,Form & Pour Headwalls,2011-09-01,1,0.0,0.0,0.0
P05,Semi-Urban Road Reconstruction,P022 - P05 Semi-Urban Road Reconstruction.xlsx,73,Form & Place Footpath,2011-09-01,1,0.0,0.0,0.0
P05,Semi-Urban Road Reconstruction,P022 - P05 Semi-Urban Road Reconstruction.xlsx,75,Saw Cutting/Joint sealing,2011-09-01,1,0.0,0.0,0.0
P05,Semi-Urban Road Reconstruction,P022 - P05 Semi-Urban Road Reconstruction.xlsx,81,> 450,2011-09-01,1,20029.58837329084,14553.384999999998,17593.990427098674
P05,Semi-Urban Road Reconstruction,P022 - P05 Semi-Urban Road Reconstruction.xlsx,87,Supply & Place Subsoil Drainage,2011-09-01,1,0.0,0.0,0.0
P05,Semi-Urban Road Reconstruction,P022 - P05 Semi-Urban Road Reconstruction.xlsx,902,Project Supervision,2011-09-01,1,8497.692307692309,12970.119999999997,9347.46153846154
P05,Semi-Urban Road Reconstruction,P022 - P05 Semi-Urban Road Reconstruction.xlsx,903,Project Facilities,2011-09-01,1,2500.0,729.39,2500.0
P05,Semi-Urban Road Reconstruction,P022 - P05 Semi-Urban Road Reconstruction.xlsx,904,"Project Insurance, Fees & Levies",2011-09-01,1,12750.0,3922.0,19125.0
P05,Semi-Urban Road Reconstruction,P022 - P05 Semi-Urban Road Reconstruction.xlsx,905,small tools,2011-09-01,1,0.0,3377.058,0.0
P05,Semi-Urban Road Reconstruction,P022 - P05 Semi-Urban Road Reconstruction.xlsx,907,Site Establishment,2011-09-01,1,6900.0,5153.88,6900.0
P05,Semi-Urban Road Reconstruction,P022 - P05 Semi-Urban Road Reconstruction.xlsx,103,Water Sub-Contractor,2011-10-01,2,0.0,0.0,0.0
P05,Semi-Urban Road Reconstruction,P022 - P05 Semi-Urban Road Reconstruction.xlsx,11,Survey - Construction,2011-10-01,2,4440.0,7669.1,7030.0
P05,Semi-Urban Road Reconstruction,P022 - P05 Semi-Urban Road Reconstruction.xlsx,121,Landscaping Sub-contractors,2011-10-01,2,0.0,0.0,0.0
P05,Semi-Urban Road Reconstruction,P022 - P05 Semi-Urban Road Reconstruction.xlsx,13,QA Testing,2011-10-01,2,6692.0,1600.0,8365.0
P05,Semi-Urban Road Reconstruction,P022 - P05 Semi-Urban Road Reconstruction.xlsx,141,Traffic Controllers,2011-10-01,2,11984.37104160577,15179.520000000002,2157.1867874890386
P05,Semi-Urban Road Reconstruction,P022 - P05 Semi-Urban Road Reconstruction.xlsx,15,Service Locations,2011-10-01,2,0.0,0.0,0.0
P05,Semi-Urban Road Reconstruction,P022 - P05 Semi-Urban Road Reconstruction.xlsx,151,Supply & Place Silt fences,2011-10-01,2,16000.0,0.0,0.0
P05,Semi-Urban Road Reconstruction,P022 - P05 Semi-Urban Road Reconstruction.xlsx,181,Supply & Place Box Culverts,2011-10-01,2,48208.98223977904,38187.17000000001,40676.32876481357
P05,Semi-Urban Road Reconstruction,P022 - P05 Semi-Urban Road Reconstruction.xlsx,182,Supply Base Slabs,2011-10-01,2,8721.568421052632,0.0,8721.568421052632
P05,Semi-Urban Road Reconstruction,P022 - P05 Semi-Urban Road Reconstruction.xlsx,22,Disposal offsite - Clearing waste,2011-10-01,2,10375.0,3641.7499999999995,5187.5
P05,Semi-Urban Road Reconstruction,P022 - P05 Semi-Urban Road Reconstruction.xlsx,31,Strip Topsoil to Stockpile,2011-10-01,2,7758.110477714437,70756.18000000001,7758.110477714437
P05,Semi-Urban Road Reconstruction,P022 - P05 Semi-Urban Road Reconstruction.xlsx,41,Demolition works,2011-10-01,2,7950.0,2852.475,7950.0
P05,Semi-Urban Road Reconstruction,P022 - P05 Semi-Urban Road Reconstruction.xlsx,53,Cut to Spoil,2011-10-01,2,49814.0065191682,30926.475000000002,43725.6279446032
P05,Semi-Urban Road Reconstruction,P022 - P05 Semi-Urban Road Reconstruction.xlsx,55,Place General Fill,2011-10-01,2,0.0,0.0,0.0
P05,Semi-Urban Road Reconstruction,P022 - P05 Semi-Urban Road Reconstruction.xlsx,61,Subgrade Preparation,2011-10-01,2,13464.0,26831.6,13464.0
P05,Semi-Urban Road Reconstruction,P022 - P05 Semi-Urban Road Reconstruction.xlsx,62,Place & Compact Gravel,2011-10-01,2,90244.12235638009,114398.01000000001,90011.08395132811
P05,Semi-Urban Road Reconstruction,P022 - P05 Semi-Urban Road Reconstruction.xlsx,63,Trim All Layers,2011-10-01,2,8341.36613486084,3453.6,8341.36613486084
P05,Semi-Urban Road Reconstruction,P022 - P05 Semi-Urban Road Reconstruction.xlsx,64,Sweep & Prime / Primer seal or Seal,2011-10-01,2,66920.9525043044,69005.5,66920.9525043044
P05,Semi-Urban Road Reconstruction,P022 - P05 Semi-Urban Road Reconstruction.xlsx,65,Asphalt,2011-10-01,2,0.0,0.0,0.0
P05,Semi-Urban Road Reconstruction,P022 - P05 Semi-Urban Road Reconstruction.xlsx,66,Linemarking,2011-10-01,2,0.0,0.0,0.0
P05,Semi-Urban Road Reconstruction,P022 - P05 Semi-Urban Road Reconstruction.xlsx,67,Install Road Furniture,2011-10-01,2,5614.75,0.0,6176.225
P05,Semi-Urban Road Reconstruction,P022 - P05 Semi-Urban Road Reconstruction.xlsx,68,Insitu Stabilisation of Subgrade,2011-10-01,2,5652.722888102821,16695.645,10578.667119163852
P05,Semi-Urban Road Reconstruction,P022 - P05 Semi-Urban Road Reconstruction.xlsx,71,Place Kerb & Channel / Inverts,2011-10-01,2,0.0,400.0,0.0
P05,Semi-Urban Road Reconstruction,P022 - P05 Semi-Urban Road Reconstruction.xlsx,72,Form & Pour Headwalls,2011-10-01,2,0.0,0.0,0.0
P05,Semi-Urban Road Reconstruction,P022 - P05 Semi-Urban Road Reconstruction.xlsx,73,Form & Place Footpath,2011-10-01,2,0.0,0.0,0.0
P05,Semi-Urban Road Reconstruction,P022 - P05 Semi-Urban Road Reconstruction.xlsx,75,Saw Cutting/Joint sealing,2011-10-01,2,0.0,0.0,0.0
P05,Semi-Urban Road Reconstruction,P022 - P05 Semi-Urban Road Reconstruction.xlsx,81,> 450,2011-10-01,2,41052.64432989691,32464.274999999994,41052.64432989691
P05,Semi-Urban Road Reconstruction,P022 - P05 Semi-Urban Road Reconstruction.xlsx,87,Supply & Place Subsoil Drainage,2011-10-01,2,17920.129147746233,9624.465,31360.22600855591
P05,Semi-Urban Road Reconstruction,P022 - P05 Semi-Urban Road Reconstruction.xlsx,902,Project Supervision,2011-10-01,2,25493.076923076926,35735.18500000001,25917.96153846154
P05,Semi-Urban Road Reconstruction,P022 - P05 Semi-Urban Road Reconstruction.xlsx,903,Project Facilities,2011-10-01,2,7500.0,4316.950000000001,7500.0
P05,Semi-Urban Road Reconstruction,P022 - P05 Semi-Urban Road Reconstruction.xlsx,904,"Project Insurance, Fees & Levies",2011-10-01,2,25500.0,5722.72,25500.0
P05,Semi-Urban Road Reconstruction,P022 - P05 Semi-Urban Road Reconstruction.xlsx,905,small tools,2011-10-01,2,0.0,3810.4480000000003,0.0
P05,Semi-Urban Road Reconstruction,P022 - P05 Semi-Urban Road Reconstruction.xlsx,907,Site Establishment,2011-10-01,2,13800.0,9205.990000000003,12420.0
P05,Semi-Urban Road Reconstruction,P022 - P05 Semi-Urban Road Reconstruction.xlsx,103,Water Sub-Contractor,2011-11-01,3,0.0,0.0,0.0
P05,Semi-Urban Road Reconstruction,P022 - P05 Semi-Urban Road Reconstruction.xlsx,11,Survey - Construction,2011-11-01,3,10360.0,12165.0,11470.0
P05,Semi-Urban Road Reconstruction,P022 - P05 Semi-Urban Road Reconstruction.xlsx,121,Landscaping Sub-contractors,2011-11-01,3,0.0,0.0,0.0
P05,Semi-Urban Road Reconstruction,P022 - P05 Semi-Urban Road Reconstruction.xlsx,13,QA Testing,2011-11-01,3,13384.0,2769.54,13384.0
P05,Semi-Urban Road Reconstruction,P022 - P05 Semi-Urban Road Reconstruction.xlsx,141,Traffic Controllers,2011-11-01,3,17976.556562408652,15497.670000000002,2277.030497905096
P05,Semi-Urban Road Reconstruction,P022 - P05 Semi-Urban Road Reconstruction.xlsx,15,Service Locations,2011-11-01,3,0.0,130.0,0.0
P05,Semi-Urban Road Reconstruction,P022 - P05 Semi-Urban Road Reconstruction.xlsx,151,Supply & Place Silt fences,2011-11-01,3,16000.0,0.0,0.0
P05,Semi-Urban Road Reconstruction,P022 - P05 Semi-Urban Road Reconstruction.xlsx,181,Supply & Place Box Culverts,2011-11-01,3,64479.51374570447,42587.17000000001,46401.14540578733
P05,Semi-Urban Road Reconstruction,P022 - P05 Semi-Urban Road Reconstruction.xlsx,182,Supply Base Slabs,2011-11-01,3,8721.568421052632,11490.0,8721.568421052632
P05,Semi-Urban Road Reconstruction,P022 - P05 Semi-Urban Road Reconstruction.xlsx,22,Disposal offsite - Clearing waste,2011-11-01,3,20750.0,13933.58,20750.0
P05,Semi-Urban Road Reconstruction,P022 - P05 Semi-Urban Road Reconstruction.xlsx,31,Strip Topsoil to Stockpile,2011-11-01,3,7758.110477714437,70756.18000000001,7758.110477714437
P05,Semi-Urban Road Reconstruction,P022 - P05 Semi-Urban Road Reconstruction.xlsx,41,Demolition works,2011-11-01,3,15900.0,5217.475,15900.0
P05,Semi-Urban Road Reconstruction,P022 - P05 Semi-Urban Road Reconstruction.xlsx,53,Cut to Spoil,2011-11-01,3,49814.0065191682,33731.475000000006,47876.79515453388
P05,Semi-Urban Road Reconstruction,P022 - P05 Semi-Urban Road Reconstruction.xlsx,55,Place General Fill,2011-11-01,3,0.0,0.0,0.0
P05,Semi-Urban Road Reconstruction,P022 - P05 Semi-Urban Road Reconstruction.xlsx,61,Subgrade Preparation,2011-11-01,3,13464.0,26831.6,13464.0
P05,Semi-Urban Road Reconstruction,P022 - P05 Semi-Urban Road Reconstruction.xlsx,62,Place & Compact Gravel,2011-11-01,3,90244.12235638009,134531.66,107343.31532706929
P05,Semi-Urban Road Reconstruction,P022 - P05 Semi-Urban Road Reconstruction.xlsx,63,Trim All Layers,2011-11-01,3,8341.36613486084,3453.6,8341.36613486084
P05,Semi-Urban Road Reconstruction,P022 - P05 Semi-Urban Road Reconstruction.xlsx,64,Sweep & Prime / Primer seal or Seal,2011-11-01,3,66920.9525043044,69005.5,66920.9525043044
P05,Semi-Urban Road Reconstruction,P022 - P05 Semi-Urban Road Reconstruction.xlsx,65,Asphalt,2011-11-01,3,0.0,0.0,0.0
P05,Semi-Urban Road Reconstruction,P022 - P05 Semi-Urban Road Reconstruction.xlsx,66,Linemarking,2011-11-01,3,0.0,0.0,0.0
P05,Semi-Urban Road Reconstruction,P022 - P05 Semi-Urban Road Reconstruction.xlsx,67,Install Road Furniture,2011-11-01,3,5614.75,810.0,6176.225
P05,Semi-Urban Road Reconstruction,P022 - P05 Semi-Urban Road Reconstruction.xlsx,68,Insitu Stabilisation of Subgrade,2011-11-01,3,30573.155506224688,47297.13000000002,30573.155506224688
P05,Semi-Urban Road Reconstruction,P022 - P05 Semi-Urban Road Reconstruction.xlsx,71,Place Kerb & Channel / Inverts,2011-11-01,3,2691.5265071770336,3520.0,2691.5265071770336
P05,Semi-Urban Road Reconstruction,P022 - P05 Semi-Urban Road Reconstruction.xlsx,72,Form & Pour Headwalls,2011-11-01,3,12000.0,3440.3250000000003,10800.0
P05,Semi-Urban Road Reconstruction,P022 - P05 Semi-Urban Road Reconstruction.xlsx,73,Form & Place Footpath,2011-11-01,3,0.0,0.0,0.0
P05,Semi-Urban Road Reconstruction,P022 - P05 Semi-Urban Road Reconstruction.xlsx,75,Saw Cutting/Joint sealing,2011-11-01,3,254.89156626506025,269.28,254.89156626506025
P05,Semi-Urban Road Reconstruction,P022 - P05 Semi-Urban Road Reconstruction.xlsx,81,> 450,2011-11-01,3,41052.64432989691,32464.274999999994,41052.64432989691
P05,Semi-Urban Road Reconstruction,P022 - P05 Semi-Urban Road Reconstruction.xlsx,87,Supply & Place Subsoil Drainage,2011-11-01,3,50534.76419664438,10214.465,33331.440214808
P05,Semi-Urban Road Reconstruction,P022 - P05 Semi-Urban Road Reconstruction.xlsx,902,Project Supervision,2011-11-01,3,31866.346153846156,39554.66500000001,28722.2
P05,Semi-Urban Road Reconstruction,P022 - P05 Semi-Urban Road Reconstruction.xlsx,903,Project Facilities,2011-11-01,3,15000.0,9551.79,12500.0
P05,Semi-Urban Road Reconstruction,P022 - P05 Semi-Urban Road Reconstruction.xlsx,904,"Project Insurance, Fees & Levies",2011-11-01,3,25500.0,5722.72,25500.0
P05,Semi-Urban Road Reconstruction,P022 - P05 Semi-Urban Road Reconstruction.xlsx,905,small tools,2011-11-01,3,0.0,4399.798000000001,0.0
P05,Semi-Urban Road Reconstruction,P022 - P05 Semi-Urban Road Reconstruction.xlsx,907,Site Establishment,2011-11-01,3,13800.0,10026.460000000003,13110.0
P05,Semi-Urban Road Reconstruction,P022 - P05 Semi-Urban Road Reconstruction.xlsx,103,Water Sub-Contractor,2011-12-01,4,13500.0,13840.0,13500.0
P05,Semi-Urban Road Reconstruction,P022 - P05 Semi-Urban Road Reconstruction.xlsx,11,Survey - Construction,2011-12-01,4,12580.0,13592.52,12950.0
P05,Semi-Urban Road Reconstruction,P022 - P05 Semi-Urban Road Reconstruction.xlsx,121,Landscaping Sub-contractors,2011-12-01,4,0.0,0.0,0.0
P05,Semi-Urban Road Reconstruction,P022 - P05 Semi-Urban Road Reconstruction.xlsx,13,QA Testing,2011-12-01,4,20076.0,2769.54,13384.0
P05,Semi-Urban Road Reconstruction,P022 - P05 Semi-Urban Road Reconstruction.xlsx,141,Traffic Controllers,2011-12-01,4,23968.74208321154,15497.670000000002,2277.030497905096
P05,Semi-Urban Road Reconstruction,P022 - P05 Semi-Urban Road Reconstruction.xlsx,15,Service Locations,2011-12-01,4,0.0,130.0,0.0
P05,Semi-Urban Road Reconstruction,P022 - P05 Semi-Urban Road Reconstruction.xlsx,151,Supply & Place Silt fences,2011-12-01,4,16000.0,0.0,0.0
P05,Semi-Urban Road Reconstruction,P022 - P05 Semi-Urban Road Reconstruction.xlsx,181,Supply & Place Box Culverts,2011-12-01,4,64479.51374570447,56447.17000000001,62069.06463371552
P05,Semi-Urban Road Reconstruction,P022 - P05 Semi-Urban Road Reconstruction.xlsx,182,Supply Base Slabs,2011-12-01,4,8721.568421052632,11490.0,8721.568421052632
P05,Semi-Urban Road Reconstruction,P022 - P05 Semi-Urban Road Reconstruction.xlsx,22,Disposal offsite - Clearing waste,2011-12-01,4,20750.0,13933.58,0.0
P05,Semi-Urban Road Reconstruction,P022 - P05 Semi-Urban Road Reconstruction.xlsx,31,Strip Topsoil to Stockpile,2011-12-01,4,7758.110477714437,70756.18000000001,7758.110477714437
P05,Semi-Urban Road Reconstruction,P022 - P05 Semi-Urban Road Reconstruction.xlsx,41,Demolition works,2011-12-01,4,15900.0,5217.475,15900.0
P05,Semi-Urban Road Reconstruction,P022 - P05 Semi-Urban Road Reconstruction.xlsx,53,Cut to Spoil,2011-12-01,4,49814.0065191682,33731.475000000006,47876.79515453388
P05,Semi-Urban Road Reconstruction,P022 - P05 Semi-Urban Road Reconstruction.xlsx,55,Place General Fill,2011-12-01,4,0.0,0.0,0.0
P05,Semi-Urban Road Reconstruction,P022 - P05 Semi-Urban Road Reconstruction.xlsx,61,Subgrade Preparation,2011-12-01,4,13464.0,26831.6,13464.0
P05,Semi-Urban Road Reconstruction,P022 - P05 Semi-Urban Road Reconstruction.xlsx,62,Place & Compact Gravel,2011-12-01,4,90244.12235638009,138382.37,110401.94439337654
P05,Semi-Urban Road Reconstruction,P022 - P05 Semi-Urban Road Reconstruction.xlsx,63,Trim All Layers,2011-12-01,4,8341.36613486084,3453.6,8341.36613486084
P05,Semi-Urban Road Reconstruction,P022 - P05 Semi-Urban Road Reconstruction.xlsx,64,Sweep & Prime / Primer seal or Seal,2011-12-01,4,133841.9050086088,125506.06,133841.9050086088
P05,Semi-Urban Road Reconstruction,P022 - P05 Semi-Urban Road Reconstruction.xlsx,65,Asphalt,2011-12-01,4,0.0,0.0,0.0
P05,Semi-Urban Road Reconstruction,P022 - P05 Semi-Urban Road Reconstruction.xlsx,66,Linemarking,2011-12-01,4,0.0,0.0,0.0
P05,Semi-Urban Road Reconstruction,P022 - P05 Semi-Urban Road Reconstruction.xlsx,67,Install Road Furniture,2011-12-01,4,11229.5,4862.5,8422.125
P05,Semi-Urban Road Reconstruction,P022 - P05 Semi-Urban Road Reconstruction.xlsx,68,Insitu Stabilisation of Subgrade,2011-12-01,4,30573.155506224688,47297.13000000002,30573.155506224688
P05,Semi-Urban Road Reconstruction,P022 - P05 Semi-Urban Road Reconstruction.xlsx,71,Place Kerb & Channel / Inverts,2011-12-01,4,13065.118253588516,3520.0,2691.5265071770336
P05,Semi-Urban Road Reconstruction,P022 - P05 Semi-Urban Road Reconstruction.xlsx,72,Form & Pour Headwalls,2011-12-01,4,21000.0,4851.985000000001,15000.0
P05,Semi-Urban Road Reconstruction,P022 - P05 Semi-Urban Road Reconstruction.xlsx,73,Form & Place Footpath,2011-12-01,4,0.0,0.0,0.0
P05,Semi-Urban Road Reconstruction,P022 - P05 Semi-Urban Road Reconstruction.xlsx,75,Saw Cutting/Joint sealing,2011-12-01,4,254.89156626506025,269.28,254.89156626506025
P05,Semi-Urban Road Reconstruction,P022 - P05 Semi-Urban Road Reconstruction.xlsx,81,> 450,2011-12-01,4,41052.64432989691,32464.274999999994,41052.64432989691
P05,Semi-Urban Road Reconstruction,P022 - P05 Semi-Urban Road Reconstruction.xlsx,87,Supply & Place Subsoil Drainage,2011-12-01,4,63795.65976597659,10214.465,33331.440214808
P05,Semi-Urban Road Reconstruction,P022 - P05 Semi-Urban Road Reconstruction.xlsx,902,Project Supervision,2011-12-01,4,36115.19230769231,39899.615000000005,28679.711538461543
P05,Semi-Urban Road Reconstruction,P022 - P05 Semi-Urban Road Reconstruction.xlsx,903,Project Facilities,2011-12-01,4,16250.0,9892.690000000002,12500.0
P05,Semi-Urban Road Reconstruction,P022 - P05 Semi-Urban Road Reconstruction.xlsx,904,"Project Insurance, Fees & Levies",2011-12-01,4,25500.0,5722.72,25500.0
P05,Semi-Urban Road Reconstruction,P022 - P05 Semi-Urban Road Reconstruction.xlsx,905,small tools,2011-12-01,4,0.0,4469.298000000001,0.0
P05,Semi-Urban Road Reconstruction,P022 - P05 Semi-Urban Road Reconstruction.xlsx,907,Site Establishment,2011-12-01,4,13800.0,10026.460000000003,13800.0
P05,Semi-Urban Road Reconstruction,P022 - P05 Semi-Urban Road Reconstruction.xlsx,103,Water Sub-Contractor,2012-01-01,5,13500.0,13840.0,13500.0
P05,Semi-Urban Road Reconstruction,P022 - P05 Semi-Urban Road Reconstruction.xlsx,11,Survey - Construction,2012-01-01,5,15540.0,13592.52,12950.0
P05,Semi-Urban Road Reconstruction,P022 - P05 Semi-Urban Road Reconstruction.xlsx,121,Landscaping Sub-contractors,2012-01-01,5,27489.0,0.0,0.0
P05,Semi-Urban Road Reconstruction,P022 - P05 Semi-Urban Road Reconstruction.xlsx,13,QA Testing,2012-01-01,5,23422.0,4151.44,25095.0
P05,Semi-Urban Road Reconstruction,P022 - P05 Semi-Urban Road Reconstruction.xlsx,141,Traffic Controllers,2012-01-01,5,25167.179187372116,19127.455000000005,2996.0927604014423
P05,Semi-Urban Road Reconstruction,P022 - P05 Semi-Urban Road Reconstruction.xlsx,15,Service Locations,2012-01-01,5,4455.0,130.0,0.0
P05,Semi-Urban Road Reconstruction,P022 - P05 Semi-Urban Road Reconstruction.xlsx,151,Supply & Place Silt fences,2012-01-01,5,16000.0,0.0,0.0
P05,Semi-Urban Road Reconstruction,P022 - P05 Semi-Urban Road Reconstruction.xlsx,181,Supply & Place Box Culverts,2012-01-01,5,64479.51374570447,56447.17000000001,62069.06463371552
P05,Semi-Urban Road Reconstruction,P022 - P05 Semi-Urban Road Reconstruction.xlsx,182,Supply Base Slabs,2012-01-01,5,8721.568421052632,11490.0,8721.568421052632
P05,Semi-Urban Road Reconstruction,P022 - P05 Semi-Urban Road Reconstruction.xlsx,22,Disposal offsite - Clearing waste,2012-01-01,5,20750.0,13933.58,0.0
P05,Semi-Urban Road Reconstruction,P022 - P05 Semi-Urban Road Reconstruction.xlsx,31,Strip Topsoil to Stockpile,2012-01-01,5,7758.110477714437,70756.18000000001,7758.110477714437
P05,Semi-Urban Road Reconstruction,P022 - P05 Semi-Urban Road Reconstruction.xlsx,41,Demolition works,2012-01-01,5,15900.0,5217.475,15900.0
P05,Semi-Urban Road Reconstruction,P022 - P05 Semi-Urban Road Reconstruction.xlsx,53,Cut to Spoil,2012-01-01,5,56732.61853571934,38619.589650000016,54795.40717108502
P05,Semi-Urban Road Reconstruction,P022 - P05 Semi-Urban Road Reconstruction.xlsx,55,Place General Fill,2012-01-01,5,0.0,0.0,0.0
P05,Semi-Urban Road Reconstruction,P022 - P05 Semi-Urban Road Reconstruction.xlsx,61,Subgrade Preparation,2012-01-01,5,13464.0,26831.6,13464.0
P05,Semi-Urban Road Reconstruction,P022 - P05 Semi-Urban Road Reconstruction.xlsx,62,Place & Compact Gravel,2012-01-01,5,116519.20252599107,152631.495,125767.91422649162
P05,Semi-Urban Road Reconstruction,P022 - P05 Semi-Urban Road Reconstruction.xlsx,63,Trim All Layers,2012-01-01,5,9421.830938043775,5602.8150000000005,9421.830938043775
P05,Semi-Urban Road Reconstruction,P022 - P05 Semi-Urban Road Reconstruction.xlsx,64,Sweep & Prime / Primer seal or Seal,2012-01-01,5,133841.9050086088,125506.06,0.0
P05,Semi-Urban Road Reconstruction,P022 - P05 Semi-Urban Road Reconstruction.xlsx,65,Asphalt,2012-01-01,5,0.0,0.0,0.0
P05,Semi-Urban Road Reconstruction,P022 - P05 Semi-Urban Road Reconstruction.xlsx,66,Linemarking,2012-01-01,5,8808.0,0.0,0.0
P05,Semi-Urban Road Reconstruction,P022 - P05 Semi-Urban Road Reconstruction.xlsx,67,Install Road Furniture,2012-01-01,5,11229.5,6261.100000000001,11229.5
P05,Semi-Urban Road Reconstruction,P022 - P05 Semi-Urban Road Reconstruction.xlsx,68,Insitu Stabilisation of Subgrade,2012-01-01,5,30573.155506224688,47297.13000000002,30573.155506224688
P05,Semi-Urban Road Reconstruction,P022 - P05 Semi-Urban Road Reconstruction.xlsx,71,Place Kerb & Channel / Inverts,2012-01-01,5,23438.71,4081.2499999999995,2691.5265071770336
P05,Semi-Urban Road Reconstruction,P022 - P05 Semi-Urban Road Reconstruction.xlsx,72,Form & Pour Headwalls,2012-01-01,5,21000.0,4851.985000000001,15000.0
P05,Semi-Urban Road Reconstruction,P022 - P05 Semi-Urban Road Reconstruction.xlsx,73,Form & Place Footpath,2012-01-01,5,0.0,0.0,0.0
P05,Semi-Urban Road Reconstruction,P022 - P05 Semi-Urban Road Reconstruction.xlsx,75,Saw Cutting/Joint sealing,2012-01-01,5,3526.0,711.18,637.2289156626506
P05,Semi-Urban Road Reconstruction,P022 - P05 Semi-Urban Road Reconstruction.xlsx,81,> 450,2012-01-01,5,41052.64432989691,33440.799999999996,41052.64432989691
P05,Semi-Urban Road Reconstruction,P022 - P05 Semi-Urban Road Reconstruction.xlsx,87,Supply & Place Subsoil Drainage,2012-01-01,5,63795.65976597659,18262.525000000005,59494.828770517495
P05,Semi-Urban Road Reconstruction,P022 - P05 Semi-Urban Road Reconstruction.xlsx,902,Project Supervision,2012-01-01,5,40364.03846153847,43042.1095,31229.019230769234
P05,Semi-Urban Road Reconstruction,P022 - P05 Semi-Urban Road Reconstruction.xlsx,903,Project Facilities,2012-01-01,5,16250.0,10745.110000000004,12500.0
P05,Semi-Urban Road Reconstruction,P022 - P05 Semi-Urban Road Reconstruction.xlsx,904,"Project Insurance, Fees & Levies",2012-01-01,5,25500.0,5722.72,25500.0
P05,Semi-Urban Road Reconstruction,P022 - P05 Semi-Urban Road Reconstruction.xlsx,905,small tools,2012-01-01,5,0.0,5479.218,0.0
P05,Semi-Urban Road Reconstruction,P022 - P05 Semi-Urban Road Reconstruction.xlsx,907,Site Establishment,2012-01-01,5,13800.0,10401.460000000003,13800.0
P05,Semi-Urban Road Reconstruction,P022 - P05 Semi-Urban Road Reconstruction.xlsx,103,Water Sub-Contractor,2012-02-01,6,13500.0,13840.0,13500.0
P05,Semi-Urban Road Reconstruction,P022 - P05 Semi-Urban Road Reconstruction.xlsx,11,Survey - Construction,2012-02-01,6,17760.0,15710.37,14985.0
P05,Semi-Urban Road Reconstruction,P022 - P05 Semi-Urban Road Reconstruction.xlsx,121,Landscaping Sub-contractors,2012-02-01,6,27489.0,0.0,0.0
P05,Semi-Urban Road Reconstruction,P022 - P05 Semi-Urban Road Reconstruction.xlsx,13,QA Testing,2012-02-01,6,30114.0,4151.44,25095.0
P05,Semi-Urban Road Reconstruction,P022 - P05 Semi-Urban Road Reconstruction.xlsx,141,Traffic Controllers,2012-02-01,6,26365.616291532693,21548.605000000007,3295.7020364415866
P05,Semi-Urban Road Reconstruction,P022 - P05 Semi-Urban Road Reconstruction.xlsx,15,Service Locations,2012-02-01,6,4455.0,130.0,0.0
P05,Semi-Urban Road Reconstruction,P022 - P05 Semi-Urban Road Reconstruction.xlsx,151,Supply & Place Silt fences,2012-02-01,6,16000.0,0.0,0.0
P05,Semi-Urban Road Reconstruction,P022 - P05 Semi-Urban Road Reconstruction.xlsx,181,Supply & Place Box Culverts,2012-02-01,6,64479.51374570447,56447.17000000001,62069.06463371552
P05,Semi-Urban Road Reconstruction,P022 - P05 Semi-Urban Road Reconstruction.xlsx,182,Supply Base Slabs,2012-02-01,6,8721.568421052632,11490.0,8721.568421052632
P05,Semi-Urban Road Reconstruction,P022 - P05 Semi-Urban Road Reconstruction.xlsx,22,Disposal offsite - Clearing waste,2012-02-01,6,20750.0,13933.58,0.0
P05,Semi-Urban Road Reconstruction,P022 - P05 Semi-Urban Road Reconstruction.xlsx,31,Strip Topsoil to Stockpile,2012-02-01,6,7758.110477714437,71161.18000000001,7979.770777077707
P05,Semi-Urban Road Reconstruction,P022 - P05 Semi-Urban Road Reconstruction.xlsx,41,Demolition works,2012-02-01,6,15900.0,5217.475,15900.0
P05,Semi-Urban Road Reconstruction,P022 - P05 Semi-Urban Road Reconstruction.xlsx,53,Cut to Spoil,2012-02-01,6,62682.62486995332,40212.489650000025,57009.36301638138
P05,Semi-Urban Road Reconstruction,P022 - P05 Semi-Urban Road Reconstruction.xlsx,55,Place General Fill,2012-02-01,6,6310.531053105312,0.0,0.0
P05,Semi-Urban Road Reconstruction,P022 - P05 Semi-Urban Road Reconstruction.xlsx,61,Subgrade Preparation,2012-02-01,6,13464.0,26831.6,13464.0
P05,Semi-Urban Road Reconstruction,P022 - P05 Semi-Urban Road Reconstruction.xlsx,62,Place & Compact Gravel,2012-02-01,6,128112.86317732719,158813.51999999993,128112.86317732719
P05,Semi-Urban Road Reconstruction,P022 - P05 Semi-Urban Road Reconstruction.xlsx,63,Trim All Layers,2012-02-01,6,10504.963555555556,5602.8150000000005,9421.830938043775
P05,Semi-Urban Road Reconstruction,P022 - P05 Semi-Urban Road Reconstruction.xlsx,64,Sweep & Prime / Primer seal or Seal,2012-02-01,6,133841.9050086088,125506.06,0.0
P05,Semi-Urban Road Reconstruction,P022 - P05 Semi-Urban Road Reconstruction.xlsx,65,Asphalt,2012-02-01,6,0.0,0.0,0.0
P05,Semi-Urban Road Reconstruction,P022 - P05 Semi-Urban Road Reconstruction.xlsx,66,Linemarking,2012-02-01,6,8808.0,2580.0,8808.0
P05,Semi-Urban Road Reconstruction,P022 - P05 Semi-Urban Road Reconstruction.xlsx,67,Install Road Furniture,2012-02-01,6,11229.5,6826.700000000002,11229.5
P05,Semi-Urban Road Reconstruction,P022 - P05 Semi-Urban Road Reconstruction.xlsx,68,Insitu Stabilisation of Subgrade,2012-02-01,6,30573.155506224688,47297.13000000002,30573.155506224688
P05,Semi-Urban Road Reconstruction,P022 - P05 Semi-Urban Road Reconstruction.xlsx,71,Place Kerb & Channel / Inverts,2012-02-01,6,23438.71,6346.950000000001,4822.318325358851
P05,Semi-Urban Road Reconstruction,P022 - P05 Semi-Urban Road Reconstruction.xlsx,72,Form & Pour Headwalls,2012-02-01,6,21000.0,4851.985000000001,15000.0
P05,Semi-Urban Road Reconstruction,P022 - P05 Semi-Urban Road Reconstruction.xlsx,73,Form & Place Footpath,2012-02-01,6,0.0,0.0,0.0
P05,Semi-Urban Road Reconstruction,P022 - P05 Semi-Urban Road Reconstruction.xlsx,75,Saw Cutting/Joint sealing,2012-02-01,6,3526.0,4008.49,3526.0
P05,Semi-Urban Road Reconstruction,P022 - P05 Semi-Urban Road Reconstruction.xlsx,81,> 450,2012-02-01,6,41052.64432989691,33440.799999999996,41052.64432989691
P05,Semi-Urban Road Reconstruction,P022 - P05 Semi-Urban Road Reconstruction.xlsx,87,Supply & Place Subsoil Drainage,2012-02-01,6,63795.65976597659,18262.525000000005,59494.828770517495
P05,Semi-Urban Road Reconstruction,P022 - P05 Semi-Urban Road Reconstruction.xlsx,902,Project Supervision,2012-02-01,6,46737.307692307695,46146.659499999994,33990.769230769234
P05,Semi-Urban Road Reconstruction,P022 - P05 Semi-Urban Road Reconstruction.xlsx,903,Project Facilities,2012-02-01,6,16250.0,11027.910000000003,12500.0
P05,Semi-Urban Road Reconstruction,P022 - P05 Semi-Urban Road Reconstruction.xlsx,904,"Project Insurance, Fees & Levies",2012-02-01,6,25500.0,5722.72,25500.0
P05,Semi-Urban Road Reconstruction,P022 - P05 Semi-Urban Road Reconstruction.xlsx,905,small tools,2012-02-01,6,0.0,5744.188,0.0
P05,Semi-Urban Road Reconstruction,P022 - P05 Semi-Urban Road Reconstruction.xlsx,907,Site Establishment,2012-02-01,6,13800.0,10703.960000000003,13800.0
P05,Semi-Urban Road Reconstruction,P022 - P05 Semi-Urban Road Reconstruction.xlsx,103,Water Sub-Contractor,2012-03-01,7,13500.0,13840.0,13500.0
P05,Semi-Urban Road Reconstruction,P022 - P05 Semi-Urban Road Reconstruction.xlsx,11,Survey - Construction,2012-03-01,7,19240.0,19270.52,18500.0
P05,Semi-Urban Road Reconstruction,P022 - P05 Semi-Urban Road Reconstruction.xlsx,121,Landscaping Sub-contractors,2012-03-01,7,27489.0,0.0,0.0
P05,Semi-Urban Road Reconstruction,P022 - P05 Semi-Urban Road Reconstruction.xlsx,13,QA Testing,2012-03-01,7,33460.0,5728.34,33460.0
P05,Semi-Urban Road Reconstruction,P022 - P05 Semi-Urban Road Reconstruction.xlsx,141,Traffic Controllers,2012-03-01,7,27564.053395693267,21548.605000000007,3295.7020364415866
P05,Semi-Urban Road Reconstruction,P022 - P05 Semi-Urban Road Reconstruction.xlsx,15,Service Locations,2012-03-01,7,4455.0,130.0,0.0
P05,Semi-Urban Road Reconstruction,P022 - P05 Semi-Urban Road Reconstruction.xlsx,151,Supply & Place Silt fences,2012-03-01,7,16000.0,0.0,0.0
P05,Semi-Urban Road Reconstruction,P022 - P05 Semi-Urban Road Reconstruction.xlsx,181,Supply & Place Box Culverts,2012-03-01,7,64479.51374570447,56447.17000000001,62069.06463371552
P05,Semi-Urban Road Reconstruction,P022 - P05 Semi-Urban Road Reconstruction.xlsx,182,Supply Base Slabs,2012-03-01,7,8721.568421052632,11490.0,8721.568421052632
P05,Semi-Urban Road Reconstruction,P022 - P05 Semi-Urban Road Reconstruction.xlsx,22,Disposal offsite - Clearing waste,2012-03-01,7,20750.0,13933.58,0.0
P05,Semi-Urban Road Reconstruction,P022 - P05 Semi-Urban Road Reconstruction.xlsx,31,Strip Topsoil to Stockpile,2012-03-01,7,7979.770777077707,71161.18000000001,7979.770777077707
P05,Semi-Urban Road Reconstruction,P022 - P05 Semi-Urban Road Reconstruction.xlsx,41,Demolition works,2012-03-01,7,15900.0,5217.475,15900.0
P05,Semi-Urban Road Reconstruction,P022 - P05 Semi-Urban Road Reconstruction.xlsx,53,Cut to Spoil,2012-03-01,7,62682.62486995332,40527.489650000025,57009.36301638138
P05,Semi-Urban Road Reconstruction,P022 - P05 Semi-Urban Road Reconstruction.xlsx,55,Place General Fill,2012-03-01,7,6310.531053105312,0.0,0.0
P05,Semi-Urban Road Reconstruction,P022 - P05 Semi-Urban Road Reconstruction.xlsx,61,Subgrade Preparation,2012-03-01,7,13464.0,26831.6,13464.0
P05,Semi-Urban Road Reconstruction,P022 - P05 Semi-Urban Road Reconstruction.xlsx,62,Place & Compact Gravel,2012-03-01,7,128112.86317732719,158990.26999999993,128112.86317732719
P05,Semi-Urban Road Reconstruction,P022 - P05 Semi-Urban Road Reconstruction.xlsx,63,Trim All Layers,2012-03-01,7,10504.963555555556,7087.515,10504.963555555556
P05,Semi-Urban Road Reconstruction,P022 - P05 Semi-Urban Road Reconstruction.xlsx,64,Sweep & Prime / Primer seal or Seal,2012-03-01,7,145692.19308,125506.06,0.0
P05,Semi-Urban Road Reconstruction,P022 - P05 Semi-Urban Road Reconstruction.xlsx,65,Asphalt,2012-03-01,7,0.0,0.0,0.0
P05,Semi-Urban Road Reconstruction,P022 - P05 Semi-Urban Road Reconstruction.xlsx,66,Linemarking,2012-03-01,7,8808.0,2580.0,8808.0
P05,Semi-Urban Road Reconstruction,P022 - P05 Semi-Urban Road Reconstruction.xlsx,67,Install Road Furniture,2012-03-01,7,11229.5,6897.400000000002,11229.5
P05,Semi-Urban Road Reconstruction,P022 - P05 Semi-Urban Road Reconstruction.xlsx,68,Insitu Stabilisation of Subgrade,2012-03-01,7,30573.155506224688,47892.13000000002,30573.155506224688
P05,Semi-Urban Road Reconstruction,P022 - P05 Semi-Urban Road Reconstruction.xlsx,71,Place Kerb & Channel / Inverts,2012-03-01,7,23438.71,30901.95,23438.71
P05,Semi-Urban Road Reconstruction,P022 - P05 Semi-Urban Road Reconstruction.xlsx,72,Form & Pour Headwalls,2012-03-01,7,21000.0,4851.985000000001,15000.0
P05,Semi-Urban Road Reconstruction,P022 - P05 Semi-Urban Road Reconstruction.xlsx,73,Form & Place Footpath,2012-03-01,7,15824.810860000003,3600.0,4897.4269586073515
P05,Semi-Urban Road Reconstruction,P022 - P05 Semi-Urban Road Reconstruction.xlsx,75,Saw Cutting/Joint sealing,2012-03-01,7,3526.0,4008.49,3526.0
P05,Semi-Urban Road Reconstruction,P022 - P05 Semi-Urban Road Reconstruction.xlsx,81,> 450,2012-03-01,7,41052.64432989691,33440.799999999996,41052.64432989691
P05,Semi-Urban Road Reconstruction,P022 - P05 Semi-Urban Road Reconstruction.xlsx,87,Supply & Place Subsoil Drainage,2012-03-01,7,63795.65976597659,19291.025000000005,63795.65976597659
P05,Semi-Urban Road Reconstruction,P022 - P05 Semi-Urban Road Reconstruction.xlsx,902,Project Supervision,2012-03-01,7,55235.00000000001,47158.29449999998,35052.98076923077
P05,Semi-Urban Road Reconstruction,P022 - P05 Semi-Urban Road Reconstruction.xlsx,903,Project Facilities,2012-03-01,7,16250.0,11133.960000000003,12500.0
P05,Semi-Urban Road Reconstruction,P022 - P05 Semi-Urban Road Reconstruction.xlsx,904,"Project Insurance, Fees & Levies",2012-03-01,7,25500.0,5722.72,25500.0
P05,Semi-Urban Road Reconstruction,P022 - P05 Semi-Urban Road Reconstruction.xlsx,905,small tools,2012-03-01,7,0.0,5837.818,0.0
P05,Semi-Urban Road Reconstruction,P022 - P05 Semi-Urban Road Reconstruction.xlsx,907,Site Establishment,2012-03-01,7,13800.0,10703.960000000003,13800.0
P05,Semi-Urban Road Reconstruction,P022 - P05 Semi-Urban Road Reconstruction.xlsx,103,Water Sub-Contractor,2012-04-01,8,13500.0,13840.0,13500.0
P05,Semi-Urban Road Reconstruction,P022 - P05 Semi-Urban Road Reconstruction.xlsx,11,Survey - Construction,2012-04-01,8,22940.0,20342.920000000002,22385.0
P05,Semi-Urban Road Reconstruction,P022 - P05 Semi-Urban Road Reconstruction.xlsx,121,Landscaping Sub-contractors,2012-04-01,8,27489.0,0.0,0.0
P05,Semi-Urban Road Reconstruction,P022 - P05 Semi-Urban Road Reconstruction.xlsx,13,QA Testing,2012-04-01,8,33460.0,5728.34,33460.0
P05,Semi-Urban Road Reconstruction,P022 - P05 Semi-Urban Road Reconstruction.xlsx,141,Traffic Controllers,2012-04-01,8,27953.545454545456,21548.605000000007,3295.7020364415866
P05,Semi-Urban Road Reconstruction,P022 - P05 Semi-Urban Road Reconstruction.xlsx,15,Service Locations,2012-04-01,8,4455.0,857.5,866.25
P05,Semi-Urban Road Reconstruction,P022 - P05 Semi-Urban Road Reconstruction.xlsx,151,Supply & Place Silt fences,2012-04-01,8,16000.0,0.0,0.0
P05,Semi-Urban Road Reconstruction,P022 - P05 Semi-Urban Road Reconstruction.xlsx,181,Supply & Place Box Culverts,2012-04-01,8,64479.51374570447,56447.17000000001,64479.51374570447
P05,Semi-Urban Road Reconstruction,P022 - P05 Semi-Urban Road Reconstruction.xlsx,182,Supply Base Slabs,2012-04-01,8,9379.800000000001,11490.0,9379.800000000001
P05,Semi-Urban Road Reconstruction,P022 - P05 Semi-Urban Road Reconstruction.xlsx,22,Disposal offsite - Clearing waste,2012-04-01,8,20750.0,13933.58,20750.0
P05,Semi-Urban Road Reconstruction,P022 - P05 Semi-Urban Road Reconstruction.xlsx,31,Strip Topsoil to Stockpile,2012-04-01,8,7979.770777077707,71161.18000000001,8090.600926759342
P05,Semi-Urban Road Reconstruction,P022 - P05 Semi-Urban Road Reconstruction.xlsx,41,Demolition works,2012-04-01,8,15900.0,5217.475,15900.0
P05,Semi-Urban Road Reconstruction,P022 - P05 Semi-Urban Road Reconstruction.xlsx,53,Cut to Spoil,2012-04-01,8,62682.62486995332,42327.489650000025,62682.62486995332
P05,Semi-Urban Road Reconstruction,P022 - P05 Semi-Urban Road Reconstruction.xlsx,55,Place General Fill,2012-04-01,8,6310.531053105312,0.0,0.0
P05,Semi-Urban Road Reconstruction,P022 - P05 Semi-Urban Road Reconstruction.xlsx,61,Subgrade Preparation,2012-04-01,8,13464.0,26831.6,13464.0
P05,Semi-Urban Road Reconstruction,P022 - P05 Semi-Urban Road Reconstruction.xlsx,62,Place & Compact Gravel,2012-04-01,8,128112.86317732719,159414.4699999999,128112.86317732719
P05,Semi-Urban Road Reconstruction,P022 - P05 Semi-Urban Road Reconstruction.xlsx,63,Trim All Layers,2012-04-01,8,10504.963555555556,7087.515,10504.963555555556
P05,Semi-Urban Road Reconstruction,P022 - P05 Semi-Urban Road Reconstruction.xlsx,64,Sweep & Prime / Primer seal or Seal,2012-04-01,8,145692.19308,125506.06,145692.19308
P05,Semi-Urban Road Reconstruction,P022 - P05 Semi-Urban Road Reconstruction.xlsx,65,Asphalt,2012-04-01,8,58305.0,0.0,79952.59999999999
P05,Semi-Urban Road Reconstruction,P022 - P05 Semi-Urban Road Reconstruction.xlsx,66,Linemarking,2012-04-01,8,8808.0,2580.0,8808.0
P05,Semi-Urban Road Reconstruction,P022 - P05 Semi-Urban Road Reconstruction.xlsx,67,Install Road Furniture,2012-04-01,8,11229.5,6897.400000000002,11229.5
P05,Semi-Urban Road Reconstruction,P022 - P05 Semi-Urban Road Reconstruction.xlsx,68,Insitu Stabilisation of Subgrade,2012-04-01,8,30573.155506224688,47892.13000000002,30573.155506224688
P05,Semi-Urban Road Reconstruction,P022 - P05 Semi-Urban Road Reconstruction.xlsx,71,Place Kerb & Channel / Inverts,2012-04-01,8,23438.71,30901.95,23438.71
P05,Semi-Urban Road Reconstruction,P022 - P05 Semi-Urban Road Reconstruction.xlsx,72,Form & Pour Headwalls,2012-04-01,8,21000.0,4851.985000000001,21000.0
P05,Semi-Urban Road Reconstruction,P022 - P05 Semi-Urban Road Reconstruction.xlsx,73,Form & Place Footpath,2012-04-01,8,15824.810860000003,11570.0,15824.810860000003
P05,Semi-Urban Road Reconstruction,P022 - P05 Semi-Urban Road Reconstruction.xlsx,75,Saw Cutting/Joint sealing,2012-04-01,8,3526.0,4008.49,3526.0
P05,Semi-Urban Road Reconstruction,P022 - P05 Semi-Urban Road Reconstruction.xlsx,81,> 450,2012-04-01,8,41052.64432989691,33440.799999999996,40860.36028151331
P05,Semi-Urban Road Reconstruction,P022 - P05 Semi-Urban Road Reconstruction.xlsx,87,Supply & Place Subsoil Drainage,2012-04-01,8,63795.65976597659,19291.025000000005,63795.65976597659
P05,Semi-Urban Road Reconstruction,P022 - P05 Semi-Urban Road Reconstruction.xlsx,902,Project Supervision,2012-04-01,8,55235.00000000001,47409.62949999998,36115.19230769231
P05,Semi-Urban Road Reconstruction,P022 - P05 Semi-Urban Road Reconstruction.xlsx,903,Project Facilities,2012-04-01,8,16250.0,11133.960000000003,16250.0
P05,Semi-Urban Road Reconstruction,P022 - P05 Semi-Urban Road Reconstruction.xlsx,904,"Project Insurance, Fees & Levies",2012-04-01,8,25500.0,5722.72,25500.0
P05,Semi-Urban Road Reconstruction,P022 - P05 Semi-Urban Road Reconstruction.xlsx,905,small tools,2012-04-01,8,0.0,5837.818,0.0
P05,Semi-Urban Road Reconstruction,P022 - P05 Semi-Urban Road Reconstruction.xlsx,907,Site Establishment,2012-04-01,8,13800.0,10703.960000000003,13800.0
P05,Semi-Urban Road Reconstruction,P022 - P05 Semi-Urban Road Reconstruction.xlsx,103,Water Sub-Contractor,2012-05-01,9,13500.0,13840.0,13500.0
P05,Semi-Urban Road Reconstruction,P022 - P05 Semi-Urban Road Reconstruction.xlsx,11,Survey - Construction,2012-05-01,9,22940.0,20567.320000000003,22385.0
P05,Semi-Urban Road Reconstruction,P022 - P05 Semi-Urban Road Reconstruction.xlsx,121,Landscaping Sub-contractors,2012-05-01,9,27489.0,0.0,0.0
P05,Semi-Urban Road Reconstruction,P022 - P05 Semi-Urban Road Reconstruction.xlsx,13,QA Testing,2012-05-01,9,33460.0,5728.34,33460.0
P05,Semi-Urban Road Reconstruction,P022 - P05 Semi-Urban Road Reconstruction.xlsx,141,Traffic Controllers,2012-05-01,9,27953.545454545456,21548.605000000007,3295.7020364415866
P05,Semi-Urban Road Reconstruction,P022 - P05 Semi-Urban Road Reconstruction.xlsx,15,Service Locations,2012-05-01,9,4455.0,857.5,866.25
P05,Semi-Urban Road Reconstruction,P022 - P05 Semi-Urban Road Reconstruction.xlsx,151,Supply & Place Silt fences,2012-05-01,9,16000.0,0.0,0.0
P05,Semi-Urban Road Reconstruction,P022 - P05 Semi-Urban Road Reconstruction.xlsx,181,Supply & Place Box Culverts,2012-05-01,9,64479.51374570447,56447.17000000001,64479.51374570447
P05,Semi-Urban Road Reconstruction,P022 - P05 Semi-Urban Road Reconstruction.xlsx,182,Supply Base Slabs,2012-05-01,9,9379.800000000001,11490.0,9379.800000000001
P05,Semi-Urban Road Reconstruction,P022 - P05 Semi-Urban Road Reconstruction.xlsx,22,Disposal offsite - Clearing waste,2012-05-01,9,20750.0,13933.58,20750.0
P05,Semi-Urban Road Reconstruction,P022 - P05 Semi-Urban Road Reconstruction.xlsx,31,Strip Topsoil to Stockpile,2012-05-01,9,7979.770777077707,72746.43,8090.600926759342
P05,Semi-Urban Road Reconstruction,P022 - P05 Semi-Urban Road Reconstruction.xlsx,41,Demolition works,2012-05-01,9,15900.0,5217.475,15900.0
P05,Semi-Urban Road Reconstruction,P022 - P05 Semi-Urban Road Reconstruction.xlsx,53,Cut to Spoil,2012-05-01,9,62682.62486995332,43727.489650000025,62682.62486995332
P05,Semi-Urban Road Reconstruction,P022 - P05 Semi-Urban Road Reconstruction.xlsx,55,Place General Fill,2012-05-01,9,6310.531053105312,0.0,0.0
P05,Semi-Urban Road Reconstruction,P022 - P05 Semi-Urban Road Reconstruction.xlsx,61,Subgrade Preparation,2012-05-01,9,13464.0,26831.6,13464.0
P05,Semi-Urban Road Reconstruction,P022 - P05 Semi-Urban Road Reconstruction.xlsx,62,Place & Compact Gravel,2012-05-01,9,128112.86317732719,159414.4699999999,128112.86317732719
P05,Semi-Urban Road Reconstruction,P022 - P05 Semi-Urban Road Reconstruction.xlsx,63,Trim All Layers,2012-05-01,9,10504.963555555556,7087.515,10504.963555555556
P05,Semi-Urban Road Reconstruction,P022 - P05 Semi-Urban Road Reconstruction.xlsx,64,Sweep & Prime / Primer seal or Seal,2012-05-01,9,145692.19308,131081.82,145692.19308
P05,Semi-Urban Road Reconstruction,P022 - P05 Semi-Urban Road Reconstruction.xlsx,65,Asphalt,2012-05-01,9,58305.0,80088.974,79952.59999999999
P05,Semi-Urban Road Reconstruction,P022 - P05 Semi-Urban Road Reconstruction.xlsx,66,Linemarking,2012-05-01,9,8808.0,2580.0,8808.0
P05,Semi-Urban Road Reconstruction,P022 - P05 Semi-Urban Road Reconstruction.xlsx,67,Install Road Furniture,2012-05-01,9,11229.5,6897.400000000002,11229.5
P05,Semi-Urban Road Reconstruction,P022 - P05 Semi-Urban Road Reconstruction.xlsx,68,Insitu Stabilisation of Subgrade,2012-05-01,9,30573.155506224688,47892.13000000002,30573.155506224688
P05,Semi-Urban Road Reconstruction,P022 - P05 Semi-Urban Road Reconstruction.xlsx,71,Place Kerb & Channel / Inverts,2012-05-01,9,23438.71,30901.95,23438.71
P05,Semi-Urban Road Reconstruction,P022 - P05 Semi-Urban Road Reconstruction.xlsx,72,Form & Pour Headwalls,2012-05-01,9,21000.0,4851.985000000001,21000.0
P05,Semi-Urban Road Reconstruction,P022 - P05 Semi-Urban Road Reconstruction.xlsx,73,Form & Place Footpath,2012-05-01,9,15824.810860000003,11570.0,15824.810860000003
P05,Semi-Urban Road Reconstruction,P022 - P05 Semi-Urban Road Reconstruction.xlsx,75,Saw Cutting/Joint sealing,2012-05-01,9,3526.0,4008.49,3526.0
P05,Semi-Urban Road Reconstruction,P022 - P05 Semi-Urban Road Reconstruction.xlsx,81,> 450,2012-05-01,9,41052.64432989691,33440.799999999996,40860.36028151331
P05,Semi-Urban Road Reconstruction,P022 - P05 Semi-Urban Road Reconstruction.xlsx,87,Supply & Place Subsoil Drainage,2012-05-01,9,63795.65976597659,19291.025000000005,63795.65976597659
P05,Semi-Urban Road Reconstruction,P022 - P05 Semi-Urban Road Reconstruction.xlsx,902,Project Supervision,2012-05-01,9,55235.00000000001,47625.05949999998,36115.19230769231
P05,Semi-Urban Road Reconstruction,P022 - P05 Semi-Urban Road Reconstruction.xlsx,903,Project Facilities,2012-05-01,9,16250.0,11133.960000000003,16250.0
P05,Semi-Urban Road Reconstruction,P022 - P05 Semi-Urban Road Reconstruction.xlsx,904,"Project Insurance, Fees & Levies",2012-05-01,9,25500.0,5722.72,25500.0
P05,Semi-Urban Road Reconstruction,P022 - P05 Semi-Urban Road Reconstruction.xlsx,905,small tools,2012-05-01,9,0.0,5837.818,0.0
P05,Semi-Urban Road Reconstruction,P022 - P05 Semi-Urban Road Reconstruction.xlsx,907,Site Establishment,2012-05-01,9,13800.0,10703.960000000003,13800.0
P05,Semi-Urban Road Reconstruction,P022 - P05 Semi-Urban Road Reconstruction.xlsx,103,Water Sub-Contractor,2012-06-01,10,13500.0,13840.0,13500.0
P05,Semi-Urban Road Reconstruction,P022 - P05 Semi-Urban Road Reconstruction.xlsx,11,Survey - Construction,2012-06-01,10,22940.0,23188.920000000002,22385.0
P05,Semi-Urban Road Reconstruction,P022 - P05 Semi-Urban Road Reconstruction.xlsx,121,Landscaping Sub-contractors,2012-06-01,10,27489.0,0.0,0.0
P05,Semi-Urban Road Reconstruction,P022 - P05 Semi-Urban Road Reconstruction.xlsx,13,QA Testing,2012-06-01,10,33460.0,5728.34,33460.0
P05,Semi-Urban Road Reconstruction,P022 - P05 Semi-Urban Road Reconstruction.xlsx,141,Traffic Controllers,2012-06-01,10,27953.545454545456,21548.605000000007,3295.7020364415866
P05,Semi-Urban Road Reconstruction,P022 - P05 Semi-Urban Road Reconstruction.xlsx,15,Service Locations,2012-06-01,10,4455.0,857.5,866.25
P05,Semi-Urban Road Reconstruction,P022 - P05 Semi-Urban Road Reconstruction.xlsx,151,Supply & Place Silt fences,2012-06-01,10,16000.0,0.0,0.0
P05,Semi-Urban Road Reconstruction,P022 - P05 Semi-Urban Road Reconstruction.xlsx,181,Supply & Place Box Culverts,2012-06-01,10,64479.51374570447,56447.17000000001,64479.51374570447
P05,Semi-Urban Road Reconstruction,P022 - P05 Semi-Urban Road Reconstruction.xlsx,182,Supply Base Slabs,2012-06-01,10,9379.800000000001,11490.0,9379.800000000001
P05,Semi-Urban Road Reconstruction,P022 - P05 Semi-Urban Road Reconstruction.xlsx,22,Disposal offsite - Clearing waste,2012-06-01,10,20750.0,13933.58,20750.0
P05,Semi-Urban Road Reconstruction,P022 - P05 Semi-Urban Road Reconstruction.xlsx,31,Strip Topsoil to Stockpile,2012-06-01,10,7979.770777077707,72746.43,8090.600926759342
P05,Semi-Urban Road Reconstruction,P022 - P05 Semi-Urban Road Reconstruction.xlsx,41,Demolition works,2012-06-01,10,15900.0,5217.475,15900.0
P05,Semi-Urban Road Reconstruction,P022 - P05 Semi-Urban Road Reconstruction.xlsx,53,Cut to Spoil,2012-06-01,10,62682.62486995332,43727.489650000025,62682.62486995332
P05,Semi-Urban Road Reconstruction,P022 - P05 Semi-Urban Road Reconstruction.xlsx,55,Place General Fill,2012-06-01,10,6310.531053105312,0.0,0.0
P05,Semi-Urban Road Reconstruction,P022 - P05 Semi-Urban Road Reconstruction.xlsx,61,Subgrade Preparation,2012-06-01,10,13464.0,26831.6,13464.0
P05,Semi-Urban Road Reconstruction,P022 - P05 Semi-Urban Road Reconstruction.xlsx,62,Place & Compact Gravel,2012-06-01,10,128112.86317732719,159414.4699999999,128112.86317732719
P05,Semi-Urban Road Reconstruction,P022 - P05 Semi-Urban Road Reconstruction.xlsx,63,Trim All Layers,2012-06-01,10,10504.963555555556,7087.515,10504.963555555556
P05,Semi-Urban Road Reconstruction,P022 - P05 Semi-Urban Road Reconstruction.xlsx,64,Sweep & Prime / Primer seal or Seal,2012-06-01,10,145692.19308,131081.82,145692.19308
P05,Semi-Urban Road Reconstruction,P022 - P05 Semi-Urban Road Reconstruction.xlsx,65,Asphalt,2012-06-01,10,58305.0,80088.974,79952.59999999999
P05,Semi-Urban Road Reconstruction,P022 - P05 Semi-Urban Road Reconstruction.xlsx,66,Linemarking,2012-06-01,10,8808.0,2580.0,8808.0
P05,Semi-Urban Road Reconstruction,P022 - P05 Semi-Urban Road Reconstruction.xlsx,67,Install Road Furniture,2012-06-01,10,11229.5,6897.400000000002,11229.5
P05,Semi-Urban Road Reconstruction,P022 - P05 Semi-Urban Road Reconstruction.xlsx,68,Insitu Stabilisation of Subgrade,2012-06-01,10,30573.155506224688,47892.13000000002,30573.155506224688
P05,Semi-Urban Road Reconstruction,P022 - P05 Semi-Urban Road Reconstruction.xlsx,71,Place Kerb & Channel / Inverts,2012-06-01,10,23438.71,30901.95,23438.71
P05,Semi-Urban Road Reconstruction,P022 - P05 Semi-Urban Road Reconstruction.xlsx,72,Form & Pour Headwalls,2012-06-01,10,21000.0,6696.985000000001,21000.0
P05,Semi-Urban Road Reconstruction,P022 - P05 Semi-Urban Road Reconstruction.xlsx,73,Form & Place Footpath,2012-06-01,10,15824.810860000003,11570.0,15824.810860000003
P05,Semi-Urban Road Reconstruction,P022 - P05 Semi-Urban Road Reconstruction.xlsx,75,Saw Cutting/Joint sealing,2012-06-01,10,3526.0,4008.49,3526.0
P05,Semi-Urban Road Reconstruction,P022 - P05 Semi-Urban Road Reconstruction.xlsx,81,> 450,2012-06-01,10,41052.64432989691,33440.799999999996,40860.36028151331
P05,Semi-Urban Road Reconstruction,P022 - P05 Semi-Urban Road Reconstruction.xlsx,87,Supply & Place Subsoil Drainage,2012-06-01,10,63795.65976597659,19291.025000000005,63795.65976597659
P05,Semi-Urban Road Reconstruction,P022 - P05 Semi-Urban Road Reconstruction.xlsx,902,Project Supervision,2012-06-01,10,55235.00000000001,47625.05949999998,36115.19230769231
P05,Semi-Urban Road Reconstruction,P022 - P05 Semi-Urban Road Reconstruction.xlsx,903,Project Facilities,2012-06-01,10,16250.0,11133.960000000003,16250.0
P05,Semi-Urban Road Reconstruction,P022 - P05 Semi-Urban Road Reconstruction.xlsx,904,"Project Insurance, Fees & Levies",2012-06-01,10,25500.0,5722.72,25500.0
P05,Semi-Urban Road Reconstruction,P022 - P05 Semi-Urban Road Reconstruction.xlsx,905,small tools,2012-06-01,10,0.0,5837.818,0.0
P05,Semi-Urban Road Reconstruction,P022 - P05 Semi-Urban Road Reconstruction.xlsx,907,Site Establishment,2012-06-01,10,13800.0,10703.960000000003,13800.0
P05,Semi-Urban Road Reconstruction,P022 - P05 Semi-Urban Road Reconstruction.xlsx,103,Water Sub-Contractor,2012-07-01,11,13500.0,13840.0,13500.0
P05,Semi-Urban Road Reconstruction,P022 - P05 Semi-Urban Road Reconstruction.xlsx,11,Survey - Construction,2012-07-01,11,22940.0,23188.920000000002,22385.0
P05,Semi-Urban Road Reconstruction,P022 - P05 Semi-Urban Road Reconstruction.xlsx,121,Landscaping Sub-contractors,2012-07-01,11,27489.0,0.0,0.0
P05,Semi-Urban Road Reconstruction,P022 - P05 Semi-Urban Road Reconstruction.xlsx,13,QA Testing,2012-07-01,11,33460.0,5728.34,33460.0
P05,Semi-Urban Road Reconstruction,P022 - P05 Semi-Urban Road Reconstruction.xlsx,141,Traffic Controllers,2012-07-01,11,27953.545454545456,21548.605000000007,3295.7020364415866
P05,Semi-Urban Road Reconstruction,P022 - P05 Semi-Urban Road Reconstruction.xlsx,15,Service Locations,2012-07-01,11,4455.0,857.5,866.25
P05,Semi-Urban Road Reconstruction,P022 - P05 Semi-Urban Road Reconstruction.xlsx,151,Supply & Place Silt fences,2012-07-01,11,16000.0,0.0,0.0
P05,Semi-Urban Road Reconstruction,P022 - P05 Semi-Urban Road Reconstruction.xlsx,181,Supply & Place Box Culverts,2012-07-01,11,64479.51374570447,59053.17020000001,64479.51374570447
P05,Semi-Urban Road Reconstruction,P022 - P05 Semi-Urban Road Reconstruction.xlsx,182,Supply Base Slabs,2012-07-01,11,9379.800000000001,11490.0,9379.800000000001
P05,Semi-Urban Road Reconstruction,P022 - P05 Semi-Urban Road Reconstruction.xlsx,22,Disposal offsite - Clearing waste,2012-07-01,11,20750.0,13933.58,20750.0
P05,Semi-Urban Road Reconstruction,P022 - P05 Semi-Urban Road Reconstruction.xlsx,31,Strip Topsoil to Stockpile,2012-07-01,11,7979.770777077707,72746.43,8090.600926759342
P05,Semi-Urban Road Reconstruction,P022 - P05 Semi-Urban Road Reconstruction.xlsx,41,Demolition works,2012-07-01,11,15900.0,5217.475,15900.0
P05,Semi-Urban Road Reconstruction,P022 - P05 Semi-Urban Road Reconstruction.xlsx,53,Cut to Spoil,2012-07-01,11,62682.62486995332,43727.489650000025,62682.62486995332
P05,Semi-Urban Road Reconstruction,P022 - P05 Semi-Urban Road Reconstruction.xlsx,55,Place General Fill,2012-07-01,11,6310.531053105312,0.0,0.0
P05,Semi-Urban Road Reconstruction,P022 - P05 Semi-Urban Road Reconstruction.xlsx,61,Subgrade Preparation,2012-07-01,11,13464.0,26831.6,13464.0
P05,Semi-Urban Road Reconstruction,P022 - P05 Semi-Urban Road Reconstruction.xlsx,62,Place & Compact Gravel,2012-07-01,11,128112.86317732719,159414.4699999999,128112.86317732719
P05,Semi-Urban Road Reconstruction,P022 - P05 Semi-Urban Road Reconstruction.xlsx,63,Trim All Layers,2012-07-01,11,10504.963555555556,7087.515,10504.963555555556
P05,Semi-Urban Road Reconstruction,P022 - P05 Semi-Urban Road Reconstruction.xlsx,64,Sweep & Prime / Primer seal or Seal,2012-07-01,11,145692.19308,131081.82,145692.19308
P05,Semi-Urban Road Reconstruction,P022 - P05 Semi-Urban Road Reconstruction.xlsx,65,Asphalt,2012-07-01,11,58305.0,80088.974,79952.59999999999
P05,Semi-Urban Road Reconstruction,P022 - P05 Semi-Urban Road Reconstruction.xlsx,66,Linemarking,2012-07-01,11,8808.0,2580.0,8808.0
P05,Semi-Urban Road Reconstruction,P022 - P05 Semi-Urban Road Reconstruction.xlsx,67,Install Road Furniture,2012-07-01,11,11229.5,6897.400000000002,11229.5
P05,Semi-Urban Road Reconstruction,P022 - P05 Semi-Urban Road Reconstruction.xlsx,68,Insitu Stabilisation of Subgrade,2012-07-01,11,30573.155506224688,47892.13000000002,30573.155506224688
P05,Semi-Urban Road Reconstruction,P022 - P05 Semi-Urban Road Reconstruction.xlsx,71,Place Kerb & Channel / Inverts,2012-07-01,11,23438.71,30901.95,23438.71
P05,Semi-Urban Road Reconstruction,P022 - P05 Semi-Urban Road Reconstruction.xlsx,72,Form & Pour Headwalls,2012-07-01,11,21000.0,6696.985000000001,21000.0
P05,Semi-Urban Road Reconstruction,P022 - P05 Semi-Urban Road Reconstruction.xlsx,73,Form & Place Footpath,2012-07-01,11,15824.810860000003,11570.0,15824.810860000003
P05,Semi-Urban Road Reconstruction,P022 - P05 Semi-Urban Road Reconstruction.xlsx,75,Saw Cutting/Joint sealing,2012-07-01,11,3526.0,4008.49,3526.0
P05,Semi-Urban Road Reconstruction,P022 - P05 Semi-Urban Road Reconstruction.xlsx,81,> 450,2012-07-01,11,41052.64432989691,33440.799999999996,40860.36028151331
P05,Semi-Urban Road Reconstruction,P022 - P05 Semi-Urban Road Reconstruction.xlsx,87,Supply & Place Subsoil Drainage,2012-07-01,11,63795.65976597659,19291.025000000005,63795.65976597659
P05,Semi-Urban Road Reconstruction,P022 - P05 Semi-Urban Road Reconstruction.xlsx,902,Project Supervision,2012-07-01,11,55235.00000000001,48774.01949999999,36115.19230769231
P05,Semi-Urban Road Reconstruction,P022 - P05 Semi-Urban Road Reconstruction.xlsx,903,Project Facilities,2012-07-01,11,16250.0,11252.710000000003,16250.0
P05,Semi-Urban Road Reconstruction,P022 - P05 Semi-Urban Road Reconstruction.xlsx,904,"Project Insurance, Fees & Levies",2012-07-01,11,25500.0,5722.72,25500.0
P05,Semi-Urban Road Reconstruction,P022 - P05 Semi-Urban Road Reconstruction.xlsx,905,small tools,2012-07-01,11,0.0,5849.178,0.0
P05,Semi-Urban Road Reconstruction,P022 - P05 Semi-Urban Road Reconstruction.xlsx,907,Site Establishment,2012-07-01,11,13800.0,10703.960000000003,13800.0
P05,Semi-Urban Road Reconstruction,P022 - P05 Semi-Urban Road Reconstruction.xlsx,103,Water Sub-Contractor,2012-11-01,12,13500.0,13840.0,13500.0
P05,Semi-Urban Road Reconstruction,P022 - P05 Semi-Urban Road Reconstruction.xlsx,11,Survey - Construction,2012-11-01,12,22940.0,23188.920000000002,22940.0
P05,Semi-Urban Road Reconstruction,P022 - P05 Semi-Urban Road Reconstruction.xlsx,121,Landscaping Sub-contractors,2012-11-01,12,27489.0,0.0,27489.0
P05,Semi-Urban Road Reconstruction,P022 - P05 Semi-Urban Road Reconstruction.xlsx,13,QA Testing,2012-11-01,12,33460.0,5728.34,33460.0
P05,Semi-Urban Road Reconstruction,P022 - P05 Semi-Urban Road Reconstruction.xlsx,141,Traffic Controllers,2012-11-01,12,27953.545454545456,21548.605000000007,27953.545454545456
P05,Semi-Urban Road Reconstruction,P022 - P05 Semi-Urban Road Reconstruction.xlsx,15,Service Locations,2012-11-01,12,4455.0,857.5,4455.0
P05,Semi-Urban Road Reconstruction,P022 - P05 Semi-Urban Road Reconstruction.xlsx,151,Supply & Place Silt fences,2012-11-01,12,16000.0,0.0,16000.0
P05,Semi-Urban Road Reconstruction,P022 - P05 Semi-Urban Road Reconstruction.xlsx,181,Supply & Place Box Culverts,2012-11-01,12,64479.51374570447,59053.17020000001,64479.51374570447
P05,Semi-Urban Road Reconstruction,P022 - P05 Semi-Urban Road Reconstruction.xlsx,182,Supply Base Slabs,2012-11-01,12,9379.800000000001,11490.0,9379.800000000001
P05,Semi-Urban Road Reconstruction,P022 - P05 Semi-Urban Road Reconstruction.xlsx,22,Disposal offsite - Clearing waste,2012-11-01,12,20750.0,13933.58,20750.0
P05,Semi-Urban Road Reconstruction,P022 - P05 Semi-Urban Road Reconstruction.xlsx,31,Strip Topsoil to Stockpile,2012-11-01,12,7979.770777077707,72746.43,7979.770777077707
P05,Semi-Urban Road Reconstruction,P022 - P05 Semi-Urban Road Reconstruction.xlsx,41,Demolition works,2012-11-01,12,15900.0,5217.475,15900.0
P05,Semi-Urban Road Reconstruction,P022 - P05 Semi-Urban Road Reconstruction.xlsx,53,Cut to Spoil,2012-11-01,12,62682.62486995332,43727.489650000025,62682.62486995332
P05,Semi-Urban Road Reconstruction,P022 - P05 Semi-Urban Road Reconstruction.xlsx,55,Place General Fill,2012-11-01,12,6310.531053105312,0.0,6310.531053105312
P05,Semi-Urban Road Reconstruction,P022 - P05 Semi-Urban Road Reconstruction.xlsx,61,Subgrade Preparation,2012-11-01,12,13464.0,26831.6,13464.0
P05,Semi-Urban Road Reconstruction,P022 - P05 Semi-Urban Road Reconstruction.xlsx,62,Place & Compact Gravel,2012-11-01,12,128112.86317732719,159414.4699999999,128112.86317732719
P05,Semi-Urban Road Reconstruction,P022 - P05 Semi-Urban Road Reconstruction.xlsx,63,Trim All Layers,2012-11-01,12,10504.963555555556,7087.515,10504.963555555556
P05,Semi-Urban Road Reconstruction,P022 - P05 Semi-Urban Road Reconstruction.xlsx,64,Sweep & Prime / Primer seal or Seal,2012-11-01,12,145692.19308,131081.82,145692.19308
P05,Semi-Urban Road Reconstruction,P022 - P05 Semi-Urban Road Reconstruction.xlsx,65,Asphalt,2012-11-01,12,58305.0,80088.974,58305.0
P05,Semi-Urban Road Reconstruction,P022 - P05 Semi-Urban Road Reconstruction.xlsx,66,Linemarking,2012-11-01,12,8808.0,2580.0,8808.0
P05,Semi-Urban Road Reconstruction,P022 - P05 Semi-Urban Road Reconstruction.xlsx,67,Install Road Furniture,2012-11-01,12,11229.5,6897.400000000002,11229.5
P05,Semi-Urban Road Reconstruction,P022 - P05 Semi-Urban Road Reconstruction.xlsx,68,Insitu Stabilisation of Subgrade,2012-11-01,12,30573.155506224688,47892.13000000002,30573.15550622469
P05,Semi-Urban Road Reconstruction,P022 - P05 Semi-Urban Road Reconstruction.xlsx,71,Place Kerb & Channel / Inverts,2012-11-01,12,23438.71,30901.95,23438.71
P05,Semi-Urban Road Reconstruction,P022 - P05 Semi-Urban Road Reconstruction.xlsx,72,Form & Pour Headwalls,2012-11-01,12,21000.0,6696.985000000001,21000.0
P05,Semi-Urban Road Reconstruction,P022 - P05 Semi-Urban Road Reconstruction.xlsx,73,Form & Place Footpath,2012-11-01,12,15824.810860000003,11570.0,15824.810860000003
P05,Semi-Urban Road Reconstruction,P022 - P05 Semi-Urban Road Reconstruction.xlsx,75,Saw Cutting/Joint sealing,2012-11-01,12,3526.0,4008.49,3526.0
P05,Semi-Urban Road Reconstruction,P022 - P05 Semi-Urban Road Reconstruction.xlsx,81,> 450,2012-11-01,12,41052.64432989691,34010.799999999996,41052.64432989691
P05,Semi-Urban Road Reconstruction,P022 - P05 Semi-Urban Road Reconstruction.xlsx,87,Supply & Place Subsoil Drainage,2012-11-01,12,63795.65976597659,19291.025000000005,63795.6597659766
P05,Semi-Urban Road Reconstruction,P022 - P05 Semi-Urban Road Reconstruction.xlsx,902,Project Supervision,2012-11-01,12,55235.00000000001,49348.49949999999,55235.0
P05,Semi-Urban Road Reconstruction,P022 - P05 Semi-Urban Road Reconstruction.xlsx,903,Project Facilities,2012-11-01,12,16250.0,11252.710000000003,16250.0
P05,Semi-Urban Road Reconstruction,P022 - P05 Semi-Urban Road Reconstruction.xlsx,904,"Project Insurance, Fees & Levies",2012-11-01,12,25500.0,5722.72,25500.0
P05,Semi-Urban Road Reconstruction,P022 - P05 Semi-Urban Road Reconstruction.xlsx,905,small tools,2012-11-01,12,0.0,5849.178,0.0
P05,Semi-Urban Road Reconstruction,P022 - P05 Semi-Urban Road Reconstruction.xlsx,907,Site Establishment,2012-11-01,12,13800.0,10703.960000000003,13800.0
P06,Urban Road Reconstruction,P024 - P06 Urban Road Reconstruction.xlsx,103,Water Sub-contractor,2011-10-01,1,0.0,0.0,0.0
P06,Urban Road Reconstruction,P024 - P06 Urban Road Reconstruction.xlsx,11,Survey - Construction,2011-10-01,1,0.0,0.0,0.0
P06,Urban Road Reconstruction,P024 - P06 Urban Road Reconstruction.xlsx,110,Electrical & Telecom,2011-10-01,1,0.0,0.0,0.0
P06,Urban Road Reconstruction,P024 - P06 Urban Road Reconstruction.xlsx,12,Survey - As Constructed,2011-10-01,1,0.0,0.0,0.0
P06,Urban Road Reconstruction,P024 - P06 Urban Road Reconstruction.xlsx,120,Landscaping Sub-contractors,2011-10-01,1,0.0,0.0,0.0
P06,Urban Road Reconstruction,P024 - P06 Urban Road Reconstruction.xlsx,121,Landscaping Sub-contractors,2011-10-01,1,0.0,0.0,0.0
P06,Urban Road Reconstruction,P024 - P06 Urban Road Reconstruction.xlsx,13,QA Testing,2011-10-01,1,2542.5,0.0,0.0
P06,Urban Road Reconstruction,P024 - P06 Urban Road Reconstruction.xlsx,141,Traffic Controllers,2011-10-01,1,13200.470906630584,392.1,2081.0982400000003
P06,Urban Road Reconstruction,P024 - P06 Urban Road Reconstruction.xlsx,15,Service Locations,2011-10-01,1,0.0,0.0,0.0
P06,Urban Road Reconstruction,P024 - P06 Urban Road Reconstruction.xlsx,151,Supply & Place Silt fences,2011-10-01,1,10000.0,1843.575,20718.75
P06,Urban Road Reconstruction,P024 - P06 Urban Road Reconstruction.xlsx,181,Place Box Culverts,2011-10-01,1,5582.493083003951,9003.025000000001,2658.330039525691
P06,Urban Road Reconstruction,P024 - P06 Urban Road Reconstruction.xlsx,182,Supply Base Slabs,2011-10-01,1,0.0,0.0,0.0
P06,Urban Road Reconstruction,P024 - P06 Urban Road Reconstruction.xlsx,201,Non Conformance,2011-10-01,1,0.0,0.0,0.0
P06,Urban Road Reconstruction,P024 - P06 Urban Road Reconstruction.xlsx,220,Protective Work,2011-10-01,1,0.0,0.0,0.0
P06,Urban Road Reconstruction,P024 - P06 Urban Road Reconstruction.xlsx,221,Place Stone / Rock,2011-10-01,1,0.0,0.0,0.0
P06,Urban Road Reconstruction,P024 - P06 Urban Road Reconstruction.xlsx,222,Supply & Place Geofabrics,2011-10-01,1,6604.257997186079,0.0,0.0
P06,Urban Road Reconstruction,P024 - P06 Urban Road Reconstruction.xlsx,32,Disposal offsite - Clearing waste,2011-10-01,1,0.0,0.0,0.0
P06,Urban Road Reconstruction,P024 - P06 Urban Road Reconstruction.xlsx,33,Re-spread topsoil,2011-10-01,1,0.0,0.0,0.0
P06,Urban Road Reconstruction,P024 - P06 Urban Road Reconstruction.xlsx,41,Demolition works,2011-10-01,1,0.0,0.0,0.0
P06,Urban Road Reconstruction,P024 - P06 Urban Road Reconstruction.xlsx,52,Stockpile to Fill,2011-10-01,1,0.0,0.0,0.0
P06,Urban Road Reconstruction,P024 - P06 Urban Road Reconstruction.xlsx,53,Cut to Spoil,2011-10-01,1,1984.687284345048,18346.463999999993,6350.999309904153
P06,Urban Road Reconstruction,P024 - P06 Urban Road Reconstruction.xlsx,57,Remove & Replace unsuitable,2011-10-01,1,0.0,0.0,0.0
P06,Urban Road Reconstruction,P024 - P06 Urban Road Reconstruction.xlsx,61,Subgrade Preparation,2011-10-01,1,363.02263058254925,530.25,363.0226305825492
P06,Urban Road Reconstruction,P024 - P06 Urban Road Reconstruction.xlsx,62,Place & Compact Gravel,2011-10-01,1,12263.092735867698,3990.07,9607.454707610304
P06,Urban Road Reconstruction,P024 - P06 Urban Road Reconstruction.xlsx,63,Trim All Layers,2011-10-01,1,617.982837831141,0.0,617.982837831141
P06,Urban Road Reconstruction,P024 - P06 Urban Road Reconstruction.xlsx,64,Sweep & Prime / Primer seal or Seal,2011-10-01,1,2383.603626537166,1377.5,2383.6036265371654
P06,Urban Road Reconstruction,P024 - P06 Urban Road Reconstruction.xlsx,65,Asphalt,2011-10-01,1,0.0,0.0,0.0
P06,Urban Road Reconstruction,P024 - P06 Urban Road Reconstruction.xlsx,66,Linemarking,2011-10-01,1,0.0,0.0,0.0
P06,Urban Road Reconstruction,P024 - P06 Urban Road Reconstruction.xlsx,67,Install Road Furniture,2011-10-01,1,0.0,0.0,0.0
P06,Urban Road Reconstruction,P024 - P06 Urban Road Reconstruction.xlsx,68,Insitu Stabilisation,2011-10-01,1,0.0,0.0,0.0
P06,Urban Road Reconstruction,P024 - P06 Urban Road Reconstruction.xlsx,71,Place Kerb & Channel / Inverts,2011-10-01,1,0.0,0.0,0.0
P06,Urban Road Reconstruction,P024 - P06 Urban Road Reconstruction.xlsx,72,Form & Pour Headwalls,2011-10-01,1,0.0,0.0,0.0
P06,Urban Road Reconstruction,P024 - P06 Urban Road Reconstruction.xlsx,73,Form & Place Footpath,2011-10-01,1,0.0,0.0,0.0
P06,Urban Road Reconstruction,P024 - P06 Urban Road Reconstruction.xlsx,75,Saw Cutting,2011-10-01,1,0.0,0.0,0.0
P06,Urban Road Reconstruction,P024 - P06 Urban Road Reconstruction.xlsx,81,> 450,2011-10-01,1,0.0,0.0,0.0
P06,Urban Road Reconstruction,P024 - P06 Urban Road Reconstruction.xlsx,85,Install SW Pits & Chambers,2011-10-01,1,0.0,0.0,0.0
P06,Urban Road Reconstruction,P024 - P06 Urban Road Reconstruction.xlsx,86,SW Sub-Contract Works,2011-10-01,1,0.0,0.0,0.0
P06,Urban Road Reconstruction,P024 - P06 Urban Road Reconstruction.xlsx,87,Supply & Place Subsoil Drainage,2011-10-01,1,0.0,0.0,0.0
P06,Urban Road Reconstruction,P024 - P06 Urban Road Reconstruction.xlsx,901,Project Management,2011-10-01,1,3850.3571428571427,405.0,3369.0625
P06,Urban Road Reconstruction,P024 - P06 Urban Road Reconstruction.xlsx,902,Project Supervision,2011-10-01,1,5727.724867724867,13526.855000000001,11169.063492063493
P06,Urban Road Reconstruction,P024 - P06 Urban Road Reconstruction.xlsx,903,Project Facilities,2011-10-01,1,2500.0,750.5799999999999,2718.75
P06,Urban Road Reconstruction,P024 - P06 Urban Road Reconstruction.xlsx,904,"Project Insurance, Fees & Levies",2011-10-01,1,0.0,0.0,0.0
P06,Urban Road Reconstruction,P024 - P06 Urban Road Reconstruction.xlsx,905,Small Tools,2011-10-01,1,0.0,0.0,0.0
P06,Urban Road Reconstruction,P024 - P06 Urban Road Reconstruction.xlsx,907,Site Establishment / disestablishment,2011-10-01,1,1870.0,1141.72,1870.0
P06,Urban Road Reconstruction,P024 - P06 Urban Road Reconstruction.xlsx,908,Safety Work wear,2011-10-01,1,0.0,0.0,0.0
P06,Urban Road Reconstruction,P024 - P06 Urban Road Reconstruction.xlsx,911,Accommodation,2011-10-01,1,0.0,0.0,0.0
P06,Urban Road Reconstruction,P024 - P06 Urban Road Reconstruction.xlsx,913,Wet Weather Stand Down,2011-10-01,1,0.0,0.0,0.0
P06,Urban Road Reconstruction,P024 - P06 Urban Road Reconstruction.xlsx,915,Maintenance,2011-10-01,1,0.0,0.0,0.0
P06,Urban Road Reconstruction,P024 - P06 Urban Road Reconstruction.xlsx,103,Water Sub-contractor,2011-11-01,2,0.0,0.0,0.0
P06,Urban Road Reconstruction,P024 - P06 Urban Road Reconstruction.xlsx,11,Survey - Construction,2011-11-01,2,7283.333333333333,2701.68,1963.7913223140497
P06,Urban Road Reconstruction,P024 - P06 Urban Road Reconstruction.xlsx,110,Electrical & Telecom,2011-11-01,2,0.0,0.0,0.0
P06,Urban Road Reconstruction,P024 - P06 Urban Road Reconstruction.xlsx,12,Survey - As Constructed,2011-11-01,2,0.0,0.0,0.0
P06,Urban Road Reconstruction,P024 - P06 Urban Road Reconstruction.xlsx,120,Landscaping Sub-contractors,2011-11-01,2,0.0,0.0,0.0
P06,Urban Road Reconstruction,P024 - P06 Urban Road Reconstruction.xlsx,121,Landscaping Sub-contractors,2011-11-01,2,0.0,0.0,0.0
P06,Urban Road Reconstruction,P024 - P06 Urban Road Reconstruction.xlsx,13,QA Testing,2011-11-01,2,5085.0,1591.54,1271.25
P06,Urban Road Reconstruction,P024 - P06 Urban Road Reconstruction.xlsx,141,Traffic Controllers,2011-11-01,2,32561.16156968877,1169.8,5983.15744
P06,Urban Road Reconstruction,P024 - P06 Urban Road Reconstruction.xlsx,15,Service Locations,2011-11-01,2,0.0,0.0,0.0
P06,Urban Road Reconstruction,P024 - P06 Urban Road Reconstruction.xlsx,151,Supply & Place Silt fences,2011-11-01,2,10000.0,2002.6500000000003,23020.833333333336
P06,Urban Road Reconstruction,P024 - P06 Urban Road Reconstruction.xlsx,181,Place Box Culverts,2011-11-01,2,5582.493083003951,12534.825000000003,4120.411561264822
P06,Urban Road Reconstruction,P024 - P06 Urban Road Reconstruction.xlsx,182,Supply Base Slabs,2011-11-01,2,0.0,0.0,0.0
P06,Urban Road Reconstruction,P024 - P06 Urban Road Reconstruction.xlsx,201,Non Conformance,2011-11-01,2,0.0,0.0,0.0
P06,Urban Road Reconstruction,P024 - P06 Urban Road Reconstruction.xlsx,220,Protective Work,2011-11-01,2,0.0,0.0,0.0
P06,Urban Road Reconstruction,P024 - P06 Urban Road Reconstruction.xlsx,221,Place Stone / Rock,2011-11-01,2,0.0,0.0,0.0
P06,Urban Road Reconstruction,P024 - P06 Urban Road Reconstruction.xlsx,222,Supply & Place Geofabrics,2011-11-01,2,6604.257997186079,11551.5,6061.241228528556
P06,Urban Road Reconstruction,P024 - P06 Urban Road Reconstruction.xlsx,32,Disposal offsite - Clearing waste,2011-11-01,2,0.0,0.0,0.0
P06,Urban Road Reconstruction,P024 - P06 Urban Road Reconstruction.xlsx,33,Re-spread topsoil,2011-11-01,2,0.0,0.0,0.0
P06,Urban Road Reconstruction,P024 - P06 Urban Road Reconstruction.xlsx,41,Demolition works,2011-11-01,2,0.0,330.0,0.0
P06,Urban Road Reconstruction,P024 - P06 Urban Road Reconstruction.xlsx,52,Stockpile to Fill,2011-11-01,2,0.0,0.0,0.0
P06,Urban Road Reconstruction,P024 - P06 Urban Road Reconstruction.xlsx,53,Cut to Spoil,2011-11-01,2,14802.459329073483,37000.539,6350.999309904153
P06,Urban Road Reconstruction,P024 - P06 Urban Road Reconstruction.xlsx,57,Remove & Replace unsuitable,2011-11-01,2,0.0,0.0,0.0
P06,Urban Road Reconstruction,P024 - P06 Urban Road Reconstruction.xlsx,61,Subgrade Preparation,2011-11-01,2,1697.1307979734177,2080.5,1697.1307979734177
P06,Urban Road Reconstruction,P024 - P06 Urban Road Reconstruction.xlsx,62,Place & Compact Gravel,2011-11-01,2,24526.185471735396,29107.37999999999,19214.90941522061
P06,Urban Road Reconstruction,P024 - P06 Urban Road Reconstruction.xlsx,63,Trim All Layers,2011-11-01,2,617.982837831141,4226.710000000001,617.982837831141
P06,Urban Road Reconstruction,P024 - P06 Urban Road Reconstruction.xlsx,64,Sweep & Prime / Primer seal or Seal,2011-11-01,2,2383.603626537166,1377.5,2383.6036265371654
P06,Urban Road Reconstruction,P024 - P06 Urban Road Reconstruction.xlsx,65,Asphalt,2011-11-01,2,0.0,0.0,0.0
P06,Urban Road Reconstruction,P024 - P06 Urban Road Reconstruction.xlsx,66,Linemarking,2011-11-01,2,0.0,0.0,0.0
P06,Urban Road Reconstruction,P024 - P06 Urban Road Reconstruction.xlsx,67,Install Road Furniture,2011-11-01,2,0.0,0.0,0.0
P06,Urban Road Reconstruction,P024 - P06 Urban Road Reconstruction.xlsx,68,Insitu Stabilisation,2011-11-01,2,0.0,0.0,0.0
P06,Urban Road Reconstruction,P024 - P06 Urban Road Reconstruction.xlsx,71,Place Kerb & Channel / Inverts,2011-11-01,2,11476.578138718172,3547.1,11476.578138718172
P06,Urban Road Reconstruction,P024 - P06 Urban Road Reconstruction.xlsx,72,Form & Pour Headwalls,2011-11-01,2,0.0,141.4,0.0
P06,Urban Road Reconstruction,P024 - P06 Urban Road Reconstruction.xlsx,73,Form & Place Footpath,2011-11-01,2,0.0,0.0,0.0
P06,Urban Road Reconstruction,P024 - P06 Urban Road Reconstruction.xlsx,75,Saw Cutting,2011-11-01,2,900.0,2715.72,900.0
P06,Urban Road Reconstruction,P024 - P06 Urban Road Reconstruction.xlsx,81,> 450,2011-11-01,2,0.0,0.0,0.0
P06,Urban Road Reconstruction,P024 - P06 Urban Road Reconstruction.xlsx,85,Install SW Pits & Chambers,2011-11-01,2,0.0,0.0,0.0
P06,Urban Road Reconstruction,P024 - P06 Urban Road Reconstruction.xlsx,86,SW Sub-Contract Works,2011-11-01,2,0.0,0.0,0.0
P06,Urban Road Reconstruction,P024 - P06 Urban Road Reconstruction.xlsx,87,Supply & Place Subsoil Drainage,2011-11-01,2,20262.07902488429,11174.725,19735.2649702373
P06,Urban Road Reconstruction,P024 - P06 Urban Road Reconstruction.xlsx,901,Project Management,2011-11-01,2,11551.071428571428,405.0,10107.1875
P06,Urban Road Reconstruction,P024 - P06 Urban Road Reconstruction.xlsx,902,Project Supervision,2011-11-01,2,17183.1746031746,22713.004999999997,18257.123015873014
P06,Urban Road Reconstruction,P024 - P06 Urban Road Reconstruction.xlsx,903,Project Facilities,2011-11-01,2,7500.0,2720.2200000000003,5625.0
P06,Urban Road Reconstruction,P024 - P06 Urban Road Reconstruction.xlsx,904,"Project Insurance, Fees & Levies",2011-11-01,2,24375.0,18281.809999999998,19500.0
P06,Urban Road Reconstruction,P024 - P06 Urban Road Reconstruction.xlsx,905,Small Tools,2011-11-01,2,0.0,695.0499999999998,0.0
P06,Urban Road Reconstruction,P024 - P06 Urban Road Reconstruction.xlsx,907,Site Establishment / disestablishment,2011-11-01,2,3740.0,1281.52,1870.0
P06,Urban Road Reconstruction,P024 - P06 Urban Road Reconstruction.xlsx,908,Safety Work wear,2011-11-01,2,0.0,0.0,0.0
P06,Urban Road Reconstruction,P024 - P06 Urban Road Reconstruction.xlsx,911,Accommodation,2011-11-01,2,0.0,117.84,0.0
P06,Urban Road Reconstruction,P024 - P06 Urban Road Reconstruction.xlsx,913,Wet Weather Stand Down,2011-11-01,2,0.0,0.0,0.0
P06,Urban Road Reconstruction,P024 - P06 Urban Road Reconstruction.xlsx,915,Maintenance,2011-11-01,2,0.0,0.0,0.0
P06,Urban Road Reconstruction,P024 - P06 Urban Road Reconstruction.xlsx,103,Water Sub-contractor,2011-12-01,3,0.0,920.0,0.0
P06,Urban Road Reconstruction,P024 - P06 Urban Road Reconstruction.xlsx,11,Survey - Construction,2011-12-01,3,10925.0,2701.68,1963.7913223140497
P06,Urban Road Reconstruction,P024 - P06 Urban Road Reconstruction.xlsx,110,Electrical & Telecom,2011-12-01,3,0.0,0.0,0.0
P06,Urban Road Reconstruction,P024 - P06 Urban Road Reconstruction.xlsx,12,Survey - As Constructed,2011-12-01,3,0.0,0.0,0.0
P06,Urban Road Reconstruction,P024 - P06 Urban Road Reconstruction.xlsx,120,Landscaping Sub-contractors,2011-12-01,3,0.0,0.0,0.0
P06,Urban Road Reconstruction,P024 - P06 Urban Road Reconstruction.xlsx,121,Landscaping Sub-contractors,2011-12-01,3,0.0,0.0,0.0
P06,Urban Road Reconstruction,P024 - P06 Urban Road Reconstruction.xlsx,13,QA Testing,2011-12-01,3,7627.5,2350.81,2034.0
P06,Urban Road Reconstruction,P024 - P06 Urban Road Reconstruction.xlsx,141,Traffic Controllers,2011-12-01,3,51921.85223274696,1452.6,7283.843840000001
P06,Urban Road Reconstruction,P024 - P06 Urban Road Reconstruction.xlsx,15,Service Locations,2011-12-01,3,0.0,0.0,0.0
P06,Urban Road Reconstruction,P024 - P06 Urban Road Reconstruction.xlsx,151,Supply & Place Silt fences,2011-12-01,3,10000.0,2002.6500000000003,23020.833333333336
P06,Urban Road Reconstruction,P024 - P06 Urban Road Reconstruction.xlsx,181,Place Box Culverts,2011-12-01,3,5582.493083003951,14467.875000000005,5582.493083003951
P06,Urban Road Reconstruction,P024 - P06 Urban Road Reconstruction.xlsx,182,Supply Base Slabs,2011-12-01,3,0.0,0.0,0.0
P06,Urban Road Reconstruction,P024 - P06 Urban Road Reconstruction.xlsx,201,Non Conformance,2011-12-01,3,0.0,0.0,0.0
P06,Urban Road Reconstruction,P024 - P06 Urban Road Reconstruction.xlsx,220,Protective Work,2011-12-01,3,0.0,0.0,0.0
P06,Urban Road Reconstruction,P024 - P06 Urban Road Reconstruction.xlsx,221,Place Stone / Rock,2011-12-01,3,0.0,0.0,0.0
P06,Urban Road Reconstruction,P024 - P06 Urban Road Reconstruction.xlsx,222,Supply & Place Geofabrics,2011-12-01,3,6604.257997186079,11551.5,6061.241228528556
P06,Urban Road Reconstruction,P024 - P06 Urban Road Reconstruction.xlsx,32,Disposal offsite - Clearing waste,2011-12-01,3,0.0,0.0,0.0
P06,Urban Road Reconstruction,P024 - P06 Urban Road Reconstruction.xlsx,33,Re-spread topsoil,2011-12-01,3,1524.7102260226025,2940.25,762.3551130113011
P06,Urban Road Reconstruction,P024 - P06 Urban Road Reconstruction.xlsx,41,Demolition works,2011-12-01,3,0.0,330.0,0.0
P06,Urban Road Reconstruction,P024 - P06 Urban Road Reconstruction.xlsx,52,Stockpile to Fill,2011-12-01,3,0.0,0.0,0.0
P06,Urban Road Reconstruction,P024 - P06 Urban Road Reconstruction.xlsx,53,Cut to Spoil,2011-12-01,3,14802.459329073483,40441.93899999999,6350.999309904153
P06,Urban Road Reconstruction,P024 - P06 Urban Road Reconstruction.xlsx,57,Remove & Replace unsuitable,2011-12-01,3,0.0,0.0,0.0
P06,Urban Road Reconstruction,P024 - P06 Urban Road Reconstruction.xlsx,61,Subgrade Preparation,2011-12-01,3,1697.1307979734177,2080.5,1697.1307979734177
P06,Urban Road Reconstruction,P024 - P06 Urban Road Reconstruction.xlsx,62,Place & Compact Gravel,2011-12-01,3,29431.422566082474,44215.20999999999,24018.63676902576
P06,Urban Road Reconstruction,P024 - P06 Urban Road Reconstruction.xlsx,63,Trim All Layers,2011-12-01,3,2889.069766860584,4226.710000000001,2889.069766860584
P06,Urban Road Reconstruction,P024 - P06 Urban Road Reconstruction.xlsx,64,Sweep & Prime / Primer seal or Seal,2011-12-01,3,11143.34695406125,10775.265000000001,11143.346954061248
P06,Urban Road Reconstruction,P024 - P06 Urban Road Reconstruction.xlsx,65,Asphalt,2011-12-01,3,0.0,0.0,0.0
P06,Urban Road Reconstruction,P024 - P06 Urban Road Reconstruction.xlsx,66,Linemarking,2011-12-01,3,0.0,0.0,0.0
P06,Urban Road Reconstruction,P024 - P06 Urban Road Reconstruction.xlsx,67,Install Road Furniture,2011-12-01,3,0.0,0.0,0.0
P06,Urban Road Reconstruction,P024 - P06 Urban Road Reconstruction.xlsx,68,Insitu Stabilisation,2011-12-01,3,0.0,0.0,0.0
P06,Urban Road Reconstruction,P024 - P06 Urban Road Reconstruction.xlsx,71,Place Kerb & Channel / Inverts,2011-12-01,3,11476.578138718172,3547.1,11476.578138718172
P06,Urban Road Reconstruction,P024 - P06 Urban Road Reconstruction.xlsx,72,Form & Pour Headwalls,2011-12-01,3,5599.75,4001.4,1740.5972468916518
P06,Urban Road Reconstruction,P024 - P06 Urban Road Reconstruction.xlsx,73,Form & Place Footpath,2011-12-01,3,0.0,0.0,0.0
P06,Urban Road Reconstruction,P024 - P06 Urban Road Reconstruction.xlsx,75,Saw Cutting,2011-12-01,3,900.0,2715.72,900.0
P06,Urban Road Reconstruction,P024 - P06 Urban Road Reconstruction.xlsx,81,> 450,2011-12-01,3,0.0,300.475,0.0
P06,Urban Road Reconstruction,P024 - P06 Urban Road Reconstruction.xlsx,85,Install SW Pits & Chambers,2011-12-01,3,0.0,70.7,0.0
P06,Urban Road Reconstruction,P024 - P06 Urban Road Reconstruction.xlsx,86,SW Sub-Contract Works,2011-12-01,3,0.0,0.0,0.0
P06,Urban Road Reconstruction,P024 - P06 Urban Road Reconstruction.xlsx,87,Supply & Place Subsoil Drainage,2011-12-01,3,20262.07902488429,11892.875000000002,19735.2649702373
P06,Urban Road Reconstruction,P024 - P06 Urban Road Reconstruction.xlsx,901,Project Management,2011-12-01,3,19251.785714285714,405.0,16845.3125
P06,Urban Road Reconstruction,P024 - P06 Urban Road Reconstruction.xlsx,902,Project Supervision,2011-12-01,3,28638.624338624337,27021.604999999996,21693.757936507936
P06,Urban Road Reconstruction,P024 - P06 Urban Road Reconstruction.xlsx,903,Project Facilities,2011-12-01,3,12500.0,2720.2200000000003,5625.0
P06,Urban Road Reconstruction,P024 - P06 Urban Road Reconstruction.xlsx,904,"Project Insurance, Fees & Levies",2011-12-01,3,24375.0,18281.809999999998,19500.0
P06,Urban Road Reconstruction,P024 - P06 Urban Road Reconstruction.xlsx,905,Small Tools,2011-12-01,3,0.0,1275.2199999999998,0.0
P06,Urban Road Reconstruction,P024 - P06 Urban Road Reconstruction.xlsx,907,Site Establishment / disestablishment,2011-12-01,3,3740.0,1281.52,1870.0
P06,Urban Road Reconstruction,P024 - P06 Urban Road Reconstruction.xlsx,908,Safety Work wear,2011-12-01,3,0.0,0.0,0.0
P06,Urban Road Reconstruction,P024 - P06 Urban Road Reconstruction.xlsx,911,Accommodation,2011-12-01,3,0.0,117.84,0.0
P06,Urban Road Reconstruction,P024 - P06 Urban Road Reconstruction.xlsx,913,Wet Weather Stand Down,2011-12-01,3,0.0,0.0,0.0
P06,Urban Road Reconstruction,P024 - P06 Urban Road Reconstruction.xlsx,915,Maintenance,2011-12-01,3,0.0,0.0,0.0
P06,Urban Road Reconstruction,P024 - P06 Urban Road Reconstruction.xlsx,103,Water Sub-contractor,2012-01-01,4,0.0,920.0,0.0
P06,Urban Road Reconstruction,P024 - P06 Urban Road Reconstruction.xlsx,11,Survey - Construction,2012-01-01,4,14566.666666666666,3812.3799999999997,2776.3946280991736
P06,Urban Road Reconstruction,P024 - P06 Urban Road Reconstruction.xlsx,110,Electrical & Telecom,2012-01-01,4,0.0,0.0,0.0
P06,Urban Road Reconstruction,P024 - P06 Urban Road Reconstruction.xlsx,12,Survey - As Constructed,2012-01-01,4,2084.3023255813955,0.0,0.0
P06,Urban Road Reconstruction,P024 - P06 Urban Road Reconstruction.xlsx,120,Landscaping Sub-contractors,2012-01-01,4,0.0,0.0,0.0
P06,Urban Road Reconstruction,P024 - P06 Urban Road Reconstruction.xlsx,121,Landscaping Sub-contractors,2012-01-01,4,0.0,0.0,0.0
P06,Urban Road Reconstruction,P024 - P06 Urban Road Reconstruction.xlsx,13,QA Testing,2012-01-01,4,10170.0,2670.9,2542.5
P06,Urban Road Reconstruction,P024 - P06 Urban Road Reconstruction.xlsx,141,Traffic Controllers,2012-01-01,4,71282.54289580515,1452.6,7283.843840000001
P06,Urban Road Reconstruction,P024 - P06 Urban Road Reconstruction.xlsx,15,Service Locations,2012-01-01,4,0.0,195.0,0.0
P06,Urban Road Reconstruction,P024 - P06 Urban Road Reconstruction.xlsx,151,Supply & Place Silt fences,2012-01-01,4,10000.0,2374.3900000000003,27625.0
P06,Urban Road Reconstruction,P024 - P06 Urban Road Reconstruction.xlsx,181,Place Box Culverts,2012-01-01,4,5582.493083003951,14467.875000000005,5582.493083003951
P06,Urban Road Reconstruction,P024 - P06 Urban Road Reconstruction.xlsx,182,Supply Base Slabs,2012-01-01,4,0.0,570.0,0.0
P06,Urban Road Reconstruction,P024 - P06 Urban Road Reconstruction.xlsx,201,Non Conformance,2012-01-01,4,0.0,0.0,0.0
P06,Urban Road Reconstruction,P024 - P06 Urban Road Reconstruction.xlsx,220,Protective Work,2012-01-01,4,0.0,0.0,0.0
P06,Urban Road Reconstruction,P024 - P06 Urban Road Reconstruction.xlsx,221,Place Stone / Rock,2012-01-01,4,0.0,420.0,0.0
P06,Urban Road Reconstruction,P024 - P06 Urban Road Reconstruction.xlsx,222,Supply & Place Geofabrics,2012-01-01,4,14676.12888263573,23754.800000000003,13986.35082515185
P06,Urban Road Reconstruction,P024 - P06 Urban Road Reconstruction.xlsx,32,Disposal offsite - Clearing waste,2012-01-01,4,0.0,0.0,0.0
P06,Urban Road Reconstruction,P024 - P06 Urban Road Reconstruction.xlsx,33,Re-spread topsoil,2012-01-01,4,1524.7102260226025,2940.25,762.3551130113011
P06,Urban Road Reconstruction,P024 - P06 Urban Road Reconstruction.xlsx,41,Demolition works,2012-01-01,4,0.0,330.0,0.0
P06,Urban Road Reconstruction,P024 - P06 Urban Road Reconstruction.xlsx,52,Stockpile to Fill,2012-01-01,4,0.0,0.0,0.0
P06,Urban Road Reconstruction,P024 - P06 Urban Road Reconstruction.xlsx,53,Cut to Spoil,2012-01-01,4,38453.316134185305,71961.76399999997,20789.599303514377
P06,Urban Road Reconstruction,P024 - P06 Urban Road Reconstruction.xlsx,57,Remove & Replace unsuitable,2012-01-01,4,0.0,0.0,0.0
P06,Urban Road Reconstruction,P024 - P06 Urban Road Reconstruction.xlsx,61,Subgrade Preparation,2012-01-01,4,1697.1307979734177,2080.5,1697.1307979734177
P06,Urban Road Reconstruction,P024 - P06 Urban Road Reconstruction.xlsx,62,Place & Compact Gravel,2012-01-01,4,53957.60803781787,59531.28999999998,45635.409861148946
P06,Urban Road Reconstruction,P024 - P06 Urban Road Reconstruction.xlsx,63,Trim All Layers,2012-01-01,4,2889.069766860584,4226.710000000001,2889.069766860584
P06,Urban Road Reconstruction,P024 - P06 Urban Road Reconstruction.xlsx,64,Sweep & Prime / Primer seal or Seal,2012-01-01,4,11143.34695406125,10775.265000000001,11143.346954061248
P06,Urban Road Reconstruction,P024 - P06 Urban Road Reconstruction.xlsx,65,Asphalt,2012-01-01,4,0.0,0.0,0.0
P06,Urban Road Reconstruction,P024 - P06 Urban Road Reconstruction.xlsx,66,Linemarking,2012-01-01,4,0.0,0.0,0.0
P06,Urban Road Reconstruction,P024 - P06 Urban Road Reconstruction.xlsx,67,Install Road Furniture,2012-01-01,4,0.0,0.0,0.0
P06,Urban Road Reconstruction,P024 - P06 Urban Road Reconstruction.xlsx,68,Insitu Stabilisation,2012-01-01,4,0.0,0.0,0.0
P06,Urban Road Reconstruction,P024 - P06 Urban Road Reconstruction.xlsx,71,Place Kerb & Channel / Inverts,2012-01-01,4,11476.578138718172,3547.1,11476.578138718172
P06,Urban Road Reconstruction,P024 - P06 Urban Road Reconstruction.xlsx,72,Form & Pour Headwalls,2012-01-01,4,5599.75,13301.4,5599.75
P06,Urban Road Reconstruction,P024 - P06 Urban Road Reconstruction.xlsx,73,Form & Place Footpath,2012-01-01,4,0.0,360.0,0.0
P06,Urban Road Reconstruction,P024 - P06 Urban Road Reconstruction.xlsx,75,Saw Cutting,2012-01-01,4,1200.0,3652.495,1200.0
P06,Urban Road Reconstruction,P024 - P06 Urban Road Reconstruction.xlsx,81,> 450,2012-01-01,4,13488.019258311251,8879.990000000002,13488.019258311251
P06,Urban Road Reconstruction,P024 - P06 Urban Road Reconstruction.xlsx,85,Install SW Pits & Chambers,2012-01-01,4,7695.789473684211,2064.225,7695.78947368421
P06,Urban Road Reconstruction,P024 - P06 Urban Road Reconstruction.xlsx,86,SW Sub-Contract Works,2012-01-01,4,0.0,0.0,0.0
P06,Urban Road Reconstruction,P024 - P06 Urban Road Reconstruction.xlsx,87,Supply & Place Subsoil Drainage,2012-01-01,4,20262.07902488429,14670.175000000005,21194.134660028965
P06,Urban Road Reconstruction,P024 - P06 Urban Road Reconstruction.xlsx,901,Project Management,2012-01-01,4,26952.5,405.0,23583.4375
P06,Urban Road Reconstruction,P024 - P06 Urban Road Reconstruction.xlsx,902,Project Supervision,2012-01-01,4,40094.07407407407,33520.409999999996,26848.710317460318
P06,Urban Road Reconstruction,P024 - P06 Urban Road Reconstruction.xlsx,903,Project Facilities,2012-01-01,4,17500.0,4272.22,15750.0
P06,Urban Road Reconstruction,P024 - P06 Urban Road Reconstruction.xlsx,904,"Project Insurance, Fees & Levies",2012-01-01,4,24375.0,18281.809999999998,19500.0
P06,Urban Road Reconstruction,P024 - P06 Urban Road Reconstruction.xlsx,905,Small Tools,2012-01-01,4,0.0,1850.0659999999996,0.0
P06,Urban Road Reconstruction,P024 - P06 Urban Road Reconstruction.xlsx,907,Site Establishment / disestablishment,2012-01-01,4,3740.0,1281.52,1870.0
P06,Urban Road Reconstruction,P024 - P06 Urban Road Reconstruction.xlsx,908,Safety Work wear,2012-01-01,4,0.0,0.0,0.0
P06,Urban Road Reconstruction,P024 - P06 Urban Road Reconstruction.xlsx,911,Accommodation,2012-01-01,4,0.0,117.84,0.0
P06,Urban Road Reconstruction,P024 - P06 Urban Road Reconstruction.xlsx,913,Wet Weather Stand Down,2012-01-01,4,0.0,450.75,0.0
P06,Urban Road Reconstruction,P024 - P06 Urban Road Reconstruction.xlsx,915,Maintenance,2012-01-01,4,0.0,0.0,0.0
P06,Urban Road Reconstruction,P024 - P06 Urban Road Reconstruction.xlsx,103,Water Sub-contractor,2012-02-01,5,0.0,920.0,0.0
P06,Urban Road Reconstruction,P024 - P06 Urban Road Reconstruction.xlsx,11,Survey - Construction,2012-02-01,5,18208.333333333332,7648.379999999999,5620.506198347108
P06,Urban Road Reconstruction,P024 - P06 Urban Road Reconstruction.xlsx,110,Electrical & Telecom,2012-02-01,5,0.0,0.0,0.0
P06,Urban Road Reconstruction,P024 - P06 Urban Road Reconstruction.xlsx,12,Survey - As Constructed,2012-02-01,5,4168.604651162791,0.0,0.0
P06,Urban Road Reconstruction,P024 - P06 Urban Road Reconstruction.xlsx,120,Landscaping Sub-contractors,2012-02-01,5,0.0,0.0,0.0
P06,Urban Road Reconstruction,P024 - P06 Urban Road Reconstruction.xlsx,121,Landscaping Sub-contractors,2012-02-01,5,0.0,0.0,0.0
P06,Urban Road Reconstruction,P024 - P06 Urban Road Reconstruction.xlsx,13,QA Testing,2012-02-01,5,12712.5,4611.7,3813.75
P06,Urban Road Reconstruction,P024 - P06 Urban Road Reconstruction.xlsx,141,Traffic Controllers,2012-02-01,5,90643.23355886334,2477.75,12486.589440000002
P06,Urban Road Reconstruction,P024 - P06 Urban Road Reconstruction.xlsx,15,Service Locations,2012-02-01,5,0.0,195.0,0.0
P06,Urban Road Reconstruction,P024 - P06 Urban Road Reconstruction.xlsx,151,Supply & Place Silt fences,2012-02-01,5,15000.0,2374.3900000000003,27625.0
P06,Urban Road Reconstruction,P024 - P06 Urban Road Reconstruction.xlsx,181,Place Box Culverts,2012-02-01,5,14354.982213438732,20079.275000000005,14354.98221343873
P06,Urban Road Reconstruction,P024 - P06 Urban Road Reconstruction.xlsx,182,Supply Base Slabs,2012-02-01,5,0.0,570.0,0.0
P06,Urban Road Reconstruction,P024 - P06 Urban Road Reconstruction.xlsx,201,Non Conformance,2012-02-01,5,0.0,0.0,0.0
P06,Urban Road Reconstruction,P024 - P06 Urban Road Reconstruction.xlsx,220,Protective Work,2012-02-01,5,0.0,0.0,0.0
P06,Urban Road Reconstruction,P024 - P06 Urban Road Reconstruction.xlsx,221,Place Stone / Rock,2012-02-01,5,0.0,420.0,0.0
P06,Urban Road Reconstruction,P024 - P06 Urban Road Reconstruction.xlsx,222,Supply & Place Geofabrics,2012-02-01,5,27517.741654941994,43750.600000000006,26189.551991063458
P06,Urban Road Reconstruction,P024 - P06 Urban Road Reconstruction.xlsx,32,Disposal offsite - Clearing waste,2012-02-01,5,0.0,0.0,0.0
P06,Urban Road Reconstruction,P024 - P06 Urban Road Reconstruction.xlsx,33,Re-spread topsoil,2012-02-01,5,1524.7102260226025,2940.25,762.3551130113011
P06,Urban Road Reconstruction,P024 - P06 Urban Road Reconstruction.xlsx,41,Demolition works,2012-02-01,5,19711.276912366913,1352.8000000000002,7884.510764946765
P06,Urban Road Reconstruction,P024 - P06 Urban Road Reconstruction.xlsx,52,Stockpile to Fill,2012-02-01,5,0.0,0.0,0.0
P06,Urban Road Reconstruction,P024 - P06 Urban Road Reconstruction.xlsx,53,Cut to Spoil,2012-02-01,5,54959.29871565495,97868.88899999992,31556.52782108626
P06,Urban Road Reconstruction,P024 - P06 Urban Road Reconstruction.xlsx,57,Remove & Replace unsuitable,2012-02-01,5,1059.6277735124756,0.0,1059.6277735124756
P06,Urban Road Reconstruction,P024 - P06 Urban Road Reconstruction.xlsx,61,Subgrade Preparation,2012-02-01,5,5327.35710379891,2080.5,5772.059826262533
P06,Urban Road Reconstruction,P024 - P06 Urban Road Reconstruction.xlsx,62,Place & Compact Gravel,2012-02-01,5,73578.55641520619,76785.93999999999,64850.319276369555
P06,Urban Road Reconstruction,P024 - P06 Urban Road Reconstruction.xlsx,63,Trim All Layers,2012-02-01,5,2889.069766860584,7927.910000000003,2889.069766860584
P06,Urban Road Reconstruction,P024 - P06 Urban Road Reconstruction.xlsx,64,Sweep & Prime / Primer seal or Seal,2012-02-01,5,11143.34695406125,10775.265000000001,11143.346954061248
P06,Urban Road Reconstruction,P024 - P06 Urban Road Reconstruction.xlsx,65,Asphalt,2012-02-01,5,0.0,0.0,0.0
P06,Urban Road Reconstruction,P024 - P06 Urban Road Reconstruction.xlsx,66,Linemarking,2012-02-01,5,0.0,0.0,0.0
P06,Urban Road Reconstruction,P024 - P06 Urban Road Reconstruction.xlsx,67,Install Road Furniture,2012-02-01,5,0.0,0.0,0.0
P06,Urban Road Reconstruction,P024 - P06 Urban Road Reconstruction.xlsx,68,Insitu Stabilisation,2012-02-01,5,0.0,0.0,0.0
P06,Urban Road Reconstruction,P024 - P06 Urban Road Reconstruction.xlsx,71,Place Kerb & Channel / Inverts,2012-02-01,5,24881.221404740998,3711.73,11476.578138718172
P06,Urban Road Reconstruction,P024 - P06 Urban Road Reconstruction.xlsx,72,Form & Pour Headwalls,2012-02-01,5,5599.75,13301.4,5599.75
P06,Urban Road Reconstruction,P024 - P06 Urban Road Reconstruction.xlsx,73,Form & Place Footpath,2012-02-01,5,1281.6975523185888,4660.0,961.2731642389416
P06,Urban Road Reconstruction,P024 - P06 Urban Road Reconstruction.xlsx,75,Saw Cutting,2012-02-01,5,1400.0,4218.094999999999,1400.0
P06,Urban Road Reconstruction,P024 - P06 Urban Road Reconstruction.xlsx,81,> 450,2012-02-01,5,13488.019258311251,8879.990000000002,13488.019258311251
P06,Urban Road Reconstruction,P024 - P06 Urban Road Reconstruction.xlsx,85,Install SW Pits & Chambers,2012-02-01,5,7695.789473684211,2064.225,7695.78947368421
P06,Urban Road Reconstruction,P024 - P06 Urban Road Reconstruction.xlsx,86,SW Sub-Contract Works,2012-02-01,5,0.0,0.0,0.0
P06,Urban Road Reconstruction,P024 - P06 Urban Road Reconstruction.xlsx,87,Supply & Place Subsoil Drainage,2012-02-01,5,40524.15804976858,25627.0,39430.00578242482
P06,Urban Road Reconstruction,P024 - P06 Urban Road Reconstruction.xlsx,901,Project Management,2012-02-01,5,34653.21428571428,405.0,30321.5625
P06,Urban Road Reconstruction,P024 - P06 Urban Road Reconstruction.xlsx,902,Project Supervision,2012-02-01,5,51549.5238095238,42783.90000000001,34366.3492063492
P06,Urban Road Reconstruction,P024 - P06 Urban Road Reconstruction.xlsx,903,Project Facilities,2012-02-01,5,22500.0,5837.02,21468.75
P06,Urban Road Reconstruction,P024 - P06 Urban Road Reconstruction.xlsx,904,"Project Insurance, Fees & Levies",2012-02-01,5,24375.0,18893.809999999998,19500.0
P06,Urban Road Reconstruction,P024 - P06 Urban Road Reconstruction.xlsx,905,Small Tools,2012-02-01,5,0.0,2924.095999999999,0.0
P06,Urban Road Reconstruction,P024 - P06 Urban Road Reconstruction.xlsx,907,Site Establishment / disestablishment,2012-02-01,5,5610.0,1560.94,1870.0
P06,Urban Road Reconstruction,P024 - P06 Urban Road Reconstruction.xlsx,908,Safety Work wear,2012-02-01,5,0.0,0.0,0.0
P06,Urban Road Reconstruction,P024 - P06 Urban Road Reconstruction.xlsx,911,Accommodation,2012-02-01,5,0.0,386.96000000000004,0.0
P06,Urban Road Reconstruction,P024 - P06 Urban Road Reconstruction.xlsx,913,Wet Weather Stand Down,2012-02-01,5,0.0,1705.675,0.0
P06,Urban Road Reconstruction,P024 - P06 Urban Road Reconstruction.xlsx,915,Maintenance,2012-02-01,5,0.0,159.075,0.0
P06,Urban Road Reconstruction,P024 - P06 Urban Road Reconstruction.xlsx,103,Water Sub-contractor,2012-03-01,6,42345.36,43097.100000000006,36699.312000000005
P06,Urban Road Reconstruction,P024 - P06 Urban Road Reconstruction.xlsx,11,Survey - Construction,2012-03-01,6,21850.0,9078.38,6636.260330578512
P06,Urban Road Reconstruction,P024 - P06 Urban Road Reconstruction.xlsx,110,Electrical & Telecom,2012-03-01,6,0.0,0.0,0.0
P06,Urban Road Reconstruction,P024 - P06 Urban Road Reconstruction.xlsx,12,Survey - As Constructed,2012-03-01,6,6252.906976744187,1634.92,2172.727272727273
P06,Urban Road Reconstruction,P024 - P06 Urban Road Reconstruction.xlsx,120,Landscaping Sub-contractors,2012-03-01,6,0.0,0.0,0.0
P06,Urban Road Reconstruction,P024 - P06 Urban Road Reconstruction.xlsx,121,Landscaping Sub-contractors,2012-03-01,6,0.0,0.0,0.0
P06,Urban Road Reconstruction,P024 - P06 Urban Road Reconstruction.xlsx,13,QA Testing,2012-03-01,6,15255.0,4611.7,3813.75
P06,Urban Road Reconstruction,P024 - P06 Urban Road Reconstruction.xlsx,141,Traffic Controllers,2012-03-01,6,110003.92422192152,3511.7249999999995,17949.47232
P06,Urban Road Reconstruction,P024 - P06 Urban Road Reconstruction.xlsx,15,Service Locations,2012-03-01,6,0.0,1480.0,0.0
P06,Urban Road Reconstruction,P024 - P06 Urban Road Reconstruction.xlsx,151,Supply & Place Silt fences,2012-03-01,6,15000.0,2957.665000000001,34531.25
P06,Urban Road Reconstruction,P024 - P06 Urban Road Reconstruction.xlsx,181,Place Box Culverts,2012-03-01,6,14354.982213438732,20471.375000000007,14354.98221343873
P06,Urban Road Reconstruction,P024 - P06 Urban Road Reconstruction.xlsx,182,Supply Base Slabs,2012-03-01,6,0.0,570.0,0.0
P06,Urban Road Reconstruction,P024 - P06 Urban Road Reconstruction.xlsx,201,Non Conformance,2012-03-01,6,0.0,0.0,0.0
P06,Urban Road Reconstruction,P024 - P06 Urban Road Reconstruction.xlsx,220,Protective Work,2012-03-01,6,0.0,0.0,0.0
P06,Urban Road Reconstruction,P024 - P06 Urban Road Reconstruction.xlsx,221,Place Stone / Rock,2012-03-01,6,0.0,420.0,0.0
P06,Urban Road Reconstruction,P024 - P06 Urban Road Reconstruction.xlsx,222,Supply & Place Geofabrics,2012-03-01,6,36690.32220658933,62671.850000000006,71179.22508078329
P06,Urban Road Reconstruction,P024 - P06 Urban Road Reconstruction.xlsx,32,Disposal offsite - Clearing waste,2012-03-01,6,0.0,0.0,0.0
P06,Urban Road Reconstruction,P024 - P06 Urban Road Reconstruction.xlsx,33,Re-spread topsoil,2012-03-01,6,3049.420452045205,4770.45,1143.5326695169517
P06,Urban Road Reconstruction,P024 - P06 Urban Road Reconstruction.xlsx,41,Demolition works,2012-03-01,6,39422.553824733826,2167.925,11826.766147420147
P06,Urban Road Reconstruction,P024 - P06 Urban Road Reconstruction.xlsx,52,Stockpile to Fill,2012-03-01,6,0.0,0.0,0.0
P06,Urban Road Reconstruction,P024 - P06 Urban Road Reconstruction.xlsx,53,Cut to Spoil,2012-03-01,6,69331.74246645368,114354.86399999993,51833.416242811494
P06,Urban Road Reconstruction,P024 - P06 Urban Road Reconstruction.xlsx,57,Remove & Replace unsuitable,2012-03-01,6,1059.6277735124756,0.0,1059.6277735124756
P06,Urban Road Reconstruction,P024 - P06 Urban Road Reconstruction.xlsx,61,Subgrade Preparation,2012-03-01,6,6761.296494599979,3667.6250000000005,9480.941035380913
P06,Urban Road Reconstruction,P024 - P06 Urban Road Reconstruction.xlsx,62,Place & Compact Gravel,2012-03-01,6,98104.74188694159,110169.11500000006,84569.62006373971
P06,Urban Road Reconstruction,P024 - P06 Urban Road Reconstruction.xlsx,63,Trim All Layers,2012-03-01,6,9068.898145171994,14756.620000000003,2889.069766860584
P06,Urban Road Reconstruction,P024 - P06 Urban Road Reconstruction.xlsx,64,Sweep & Prime / Primer seal or Seal,2012-03-01,6,34979.38321943291,10775.265000000001,11143.346954061248
P06,Urban Road Reconstruction,P024 - P06 Urban Road Reconstruction.xlsx,65,Asphalt,2012-03-01,6,0.0,0.0,0.0
P06,Urban Road Reconstruction,P024 - P06 Urban Road Reconstruction.xlsx,66,Linemarking,2012-03-01,6,0.0,0.0,0.0
P06,Urban Road Reconstruction,P024 - P06 Urban Road Reconstruction.xlsx,67,Install Road Furniture,2012-03-01,6,0.0,0.0,0.0
P06,Urban Road Reconstruction,P024 - P06 Urban Road Reconstruction.xlsx,68,Insitu Stabilisation,2012-03-01,6,0.0,0.0,0.0
P06,Urban Road Reconstruction,P024 - P06 Urban Road Reconstruction.xlsx,71,Place Kerb & Channel / Inverts,2012-03-01,6,28370.101158911322,24033.010000000002,28370.10115891132
P06,Urban Road Reconstruction,P024 - P06 Urban Road Reconstruction.xlsx,72,Form & Pour Headwalls,2012-03-01,6,5599.75,13301.4,5599.75
P06,Urban Road Reconstruction,P024 - P06 Urban Road Reconstruction.xlsx,73,Form & Place Footpath,2012-03-01,6,1281.6975523185888,5212.8,1068.0812935988238
P06,Urban Road Reconstruction,P024 - P06 Urban Road Reconstruction.xlsx,75,Saw Cutting,2012-03-01,6,1500.0,4530.695,1500.0
P06,Urban Road Reconstruction,P024 - P06 Urban Road Reconstruction.xlsx,81,> 450,2012-03-01,6,22825.878744834423,15528.440000000004,22825.87874483442
P06,Urban Road Reconstruction,P024 - P06 Urban Road Reconstruction.xlsx,85,Install SW Pits & Chambers,2012-03-01,6,19239.473684210527,2970.5249999999996,11543.684210526315
P06,Urban Road Reconstruction,P024 - P06 Urban Road Reconstruction.xlsx,86,SW Sub-Contract Works,2012-03-01,6,0.0,0.0,0.0
P06,Urban Road Reconstruction,P024 - P06 Urban Road Reconstruction.xlsx,87,Supply & Place Subsoil Drainage,2012-03-01,6,56733.82126967601,30238.400000000005,51425.15656515632
P06,Urban Road Reconstruction,P024 - P06 Urban Road Reconstruction.xlsx,901,Project Management,2012-03-01,6,42353.92857142857,405.0,37059.6875
P06,Urban Road Reconstruction,P024 - P06 Urban Road Reconstruction.xlsx,902,Project Supervision,2012-03-01,6,63004.97354497354,56715.04000000003,45320.62301587302
P06,Urban Road Reconstruction,P024 - P06 Urban Road Reconstruction.xlsx,903,Project Facilities,2012-03-01,6,27500.0,5837.02,21468.75
P06,Urban Road Reconstruction,P024 - P06 Urban Road Reconstruction.xlsx,904,"Project Insurance, Fees & Levies",2012-03-01,6,24375.0,20141.269999999997,22750.0
P06,Urban Road Reconstruction,P024 - P06 Urban Road Reconstruction.xlsx,905,Small Tools,2012-03-01,6,0.0,4223.025999999999,0.0
P06,Urban Road Reconstruction,P024 - P06 Urban Road Reconstruction.xlsx,907,Site Establishment / disestablishment,2012-03-01,6,9350.0,4882.34,7480.0
P06,Urban Road Reconstruction,P024 - P06 Urban Road Reconstruction.xlsx,908,Safety Work wear,2012-03-01,6,0.0,0.0,0.0
P06,Urban Road Reconstruction,P024 - P06 Urban Road Reconstruction.xlsx,911,Accommodation,2012-03-01,6,0.0,386.96000000000004,0.0
P06,Urban Road Reconstruction,P024 - P06 Urban Road Reconstruction.xlsx,913,Wet Weather Stand Down,2012-03-01,6,0.0,6955.15,0.0
P06,Urban Road Reconstruction,P024 - P06 Urban Road Reconstruction.xlsx,915,Maintenance,2012-03-01,6,0.0,159.075,0.0
P06,Urban Road Reconstruction,P024 - P06 Urban Road Reconstruction.xlsx,103,Water Sub-contractor,2012-04-01,7,70575.6,73213.5,62106.528000000006
P06,Urban Road Reconstruction,P024 - P06 Urban Road Reconstruction.xlsx,11,Survey - Construction,2012-04-01,7,25491.666666666664,11980.48,8667.768595041323
P06,Urban Road Reconstruction,P024 - P06 Urban Road Reconstruction.xlsx,110,Electrical & Telecom,2012-04-01,7,0.0,0.0,0.0
P06,Urban Road Reconstruction,P024 - P06 Urban Road Reconstruction.xlsx,12,Survey - As Constructed,2012-04-01,7,8337.209302325582,1634.92,2172.727272727273
P06,Urban Road Reconstruction,P024 - P06 Urban Road Reconstruction.xlsx,120,Landscaping Sub-contractors,2012-04-01,7,0.0,0.0,0.0
P06,Urban Road Reconstruction,P024 - P06 Urban Road Reconstruction.xlsx,121,Landscaping Sub-contractors,2012-04-01,7,0.0,0.0,0.0
P06,Urban Road Reconstruction,P024 - P06 Urban Road Reconstruction.xlsx,13,QA Testing,2012-04-01,7,17797.5,9695.78,8898.75
P06,Urban Road Reconstruction,P024 - P06 Urban Road Reconstruction.xlsx,141,Traffic Controllers,2012-04-01,7,129364.61488497972,6481.875,33037.43456
P06,Urban Road Reconstruction,P024 - P06 Urban Road Reconstruction.xlsx,15,Service Locations,2012-04-01,7,0.0,1480.0,0.0
P06,Urban Road Reconstruction,P024 - P06 Urban Road Reconstruction.xlsx,151,Supply & Place Silt fences,2012-04-01,7,20000.0,2957.665000000001,34531.25
P06,Urban Road Reconstruction,P024 - P06 Urban Road Reconstruction.xlsx,181,Place Box Culverts,2012-04-01,7,14354.982213438732,20471.375000000007,14354.98221343873
P06,Urban Road Reconstruction,P024 - P06 Urban Road Reconstruction.xlsx,182,Supply Base Slabs,2012-04-01,7,0.0,570.0,0.0
P06,Urban Road Reconstruction,P024 - P06 Urban Road Reconstruction.xlsx,201,Non Conformance,2012-04-01,7,0.0,0.0,0.0
P06,Urban Road Reconstruction,P024 - P06 Urban Road Reconstruction.xlsx,220,Protective Work,2012-04-01,7,0.0,0.0,0.0
P06,Urban Road Reconstruction,P024 - P06 Urban Road Reconstruction.xlsx,221,Place Stone / Rock,2012-04-01,7,23653.846153846156,31753.728,23259.615384615383
P06,Urban Road Reconstruction,P024 - P06 Urban Road Reconstruction.xlsx,222,Supply & Place Geofabrics,2012-04-01,7,99063.86995779118,80452.85999999996,89891.28940614384
P06,Urban Road Reconstruction,P024 - P06 Urban Road Reconstruction.xlsx,32,Disposal offsite - Clearing waste,2012-04-01,7,0.0,0.0,0.0
P06,Urban Road Reconstruction,P024 - P06 Urban Road Reconstruction.xlsx,33,Re-spread topsoil,2012-04-01,7,6098.84090409041,7250.785,1905.887782528253
P06,Urban Road Reconstruction,P024 - P06 Urban Road Reconstruction.xlsx,41,Demolition works,2012-04-01,7,59133.83073710074,2167.925,11826.766147420147
P06,Urban Road Reconstruction,P024 - P06 Urban Road Reconstruction.xlsx,52,Stockpile to Fill,2012-04-01,7,0.0,0.0,0.0
P06,Urban Road Reconstruction,P024 - P06 Urban Road Reconstruction.xlsx,53,Cut to Spoil,2012-04-01,7,97448.14566134186,164115.94399999984,51833.416242811494
P06,Urban Road Reconstruction,P024 - P06 Urban Road Reconstruction.xlsx,57,Remove & Replace unsuitable,2012-04-01,7,50862.133128598834,42660.383749999986,50862.133128598834
P06,Urban Road Reconstruction,P024 - P06 Urban Road Reconstruction.xlsx,61,Subgrade Preparation,2012-04-01,7,9075.565764563731,3667.6250000000005,9480.941035380913
P06,Urban Road Reconstruction,P024 - P06 Urban Road Reconstruction.xlsx,62,Place & Compact Gravel,2012-04-01,7,137346.63864171822,152455.78000000012,122495.04752203138
P06,Urban Road Reconstruction,P024 - P06 Urban Road Reconstruction.xlsx,63,Trim All Layers,2012-04-01,7,11503.750526226688,30773.57000000001,2889.069766860584
P06,Urban Road Reconstruction,P024 - P06 Urban Road Reconstruction.xlsx,64,Sweep & Prime / Primer seal or Seal,2012-04-01,7,44370.78150798934,10775.265000000001,11143.346954061248
P06,Urban Road Reconstruction,P024 - P06 Urban Road Reconstruction.xlsx,65,Asphalt,2012-04-01,7,0.0,0.0,0.0
P06,Urban Road Reconstruction,P024 - P06 Urban Road Reconstruction.xlsx,66,Linemarking,2012-04-01,7,0.0,0.0,0.0
P06,Urban Road Reconstruction,P024 - P06 Urban Road Reconstruction.xlsx,67,Install Road Furniture,2012-04-01,7,4105.0,415.45000000000005,821.0
P06,Urban Road Reconstruction,P024 - P06 Urban Road Reconstruction.xlsx,68,Insitu Stabilisation,2012-04-01,7,14000.44212038017,13611.895,14000.44212038017
P06,Urban Road Reconstruction,P024 - P06 Urban Road Reconstruction.xlsx,71,Place Kerb & Channel / Inverts,2012-04-01,7,51598.69531167691,35554.82000000001,41315.68129938542
P06,Urban Road Reconstruction,P024 - P06 Urban Road Reconstruction.xlsx,72,Form & Pour Headwalls,2012-04-01,7,5599.75,13301.4,5599.75
P06,Urban Road Reconstruction,P024 - P06 Urban Road Reconstruction.xlsx,73,Form & Place Footpath,2012-04-01,7,1281.6975523185888,6172.3,1281.6975523185886
P06,Urban Road Reconstruction,P024 - P06 Urban Road Reconstruction.xlsx,75,Saw Cutting,2012-04-01,7,1500.0,4530.695,1500.0
P06,Urban Road Reconstruction,P024 - P06 Urban Road Reconstruction.xlsx,81,> 450,2012-04-01,7,22825.878744834423,15528.440000000004,22825.87874483442
P06,Urban Road Reconstruction,P024 - P06 Urban Road Reconstruction.xlsx,85,Install SW Pits & Chambers,2012-04-01,7,23087.368421052633,5692.924999999998,23087.36842105263
P06,Urban Road Reconstruction,P024 - P06 Urban Road Reconstruction.xlsx,86,SW Sub-Contract Works,2012-04-01,7,0.0,0.0,0.0
P06,Urban Road Reconstruction,P024 - P06 Urban Road Reconstruction.xlsx,87,Supply & Place Subsoil Drainage,2012-04-01,7,56733.82126967601,30238.400000000005,53937.65436424198
P06,Urban Road Reconstruction,P024 - P06 Urban Road Reconstruction.xlsx,901,Project Management,2012-04-01,7,50054.642857142855,405.0,43797.8125
P06,Urban Road Reconstruction,P024 - P06 Urban Road Reconstruction.xlsx,902,Project Supervision,2012-04-01,7,74460.42328042327,69999.89000000006,55845.31746031746
P06,Urban Road Reconstruction,P024 - P06 Urban Road Reconstruction.xlsx,903,Project Facilities,2012-04-01,7,32500.0,5962.02,21937.499999999996
P06,Urban Road Reconstruction,P024 - P06 Urban Road Reconstruction.xlsx,904,"Project Insurance, Fees & Levies",2012-04-01,7,24375.0,21581.269999999997,22750.0
P06,Urban Road Reconstruction,P024 - P06 Urban Road Reconstruction.xlsx,905,Small Tools,2012-04-01,7,0.0,7172.9259999999995,0.0
P06,Urban Road Reconstruction,P024 - P06 Urban Road Reconstruction.xlsx,907,Site Establishment / disestablishment,2012-04-01,7,9350.0,6852.34,11220.0
P06,Urban Road Reconstruction,P024 - P06 Urban Road Reconstruction.xlsx,908,Safety Work wear,2012-04-01,7,0.0,271.75,0.0
P06,Urban Road Reconstruction,P024 - P06 Urban Road Reconstruction.xlsx,911,Accommodation,2012-04-01,7,0.0,386.96000000000004,0.0
P06,Urban Road Reconstruction,P024 - P06 Urban Road Reconstruction.xlsx,913,Wet Weather Stand Down,2012-04-01,7,0.0,6955.15,0.0
P06,Urban Road Reconstruction,P024 - P06 Urban Road Reconstruction.xlsx,915,Maintenance,2012-04-01,7,0.0,159.075,0.0
P06,Urban Road Reconstruction,P024 - P06 Urban Road Reconstruction.xlsx,103,Water Sub-contractor,2012-05-01,8,141151.2,151583.5,129859.10400000002
P06,Urban Road Reconstruction,P024 - P06 Urban Road Reconstruction.xlsx,11,Survey - Construction,2012-05-01,8,29133.333333333332,21999.28,16116.63223140496
P06,Urban Road Reconstruction,P024 - P06 Urban Road Reconstruction.xlsx,110,Electrical & Telecom,2012-05-01,8,0.0,0.0,0.0
P06,Urban Road Reconstruction,P024 - P06 Urban Road Reconstruction.xlsx,12,Survey - As Constructed,2012-05-01,8,10421.511627906977,1634.92,2172.727272727273
P06,Urban Road Reconstruction,P024 - P06 Urban Road Reconstruction.xlsx,120,Landscaping Sub-contractors,2012-05-01,8,0.0,0.0,0.0
P06,Urban Road Reconstruction,P024 - P06 Urban Road Reconstruction.xlsx,121,Landscaping Sub-contractors,2012-05-01,8,0.0,0.0,0.0
P06,Urban Road Reconstruction,P024 - P06 Urban Road Reconstruction.xlsx,13,QA Testing,2012-05-01,8,20340.0,12901.68,11441.25
P06,Urban Road Reconstruction,P024 - P06 Urban Road Reconstruction.xlsx,141,Traffic Controllers,2012-05-01,8,148725.3055480379,15744.025,80122.28224000002
P06,Urban Road Reconstruction,P024 - P06 Urban Road Reconstruction.xlsx,15,Service Locations,2012-05-01,8,0.0,2282.5,0.0
P06,Urban Road Reconstruction,P024 - P06 Urban Road Reconstruction.xlsx,151,Supply & Place Silt fences,2012-05-01,8,25000.0,4411.67,50645.83333333333
P06,Urban Road Reconstruction,P024 - P06 Urban Road Reconstruction.xlsx,181,Place Box Culverts,2012-05-01,8,14354.982213438732,20471.375000000007,14354.98221343873
P06,Urban Road Reconstruction,P024 - P06 Urban Road Reconstruction.xlsx,182,Supply Base Slabs,2012-05-01,8,0.0,570.0,0.0
P06,Urban Road Reconstruction,P024 - P06 Urban Road Reconstruction.xlsx,201,Non Conformance,2012-05-01,8,0.0,0.0,0.0
P06,Urban Road Reconstruction,P024 - P06 Urban Road Reconstruction.xlsx,220,Protective Work,2012-05-01,8,0.0,0.0,0.0
P06,Urban Road Reconstruction,P024 - P06 Urban Road Reconstruction.xlsx,221,Place Stone / Rock,2012-05-01,8,28384.615384615387,31753.728,27769.615384615387
P06,Urban Road Reconstruction,P024 - P06 Urban Road Reconstruction.xlsx,222,Supply & Place Geofabrics,2012-05-01,8,124747.09550240371,99607.46,110070.96661976798
P06,Urban Road Reconstruction,P024 - P06 Urban Road Reconstruction.xlsx,32,Disposal offsite - Clearing waste,2012-05-01,8,3115.0,1933.19,2336.25
P06,Urban Road Reconstruction,P024 - P06 Urban Road Reconstruction.xlsx,33,Re-spread topsoil,2012-05-01,8,9148.261356135614,8553.17,2287.0653390339035
P06,Urban Road Reconstruction,P024 - P06 Urban Road Reconstruction.xlsx,41,Demolition works,2012-05-01,8,78845.10764946765,7077.435000000001,43364.80920720721
P06,Urban Road Reconstruction,P024 - P06 Urban Road Reconstruction.xlsx,52,Stockpile to Fill,2012-05-01,8,0.0,193.5,0.0
P06,Urban Road Reconstruction,P024 - P06 Urban Road Reconstruction.xlsx,53,Cut to Spoil,2012-05-01,8,104774.94955271565,188753.53149999984,94619.96628115016
P06,Urban Road Reconstruction,P024 - P06 Urban Road Reconstruction.xlsx,57,Remove & Replace unsuitable,2012-05-01,8,95101.5926727447,81882.51849999993,95101.5926727447
P06,Urban Road Reconstruction,P024 - P06 Urban Road Reconstruction.xlsx,61,Subgrade Preparation,2012-05-01,8,11798.23549393285,3667.6250000000005,17307.103913023035
P06,Urban Road Reconstruction,P024 - P06 Urban Road Reconstruction.xlsx,62,Place & Compact Gravel,2012-05-01,8,208472.57650975086,194475.97750000012,163566.91639706542
P06,Urban Road Reconstruction,P024 - P06 Urban Road Reconstruction.xlsx,63,Trim All Layers,2012-05-01,8,20084.442229512082,36702.470000000016,20047.36325924221
P06,Urban Road Reconstruction,P024 - P06 Urban Road Reconstruction.xlsx,64,Sweep & Prime / Primer seal or Seal,2012-05-01,8,77467.11786245789,72009.515,77324.10164486566
P06,Urban Road Reconstruction,P024 - P06 Urban Road Reconstruction.xlsx,65,Asphalt,2012-05-01,8,112328.0062907212,108392.669,99641.85550839845
P06,Urban Road Reconstruction,P024 - P06 Urban Road Reconstruction.xlsx,66,Linemarking,2012-05-01,8,0.0,0.0,0.0
P06,Urban Road Reconstruction,P024 - P06 Urban Road Reconstruction.xlsx,67,Install Road Furniture,2012-05-01,8,4105.0,415.45000000000005,821.0
P06,Urban Road Reconstruction,P024 - P06 Urban Road Reconstruction.xlsx,68,Insitu Stabilisation,2012-05-01,8,14000.44212038017,13611.895,14000.44212038017
P06,Urban Road Reconstruction,P024 - P06 Urban Road Reconstruction.xlsx,71,Place Kerb & Channel / Inverts,2012-05-01,8,54169.448814749776,39508.57000000001,28370.10115891132
P06,Urban Road Reconstruction,P024 - P06 Urban Road Reconstruction.xlsx,72,Form & Pour Headwalls,2012-05-01,8,5599.75,13301.4,5599.75
P06,Urban Road Reconstruction,P024 - P06 Urban Road Reconstruction.xlsx,73,Form & Place Footpath,2012-05-01,8,2777.011363356942,13640.675,2777.011363356942
P06,Urban Road Reconstruction,P024 - P06 Urban Road Reconstruction.xlsx,75,Saw Cutting,2012-05-01,8,1770.0,4684.745000000001,1560.0
P06,Urban Road Reconstruction,P024 - P06 Urban Road Reconstruction.xlsx,81,> 450,2012-05-01,8,22825.878744834423,15528.440000000004,22825.87874483442
P06,Urban Road Reconstruction,P024 - P06 Urban Road Reconstruction.xlsx,85,Install SW Pits & Chambers,2012-05-01,8,46174.73684210527,9640.315,42326.84210526316
P06,Urban Road Reconstruction,P024 - P06 Urban Road Reconstruction.xlsx,86,SW Sub-Contract Works,2012-05-01,8,0.0,0.0,0.0
P06,Urban Road Reconstruction,P024 - P06 Urban Road Reconstruction.xlsx,87,Supply & Place Subsoil Drainage,2012-05-01,8,72943.48448958344,33913.30000000001,64838.65287962972
P06,Urban Road Reconstruction,P024 - P06 Urban Road Reconstruction.xlsx,901,Project Management,2012-05-01,8,57755.35714285714,405.0,50535.9375
P06,Urban Road Reconstruction,P024 - P06 Urban Road Reconstruction.xlsx,902,Project Supervision,2012-05-01,8,85915.873015873,84074.65000000014,67014.38095238095
P06,Urban Road Reconstruction,P024 - P06 Urban Road Reconstruction.xlsx,903,Project Facilities,2012-05-01,8,37500.0,7419.52,27281.250000000004
P06,Urban Road Reconstruction,P024 - P06 Urban Road Reconstruction.xlsx,904,"Project Insurance, Fees & Levies",2012-05-01,8,24375.0,21800.269999999997,22750.0
P06,Urban Road Reconstruction,P024 - P06 Urban Road Reconstruction.xlsx,905,Small Tools,2012-05-01,8,0.0,8068.601,0.0
P06,Urban Road Reconstruction,P024 - P06 Urban Road Reconstruction.xlsx,907,Site Establishment / disestablishment,2012-05-01,8,11220.0,9256.14,14960.0
P06,Urban Road Reconstruction,P024 - P06 Urban Road Reconstruction.xlsx,908,Safety Work wear,2012-05-01,8,0.0,271.75,0.0
P06,Urban Road Reconstruction,P024 - P06 Urban Road Reconstruction.xlsx,911,Accommodation,2012-05-01,8,0.0,642.95,0.0
P06,Urban Road Reconstruction,P024 - P06 Urban Road Reconstruction.xlsx,913,Wet Weather Stand Down,2012-05-01,8,0.0,8328.949999999997,0.0
P06,Urban Road Reconstruction,P024 - P06 Urban Road Reconstruction.xlsx,915,Maintenance,2012-05-01,8,0.0,159.075,0.0
P06,Urban Road Reconstruction,P024 - P06 Urban Road Reconstruction.xlsx,103,Water Sub-contractor,2012-06-01,9,169381.44,196911.5,169381.44
P06,Urban Road Reconstruction,P024 - P06 Urban Road Reconstruction.xlsx,11,Survey - Construction,2012-06-01,9,32775.0,21999.28,16116.63223140496
P06,Urban Road Reconstruction,P024 - P06 Urban Road Reconstruction.xlsx,110,Electrical & Telecom,2012-06-01,9,0.0,110.0,0.0
P06,Urban Road Reconstruction,P024 - P06 Urban Road Reconstruction.xlsx,12,Survey - As Constructed,2012-06-01,9,12505.813953488374,7912.42,10380.808080808081
P06,Urban Road Reconstruction,P024 - P06 Urban Road Reconstruction.xlsx,120,Landscaping Sub-contractors,2012-06-01,9,0.0,0.0,0.0
P06,Urban Road Reconstruction,P024 - P06 Urban Road Reconstruction.xlsx,121,Landscaping Sub-contractors,2012-06-01,9,0.0,0.0,0.0
P06,Urban Road Reconstruction,P024 - P06 Urban Road Reconstruction.xlsx,13,QA Testing,2012-06-01,9,22882.5,14673.95,12712.5
P06,Urban Road Reconstruction,P024 - P06 Urban Road Reconstruction.xlsx,141,Traffic Controllers,2012-06-01,9,168085.9962110961,16434.625,83764.20416000001
P06,Urban Road Reconstruction,P024 - P06 Urban Road Reconstruction.xlsx,15,Service Locations,2012-06-01,9,0.0,2860.0,0.0
P06,Urban Road Reconstruction,P024 - P06 Urban Road Reconstruction.xlsx,151,Supply & Place Silt fences,2012-06-01,9,35000.0,4411.67,50645.83333333333
P06,Urban Road Reconstruction,P024 - P06 Urban Road Reconstruction.xlsx,181,Place Box Culverts,2012-06-01,9,44837.16666666666,20471.375000000007,14354.98221343873
P06,Urban Road Reconstruction,P024 - P06 Urban Road Reconstruction.xlsx,182,Supply Base Slabs,2012-06-01,9,0.0,570.0,0.0
P06,Urban Road Reconstruction,P024 - P06 Urban Road Reconstruction.xlsx,201,Non Conformance,2012-06-01,9,0.0,0.0,0.0
P06,Urban Road Reconstruction,P024 - P06 Urban Road Reconstruction.xlsx,220,Protective Work,2012-06-01,9,0.0,1500.0,0.0
P06,Urban Road Reconstruction,P024 - P06 Urban Road Reconstruction.xlsx,221,Place Stone / Rock,2012-06-01,9,28384.615384615387,31753.728,28416.153846153844
P06,Urban Road Reconstruction,P024 - P06 Urban Road Reconstruction.xlsx,222,Supply & Place Geofabrics,2012-06-01,9,141551.2630730216,123613.56,141551.2630730216
P06,Urban Road Reconstruction,P024 - P06 Urban Road Reconstruction.xlsx,32,Disposal offsite - Clearing waste,2012-06-01,9,3115.0,1959.3400000000001,2336.25
P06,Urban Road Reconstruction,P024 - P06 Urban Road Reconstruction.xlsx,33,Re-spread topsoil,2012-06-01,9,9148.261356135614,8553.17,2287.0653390339035
P06,Urban Road Reconstruction,P024 - P06 Urban Road Reconstruction.xlsx,41,Demolition works,2012-06-01,9,78845.10764946765,7077.435000000001,43364.80920720721
P06,Urban Road Reconstruction,P024 - P06 Urban Road Reconstruction.xlsx,52,Stockpile to Fill,2012-06-01,9,0.0,193.5,0.0
P06,Urban Road Reconstruction,P024 - P06 Urban Road Reconstruction.xlsx,53,Cut to Spoil,2012-06-01,9,115558.41713099042,230001.57699999987,107818.13672204471
P06,Urban Road Reconstruction,P024 - P06 Urban Road Reconstruction.xlsx,57,Remove & Replace unsuitable,2012-06-01,9,95631.40655950093,81882.51849999993,95631.40655950093
P06,Urban Road Reconstruction,P024 - P06 Urban Road Reconstruction.xlsx,61,Subgrade Preparation,2012-06-01,9,16336.018376214715,3667.6250000000005,19721.204406396988
P06,Urban Road Reconstruction,P024 - P06 Urban Road Reconstruction.xlsx,62,Place & Compact Gravel,2012-06-01,9,232998.76198148626,229892.64850000007,188065.9259014717
P06,Urban Road Reconstruction,P024 - P06 Urban Road Reconstruction.xlsx,63,Trim All Layers,2012-06-01,9,23174.356418667787,46879.84500000003,24425.77166527585
P06,Urban Road Reconstruction,P024 - P06 Urban Road Reconstruction.xlsx,64,Sweep & Prime / Primer seal or Seal,2012-06-01,9,89385.13599514372,79412.515,94211.93333888147
P06,Urban Road Reconstruction,P024 - P06 Urban Road Reconstruction.xlsx,65,Asphalt,2012-06-01,9,112328.0062907212,108392.669,99641.85550839845
P06,Urban Road Reconstruction,P024 - P06 Urban Road Reconstruction.xlsx,66,Linemarking,2012-06-01,9,0.0,0.0,0.0
P06,Urban Road Reconstruction,P024 - P06 Urban Road Reconstruction.xlsx,67,Install Road Furniture,2012-06-01,9,4105.0,945.7,2052.5
P06,Urban Road Reconstruction,P024 - P06 Urban Road Reconstruction.xlsx,68,Insitu Stabilisation,2012-06-01,9,47402.512153774485,46094.08,47402.512153774485
P06,Urban Road Reconstruction,P024 - P06 Urban Road Reconstruction.xlsx,71,Place Kerb & Channel / Inverts,2012-06-01,9,69731.68877085162,44816.72,50496.94381035996
P06,Urban Road Reconstruction,P024 - P06 Urban Road Reconstruction.xlsx,72,Form & Pour Headwalls,2012-06-01,9,5599.75,13301.4,5599.75
P06,Urban Road Reconstruction,P024 - P06 Urban Road Reconstruction.xlsx,73,Form & Place Footpath,2012-06-01,9,4272.325174395296,20798.850000000002,4272.325174395295
P06,Urban Road Reconstruction,P024 - P06 Urban Road Reconstruction.xlsx,75,Saw Cutting,2012-06-01,9,1770.0,4826.145,1600.0
P06,Urban Road Reconstruction,P024 - P06 Urban Road Reconstruction.xlsx,81,> 450,2012-06-01,9,29529.982991569006,15528.440000000004,22825.87874483442
P06,Urban Road Reconstruction,P024 - P06 Urban Road Reconstruction.xlsx,85,Install SW Pits & Chambers,2012-06-01,9,53870.52631578947,9640.315,42326.84210526316
P06,Urban Road Reconstruction,P024 - P06 Urban Road Reconstruction.xlsx,86,SW Sub-Contract Works,2012-06-01,9,0.0,0.0,0.0
P06,Urban Road Reconstruction,P024 - P06 Urban Road Reconstruction.xlsx,87,Supply & Place Subsoil Drainage,2012-06-01,9,97257.9793194446,45796.42500000007,85830.16674940984
P06,Urban Road Reconstruction,P024 - P06 Urban Road Reconstruction.xlsx,901,Project Management,2012-06-01,9,65456.07142857143,405.0,57274.0625
P06,Urban Road Reconstruction,P024 - P06 Urban Road Reconstruction.xlsx,902,Project Supervision,2012-06-01,9,97371.32275132275,97646.74000000021,77753.86507936509
P06,Urban Road Reconstruction,P024 - P06 Urban Road Reconstruction.xlsx,903,Project Facilities,2012-06-01,9,42500.0,8856.720000000001,32531.25
P06,Urban Road Reconstruction,P024 - P06 Urban Road Reconstruction.xlsx,904,"Project Insurance, Fees & Levies",2012-06-01,9,24375.0,23436.109999999997,26000.0
P06,Urban Road Reconstruction,P024 - P06 Urban Road Reconstruction.xlsx,905,Small Tools,2012-06-01,9,0.0,9756.451,0.0
P06,Urban Road Reconstruction,P024 - P06 Urban Road Reconstruction.xlsx,907,Site Establishment / disestablishment,2012-06-01,9,13090.0,9949.14,16830.0
P06,Urban Road Reconstruction,P024 - P06 Urban Road Reconstruction.xlsx,908,Safety Work wear,2012-06-01,9,0.0,271.75,0.0
P06,Urban Road Reconstruction,P024 - P06 Urban Road Reconstruction.xlsx,911,Accommodation,2012-06-01,9,0.0,898.94,0.0
P06,Urban Road Reconstruction,P024 - P06 Urban Road Reconstruction.xlsx,913,Wet Weather Stand Down,2012-06-01,9,0.0,9443.949999999993,0.0
P06,Urban Road Reconstruction,P024 - P06 Urban Road Reconstruction.xlsx,915,Maintenance,2012-06-01,9,0.0,159.075,0.0
P06,Urban Road Reconstruction,P024 - P06 Urban Road Reconstruction.xlsx,103,Water Sub-contractor,2012-07-01,10,197611.68,207821.5,177850.51200000002
P06,Urban Road Reconstruction,P024 - P06 Urban Road Reconstruction.xlsx,11,Survey - Construction,2012-07-01,10,32775.0,31311.879999999997,22888.326446280993
P06,Urban Road Reconstruction,P024 - P06 Urban Road Reconstruction.xlsx,110,Electrical & Telecom,2012-07-01,10,0.0,110.0,0.0
P06,Urban Road Reconstruction,P024 - P06 Urban Road Reconstruction.xlsx,12,Survey - As Constructed,2012-07-01,10,20148.25581395349,10091.92,13157.070707070707
P06,Urban Road Reconstruction,P024 - P06 Urban Road Reconstruction.xlsx,120,Landscaping Sub-contractors,2012-07-01,10,0.0,0.0,0.0
P06,Urban Road Reconstruction,P024 - P06 Urban Road Reconstruction.xlsx,121,Landscaping Sub-contractors,2012-07-01,10,0.0,0.0,0.0
P06,Urban Road Reconstruction,P024 - P06 Urban Road Reconstruction.xlsx,13,QA Testing,2012-07-01,10,25425.0,14673.95,12712.5
P06,Urban Road Reconstruction,P024 - P06 Urban Road Reconstruction.xlsx,141,Traffic Controllers,2012-07-01,10,187446.6868741543,22795.575,116021.22688000002
P06,Urban Road Reconstruction,P024 - P06 Urban Road Reconstruction.xlsx,15,Service Locations,2012-07-01,10,0.0,3107.5,0.0
P06,Urban Road Reconstruction,P024 - P06 Urban Road Reconstruction.xlsx,151,Supply & Place Silt fences,2012-07-01,10,45000.0,4613.720000000001,52947.91666666667
P06,Urban Road Reconstruction,P024 - P06 Urban Road Reconstruction.xlsx,181,Place Box Culverts,2012-07-01,10,44837.16666666666,64546.37500000001,44837.16666666666
P06,Urban Road Reconstruction,P024 - P06 Urban Road Reconstruction.xlsx,182,Supply Base Slabs,2012-07-01,10,0.0,570.0,0.0
P06,Urban Road Reconstruction,P024 - P06 Urban Road Reconstruction.xlsx,201,Non Conformance,2012-07-01,10,0.0,0.0,0.0
P06,Urban Road Reconstruction,P024 - P06 Urban Road Reconstruction.xlsx,220,Protective Work,2012-07-01,10,0.0,1500.0,0.0
P06,Urban Road Reconstruction,P024 - P06 Urban Road Reconstruction.xlsx,221,Place Stone / Rock,2012-07-01,10,28384.615384615387,31753.728,28416.153846153844
P06,Urban Road Reconstruction,P024 - P06 Urban Road Reconstruction.xlsx,222,Supply & Place Geofabrics,2012-07-01,10,141551.2630730216,126686.95999999999,141551.2630730216
P06,Urban Road Reconstruction,P024 - P06 Urban Road Reconstruction.xlsx,32,Disposal offsite - Clearing waste,2012-07-01,10,3115.0,1987.65,2336.25
P06,Urban Road Reconstruction,P024 - P06 Urban Road Reconstruction.xlsx,33,Re-spread topsoil,2012-07-01,10,9148.261356135614,8553.17,2287.0653390339035
P06,Urban Road Reconstruction,P024 - P06 Urban Road Reconstruction.xlsx,41,Demolition works,2012-07-01,10,78845.10764946765,11067.78,70960.59688452088
P06,Urban Road Reconstruction,P024 - P06 Urban Road Reconstruction.xlsx,52,Stockpile to Fill,2012-07-01,10,0.0,193.5,0.0
P06,Urban Road Reconstruction,P024 - P06 Urban Road Reconstruction.xlsx,53,Cut to Spoil,2012-07-01,10,129418.15000000001,238750.47699999987,112134.8315654952
P06,Urban Road Reconstruction,P024 - P06 Urban Road Reconstruction.xlsx,57,Remove & Replace unsuitable,2012-07-01,10,129486.51392322453,146832.57349999994,129486.51392322453
P06,Urban Road Reconstruction,P024 - P06 Urban Road Reconstruction.xlsx,61,Subgrade Preparation,2012-07-01,10,23173.54962323703,3667.6250000000005,20510.77862791403
P06,Urban Road Reconstruction,P024 - P06 Urban Road Reconstruction.xlsx,62,Place & Compact Gravel,2012-07-01,10,269788.04018908937,260952.62350000013,217849.03549506364
P06,Urban Road Reconstruction,P024 - P06 Urban Road Reconstruction.xlsx,63,Trim All Layers,2012-07-01,10,27036.74915511242,47698.995000000024,26947.141643626896
P06,Urban Road Reconstruction,P024 - P06 Urban Road Reconstruction.xlsx,64,Sweep & Prime / Primer seal or Seal,2012-07-01,10,104282.658661001,86553.345,103937.0361351531
P06,Urban Road Reconstruction,P024 - P06 Urban Road Reconstruction.xlsx,65,Asphalt,2012-07-01,10,252738.01415412268,251275.169,231281.37729273332
P06,Urban Road Reconstruction,P024 - P06 Urban Road Reconstruction.xlsx,66,Linemarking,2012-07-01,10,0.0,0.0,0.0
P06,Urban Road Reconstruction,P024 - P06 Urban Road Reconstruction.xlsx,67,Install Road Furniture,2012-07-01,10,4105.0,1563.2,4105.0
P06,Urban Road Reconstruction,P024 - P06 Urban Road Reconstruction.xlsx,68,Insitu Stabilisation,2012-07-01,10,0.0,46094.08,47402.512153774485
P06,Urban Road Reconstruction,P024 - P06 Urban Road Reconstruction.xlsx,71,Place Kerb & Channel / Inverts,2012-07-01,10,104574.57999999999,54736.04500000002,64268.83757682177
P06,Urban Road Reconstruction,P024 - P06 Urban Road Reconstruction.xlsx,72,Form & Pour Headwalls,2012-07-01,10,5599.75,13301.4,5599.75
P06,Urban Road Reconstruction,P024 - P06 Urban Road Reconstruction.xlsx,73,Form & Place Footpath,2012-07-01,10,8010.6097019911795,25310.230000000003,5180.194273954296
P06,Urban Road Reconstruction,P024 - P06 Urban Road Reconstruction.xlsx,75,Saw Cutting,2012-07-01,10,2480.0,5321.045,1770.0
P06,Urban Road Reconstruction,P024 - P06 Urban Road Reconstruction.xlsx,81,> 450,2012-07-01,10,29529.982991569006,17758.585000000006,25938.49857367548
P06,Urban Road Reconstruction,P024 - P06 Urban Road Reconstruction.xlsx,85,Install SW Pits & Chambers,2012-07-01,10,73110.0,9923.115,46174.73684210526
P06,Urban Road Reconstruction,P024 - P06 Urban Road Reconstruction.xlsx,86,SW Sub-Contract Works,2012-07-01,10,0.0,0.0,0.0
P06,Urban Road Reconstruction,P024 - P06 Urban Road Reconstruction.xlsx,87,Supply & Place Subsoil Drainage,2012-07-01,10,113589.21501350134,46263.92500000007,89153.14770949086
P06,Urban Road Reconstruction,P024 - P06 Urban Road Reconstruction.xlsx,901,Project Management,2012-07-01,10,73156.78571428571,405.0,64012.1875
P06,Urban Road Reconstruction,P024 - P06 Urban Road Reconstruction.xlsx,902,Project Supervision,2012-07-01,10,108826.77248677248,112695.31541000021,89782.0873015873
P06,Urban Road Reconstruction,P024 - P06 Urban Road Reconstruction.xlsx,903,Project Facilities,2012-07-01,10,47500.0,10176.720000000001,37406.25
P06,Urban Road Reconstruction,P024 - P06 Urban Road Reconstruction.xlsx,904,"Project Insurance, Fees & Levies",2012-07-01,10,32500.0,25093.549999999996,29250.0
P06,Urban Road Reconstruction,P024 - P06 Urban Road Reconstruction.xlsx,905,Small Tools,2012-07-01,10,0.0,11068.731,0.0
P06,Urban Road Reconstruction,P024 - P06 Urban Road Reconstruction.xlsx,907,Site Establishment / disestablishment,2012-07-01,10,13090.0,12285.79,16830.0
P06,Urban Road Reconstruction,P024 - P06 Urban Road Reconstruction.xlsx,908,Safety Work wear,2012-07-01,10,0.0,271.75,0.0
P06,Urban Road Reconstruction,P024 - P06 Urban Road Reconstruction.xlsx,911,Accommodation,2012-07-01,10,0.0,898.94,0.0
P06,Urban Road Reconstruction,P024 - P06 Urban Road Reconstruction.xlsx,913,Wet Weather Stand Down,2012-07-01,10,0.0,13752.764999999989,0.0
P06,Urban Road Reconstruction,P024 - P06 Urban Road Reconstruction.xlsx,915,Maintenance,2012-07-01,10,0.0,775.275,0.0
P06,Urban Road Reconstruction,P024 - P06 Urban Road Reconstruction.xlsx,103,Water Sub-contractor,2012-08-01,11,282302.4,280837.5,239957.04
P06,Urban Road Reconstruction,P024 - P06 Urban Road Reconstruction.xlsx,11,Survey - Construction,2012-08-01,11,32775.0,34782.13,25461.570247933883
P06,Urban Road Reconstruction,P024 - P06 Urban Road Reconstruction.xlsx,110,Electrical & Telecom,2012-08-01,11,0.0,110.0,0.0
P06,Urban Road Reconstruction,P024 - P06 Urban Road Reconstruction.xlsx,12,Survey - As Constructed,2012-08-01,11,23900.0,11058.92,14364.141414141413
P06,Urban Road Reconstruction,P024 - P06 Urban Road Reconstruction.xlsx,120,Landscaping Sub-contractors,2012-08-01,11,0.0,350.0,0.0
P06,Urban Road Reconstruction,P024 - P06 Urban Road Reconstruction.xlsx,121,Landscaping Sub-contractors,2012-08-01,11,14478.475,388.85,1686.3448419301164
P06,Urban Road Reconstruction,P024 - P06 Urban Road Reconstruction.xlsx,13,QA Testing,2012-08-01,11,25425.0,25104.7,21611.25
P06,Urban Road Reconstruction,P024 - P06 Urban Road Reconstruction.xlsx,141,Traffic Controllers,2012-08-01,11,195102.96000000002,30373.010000000006,155041.81888
P06,Urban Road Reconstruction,P024 - P06 Urban Road Reconstruction.xlsx,15,Service Locations,2012-08-01,11,0.0,4054.9,0.0
P06,Urban Road Reconstruction,P024 - P06 Urban Road Reconstruction.xlsx,151,Supply & Place Silt fences,2012-08-01,11,55250.0,4613.720000000001,52947.91666666667
P06,Urban Road Reconstruction,P024 - P06 Urban Road Reconstruction.xlsx,181,Place Box Culverts,2012-08-01,11,44837.16666666666,64546.37500000001,44837.16666666666
P06,Urban Road Reconstruction,P024 - P06 Urban Road Reconstruction.xlsx,182,Supply Base Slabs,2012-08-01,11,0.0,570.0,0.0
P06,Urban Road Reconstruction,P024 - P06 Urban Road Reconstruction.xlsx,201,Non Conformance,2012-08-01,11,0.0,0.0,0.0
P06,Urban Road Reconstruction,P024 - P06 Urban Road Reconstruction.xlsx,220,Protective Work,2012-08-01,11,0.0,1500.0,0.0
P06,Urban Road Reconstruction,P024 - P06 Urban Road Reconstruction.xlsx,221,Place Stone / Rock,2012-08-01,11,29725.0,31753.728,28416.153846153844
P06,Urban Road Reconstruction,P024 - P06 Urban Road Reconstruction.xlsx,222,Supply & Place Geofabrics,2012-08-01,11,147054.81140401002,128160.95999999999,141551.2630730216
P06,Urban Road Reconstruction,P024 - P06 Urban Road Reconstruction.xlsx,32,Disposal offsite - Clearing waste,2012-08-01,11,3115.0,1997.0900000000001,2336.25
P06,Urban Road Reconstruction,P024 - P06 Urban Road Reconstruction.xlsx,33,Re-spread topsoil,2012-08-01,11,9148.261356135614,11683.645,3049.4204520452045
P06,Urban Road Reconstruction,P024 - P06 Urban Road Reconstruction.xlsx,41,Demolition works,2012-08-01,11,78845.10764946765,12448.88,78845.10764946765
P06,Urban Road Reconstruction,P024 - P06 Urban Road Reconstruction.xlsx,52,Stockpile to Fill,2012-08-01,11,0.0,193.5,0.0
P06,Urban Road Reconstruction,P024 - P06 Urban Road Reconstruction.xlsx,53,Cut to Spoil,2012-08-01,11,129418.15000000001,274349.87700000004,122025.1898658147
P06,Urban Road Reconstruction,P024 - P06 Urban Road Reconstruction.xlsx,57,Remove & Replace unsuitable,2012-08-01,11,138016.51749999996,206533.2719999999,138016.51749999996
P06,Urban Road Reconstruction,P024 - P06 Urban Road Reconstruction.xlsx,61,Subgrade Preparation,2012-08-01,11,23173.54962323703,4390.425,23173.54962323703
P06,Urban Road Reconstruction,P024 - P06 Urban Road Reconstruction.xlsx,62,Place & Compact Gravel,2012-08-01,11,282664.28756175045,333157.83550000045,241627.48589639916
P06,Urban Road Reconstruction,P024 - P06 Urban Road Reconstruction.xlsx,63,Trim All Layers,2012-08-01,11,39993.78932163867,66733.096,32546.06615437704
P06,Urban Road Reconstruction,P024 - P06 Urban Road Reconstruction.xlsx,64,Sweep & Prime / Primer seal or Seal,2012-08-01,11,152157.33749999997,198423.96500000003,125532.48499157981
P06,Urban Road Reconstruction,P024 - P06 Urban Road Reconstruction.xlsx,65,Asphalt,2012-08-01,11,374978.967,251275.169,315766.4435125303
P06,Urban Road Reconstruction,P024 - P06 Urban Road Reconstruction.xlsx,66,Linemarking,2012-08-01,11,20487.654320987655,0.0,0.0
P06,Urban Road Reconstruction,P024 - P06 Urban Road Reconstruction.xlsx,67,Install Road Furniture,2012-08-01,11,8210.0,1563.2,4105.0
P06,Urban Road Reconstruction,P024 - P06 Urban Road Reconstruction.xlsx,68,Insitu Stabilisation,2012-08-01,11,47402.512153774485,46094.08,47402.512153774485
P06,Urban Road Reconstruction,P024 - P06 Urban Road Reconstruction.xlsx,71,Place Kerb & Channel / Inverts,2012-08-01,11,104574.57999999999,62825.15930000002,73450.1000877963
P06,Urban Road Reconstruction,P024 - P06 Urban Road Reconstruction.xlsx,72,Form & Pour Headwalls,2012-08-01,11,5599.75,13301.4,5599.75
P06,Urban Road Reconstruction,P024 - P06 Urban Road Reconstruction.xlsx,73,Form & Place Footpath,2012-08-01,11,11417.789028571427,29815.230000000003,6141.467438193238
P06,Urban Road Reconstruction,P024 - P06 Urban Road Reconstruction.xlsx,75,Saw Cutting,2012-08-01,11,3000.0,7397.32,2480.0
P06,Urban Road Reconstruction,P024 - P06 Urban Road Reconstruction.xlsx,81,> 450,2012-08-01,11,29529.982991569006,19882.54500000001,29529.982991569006
P06,Urban Road Reconstruction,P024 - P06 Urban Road Reconstruction.xlsx,85,Install SW Pits & Chambers,2012-08-01,11,73110.0,9923.115,46174.73684210526
P06,Urban Road Reconstruction,P024 - P06 Urban Road Reconstruction.xlsx,86,SW Sub-Contract Works,2012-08-01,11,0.0,71.81,0.0
P06,Urban Road Reconstruction,P024 - P06 Urban Road Reconstruction.xlsx,87,Supply & Place Subsoil Drainage,2012-08-01,11,113589.21501350134,58565.37500000006,113589.21501350132
P06,Urban Road Reconstruction,P024 - P06 Urban Road Reconstruction.xlsx,901,Project Management,2012-08-01,11,80857.5,405.0,70750.3125
P06,Urban Road Reconstruction,P024 - P06 Urban Road Reconstruction.xlsx,902,Project Supervision,2012-08-01,11,120282.2222222222,129067.99541000034,102884.25793650793
P06,Urban Road Reconstruction,P024 - P06 Urban Road Reconstruction.xlsx,903,Project Facilities,2012-08-01,11,52500.0,11540.720000000001,42468.74999999999
P06,Urban Road Reconstruction,P024 - P06 Urban Road Reconstruction.xlsx,904,"Project Insurance, Fees & Levies",2012-08-01,11,32500.0,28294.049999999992,29250.0
P06,Urban Road Reconstruction,P024 - P06 Urban Road Reconstruction.xlsx,905,Small Tools,2012-08-01,11,0.0,12303.091000000002,0.0
P06,Urban Road Reconstruction,P024 - P06 Urban Road Reconstruction.xlsx,907,Site Establishment / disestablishment,2012-08-01,11,18700.0,13626.150000000001,17765.0
P06,Urban Road Reconstruction,P024 - P06 Urban Road Reconstruction.xlsx,908,Safety Work wear,2012-08-01,11,0.0,271.75,0.0
P06,Urban Road Reconstruction,P024 - P06 Urban Road Reconstruction.xlsx,911,Accommodation,2012-08-01,11,0.0,1080.5,0.0
P06,Urban Road Reconstruction,P024 - P06 Urban Road Reconstruction.xlsx,913,Wet Weather Stand Down,2012-08-01,11,0.0,13752.764999999989,0.0
P06,Urban Road Reconstruction,P024 - P06 Urban Road Reconstruction.xlsx,915,Maintenance,2012-08-01,11,0.0,775.275,0.0
P06,Urban Road Reconstruction,P024 - P06 Urban Road Reconstruction.xlsx,103,Water Sub-contractor,2012-09-01,12,282302.4,280837.5,276656.352
P06,Urban Road Reconstruction,P024 - P06 Urban Road Reconstruction.xlsx,11,Survey - Construction,2012-09-01,12,32775.0,42620.43,31149.793388429753
P06,Urban Road Reconstruction,P024 - P06 Urban Road Reconstruction.xlsx,110,Electrical & Telecom,2012-09-01,12,0.0,110.0,0.0
P06,Urban Road Reconstruction,P024 - P06 Urban Road Reconstruction.xlsx,12,Survey - As Constructed,2012-09-01,12,23900.0,12071.02,15691.919191919193
P06,Urban Road Reconstruction,P024 - P06 Urban Road Reconstruction.xlsx,120,Landscaping Sub-contractors,2012-09-01,12,0.0,350.0,0.0
P06,Urban Road Reconstruction,P024 - P06 Urban Road Reconstruction.xlsx,121,Landscaping Sub-contractors,2012-09-01,12,14478.475,388.85,1686.3448419301164
P06,Urban Road Reconstruction,P024 - P06 Urban Road Reconstruction.xlsx,13,QA Testing,2012-09-01,12,25425.0,27744.07,24153.75
P06,Urban Road Reconstruction,P024 - P06 Urban Road Reconstruction.xlsx,141,Traffic Controllers,2012-09-01,12,195102.96000000002,37429.48,190940.76352000004
P06,Urban Road Reconstruction,P024 - P06 Urban Road Reconstruction.xlsx,15,Service Locations,2012-09-01,12,0.0,4054.9,0.0
P06,Urban Road Reconstruction,P024 - P06 Urban Road Reconstruction.xlsx,151,Supply & Place Silt fences,2012-09-01,12,55250.0,4613.720000000001,52947.91666666667
P06,Urban Road Reconstruction,P024 - P06 Urban Road Reconstruction.xlsx,181,Place Box Culverts,2012-09-01,12,44837.16666666666,65321.65000000001,44837.16666666666
P06,Urban Road Reconstruction,P024 - P06 Urban Road Reconstruction.xlsx,182,Supply Base Slabs,2012-09-01,12,0.0,570.0,0.0
P06,Urban Road Reconstruction,P024 - P06 Urban Road Reconstruction.xlsx,201,Non Conformance,2012-09-01,12,0.0,0.0,0.0
P06,Urban Road Reconstruction,P024 - P06 Urban Road Reconstruction.xlsx,220,Protective Work,2012-09-01,12,0.0,1500.0,0.0
P06,Urban Road Reconstruction,P024 - P06 Urban Road Reconstruction.xlsx,221,Place Stone / Rock,2012-09-01,12,29725.0,31753.728,29725.0
P06,Urban Road Reconstruction,P024 - P06 Urban Road Reconstruction.xlsx,222,Supply & Place Geofabrics,2012-09-01,12,147054.81140401002,129487.45999999999,147054.81140401002
P06,Urban Road Reconstruction,P024 - P06 Urban Road Reconstruction.xlsx,32,Disposal offsite - Clearing waste,2012-09-01,12,3115.0,2350.36,2803.5
P06,Urban Road Reconstruction,P024 - P06 Urban Road Reconstruction.xlsx,33,Re-spread topsoil,2012-09-01,12,9148.261356135614,15479.394999999999,5717.663347584758
P06,Urban Road Reconstruction,P024 - P06 Urban Road Reconstruction.xlsx,41,Demolition works,2012-09-01,12,78845.10764946765,12448.88,78845.10764946765
P06,Urban Road Reconstruction,P024 - P06 Urban Road Reconstruction.xlsx,52,Stockpile to Fill,2012-09-01,12,0.0,193.5,0.0
P06,Urban Road Reconstruction,P024 - P06 Urban Road Reconstruction.xlsx,53,Cut to Spoil,2012-09-01,12,129418.15000000001,305562.6330000002,126507.27531629392
P06,Urban Road Reconstruction,P024 - P06 Urban Road Reconstruction.xlsx,57,Remove & Replace unsuitable,2012-09-01,12,138016.51749999996,215667.31699999992,138016.51749999996
P06,Urban Road Reconstruction,P024 - P06 Urban Road Reconstruction.xlsx,61,Subgrade Preparation,2012-09-01,12,23173.54962323703,4390.425,23173.54962323703
P06,Urban Road Reconstruction,P024 - P06 Urban Road Reconstruction.xlsx,62,Place & Compact Gravel,2012-09-01,12,282664.28756175045,382852.62550000066,282664.28756175045
P06,Urban Road Reconstruction,P024 - P06 Urban Road Reconstruction.xlsx,63,Trim All Layers,2012-09-01,12,39993.78932163867,86275.34799999995,39993.78932163867
P06,Urban Road Reconstruction,P024 - P06 Urban Road Reconstruction.xlsx,64,Sweep & Prime / Primer seal or Seal,2012-09-01,12,152157.33749999997,274117.525,152157.33749999997
P06,Urban Road Reconstruction,P024 - P06 Urban Road Reconstruction.xlsx,65,Asphalt,2012-09-01,12,374978.967,258529.919,372183.3814201024
P06,Urban Road Reconstruction,P024 - P06 Urban Road Reconstruction.xlsx,66,Linemarking,2012-09-01,12,20487.654320987655,2153.0,9219.444444444445
P06,Urban Road Reconstruction,P024 - P06 Urban Road Reconstruction.xlsx,67,Install Road Furniture,2012-09-01,12,8210.0,2520.95,8210.0
P06,Urban Road Reconstruction,P024 - P06 Urban Road Reconstruction.xlsx,68,Insitu Stabilisation,2012-09-01,12,47402.512153774485,46094.08,47402.512153774485
P06,Urban Road Reconstruction,P024 - P06 Urban Road Reconstruction.xlsx,71,Place Kerb & Channel / Inverts,2012-09-01,12,104574.57999999999,69605.63430000003,78040.73134328358
P06,Urban Road Reconstruction,P024 - P06 Urban Road Reconstruction.xlsx,72,Form & Pour Headwalls,2012-09-01,12,5599.75,13301.4,5599.75
P06,Urban Road Reconstruction,P024 - P06 Urban Road Reconstruction.xlsx,73,Form & Place Footpath,2012-09-01,12,11417.789028571427,39114.5,8010.6097019911795
P06,Urban Road Reconstruction,P024 - P06 Urban Road Reconstruction.xlsx,75,Saw Cutting,2012-09-01,12,3000.0,8705.77,3000.0
P06,Urban Road Reconstruction,P024 - P06 Urban Road Reconstruction.xlsx,81,> 450,2012-09-01,12,29529.982991569006,19984.00500000001,29529.982991569006
P06,Urban Road Reconstruction,P024 - P06 Urban Road Reconstruction.xlsx,85,Install SW Pits & Chambers,2012-09-01,12,73110.0,9923.115,46174.73684210526
P06,Urban Road Reconstruction,P024 - P06 Urban Road Reconstruction.xlsx,86,SW Sub-Contract Works,2012-09-01,12,17380.0,41911.81,17380.0
P06,Urban Road Reconstruction,P024 - P06 Urban Road Reconstruction.xlsx,87,Supply & Place Subsoil Drainage,2012-09-01,12,113589.21501350134,58724.450000000055,113589.21501350132
P06,Urban Road Reconstruction,P024 - P06 Urban Road Reconstruction.xlsx,901,Project Management,2012-09-01,12,80857.5,405.0,74119.375
P06,Urban Road Reconstruction,P024 - P06 Urban Road Reconstruction.xlsx,902,Project Supervision,2012-09-01,12,120282.2222222222,142999.13541000048,113838.53174603175
P06,Urban Road Reconstruction,P024 - P06 Urban Road Reconstruction.xlsx,903,Project Facilities,2012-09-01,12,52500.0,12906.52,47437.5
P06,Urban Road Reconstruction,P024 - P06 Urban Road Reconstruction.xlsx,904,"Project Insurance, Fees & Levies",2012-09-01,12,32500.0,29683.89999999999,29250.0
P06,Urban Road Reconstruction,P024 - P06 Urban Road Reconstruction.xlsx,905,Small Tools,2012-09-01,12,0.0,13382.734000000004,0.0
P06,Urban Road Reconstruction,P024 - P06 Urban Road Reconstruction.xlsx,907,Site Establishment / disestablishment,2012-09-01,12,18700.0,14152.61,18700.0
P06,Urban Road Reconstruction,P024 - P06 Urban Road Reconstruction.xlsx,908,Safety Work wear,2012-09-01,12,0.0,413.73,0.0
P06,Urban Road Reconstruction,P024 - P06 Urban Road Reconstruction.xlsx,911,Accommodation,2012-09-01,12,0.0,1080.5,0.0
P06,Urban Road Reconstruction,P024 - P06 Urban Road Reconstruction.xlsx,913,Wet Weather Stand Down,2012-09-01,12,0.0,13752.764999999989,0.0
P06,Urban Road Reconstruction,P024 - P06 Urban Road Reconstruction.xlsx,915,Maintenance,2012-09-01,12,0.0,775.275,0.0
P06,Urban Road Reconstruction,P024 - P06 Urban Road Reconstruction.xlsx,103,Water Sub-contractor,2012-10-01,13,282302.4,280837.5,276656.352
P06,Urban Road Reconstruction,P024 - P06 Urban Road Reconstruction.xlsx,11,Survey - Construction,2012-10-01,13,32775.0,44729.58,32775.0
P06,Urban Road Reconstruction,P024 - P06 Urban Road Reconstruction.xlsx,110,Electrical & Telecom,2012-10-01,13,0.0,110.0,0.0
P06,Urban Road Reconstruction,P024 - P06 Urban Road Reconstruction.xlsx,12,Survey - As Constructed,2012-10-01,13,23900.0,12825.67,16778.282828282827
P06,Urban Road Reconstruction,P024 - P06 Urban Road Reconstruction.xlsx,120,Landscaping Sub-contractors,2012-10-01,13,0.0,350.0,0.0
P06,Urban Road Reconstruction,P024 - P06 Urban Road Reconstruction.xlsx,121,Landscaping Sub-contractors,2012-10-01,13,14478.475,4027.08,10045.797129783696
P06,Urban Road Reconstruction,P024 - P06 Urban Road Reconstruction.xlsx,13,QA Testing,2012-10-01,13,25425.0,27869.52,25425.0
P06,Urban Road Reconstruction,P024 - P06 Urban Road Reconstruction.xlsx,141,Traffic Controllers,2012-10-01,13,195102.96000000002,38098.98,194062.41088000004
P06,Urban Road Reconstruction,P024 - P06 Urban Road Reconstruction.xlsx,15,Service Locations,2012-10-01,13,0.0,4054.9,0.0
P06,Urban Road Reconstruction,P024 - P06 Urban Road Reconstruction.xlsx,151,Supply & Place Silt fences,2012-10-01,13,55250.0,4825.8200000000015,55250.0
P06,Urban Road Reconstruction,P024 - P06 Urban Road Reconstruction.xlsx,181,Place Box Culverts,2012-10-01,13,44837.16666666666,65321.65000000001,44837.16666666666
P06,Urban Road Reconstruction,P024 - P06 Urban Road Reconstruction.xlsx,182,Supply Base Slabs,2012-10-01,13,0.0,570.0,0.0
P06,Urban Road Reconstruction,P024 - P06 Urban Road Reconstruction.xlsx,201,Non Conformance,2012-10-01,13,0.0,0.0,0.0
P06,Urban Road Reconstruction,P024 - P06 Urban Road Reconstruction.xlsx,220,Protective Work,2012-10-01,13,0.0,1500.0,0.0
P06,Urban Road Reconstruction,P024 - P06 Urban Road Reconstruction.xlsx,221,Place Stone / Rock,2012-10-01,13,29725.0,31753.728,29725.0
P06,Urban Road Reconstruction,P024 - P06 Urban Road Reconstruction.xlsx,222,Supply & Place Geofabrics,2012-10-01,13,147054.81140401002,129487.45999999999,147054.81140401002
P06,Urban Road Reconstruction,P024 - P06 Urban Road Reconstruction.xlsx,32,Disposal offsite - Clearing waste,2012-10-01,13,3115.0,2535.32,3115.0
P06,Urban Road Reconstruction,P024 - P06 Urban Road Reconstruction.xlsx,33,Re-spread topsoil,2012-10-01,13,9148.261356135614,25138.26999999999,9148.261356135614
P06,Urban Road Reconstruction,P024 - P06 Urban Road Reconstruction.xlsx,41,Demolition works,2012-10-01,13,78845.10764946765,12448.88,78845.10764946765
P06,Urban Road Reconstruction,P024 - P06 Urban Road Reconstruction.xlsx,52,Stockpile to Fill,2012-10-01,13,0.0,193.5,0.0
P06,Urban Road Reconstruction,P024 - P06 Urban Road Reconstruction.xlsx,53,Cut to Spoil,2012-10-01,13,129418.15000000001,308767.9830000002,129418.15
P06,Urban Road Reconstruction,P024 - P06 Urban Road Reconstruction.xlsx,57,Remove & Replace unsuitable,2012-10-01,13,138016.51749999996,215667.31699999992,138016.51749999996
P06,Urban Road Reconstruction,P024 - P06 Urban Road Reconstruction.xlsx,61,Subgrade Preparation,2012-10-01,13,23173.54962323703,4390.425,23173.54962323703
P06,Urban Road Reconstruction,P024 - P06 Urban Road Reconstruction.xlsx,62,Place & Compact Gravel,2012-10-01,13,282664.28756175045,382852.62550000066,282664.28756175045
P06,Urban Road Reconstruction,P024 - P06 Urban Road Reconstruction.xlsx,63,Trim All Layers,2012-10-01,13,39993.78932163867,86275.34799999995,39993.78932163867
P06,Urban Road Reconstruction,P024 - P06 Urban Road Reconstruction.xlsx,64,Sweep & Prime / Primer seal or Seal,2012-10-01,13,152157.33749999997,274290.025,152157.33749999997
P06,Urban Road Reconstruction,P024 - P06 Urban Road Reconstruction.xlsx,65,Asphalt,2012-10-01,13,374978.967,261664.12900000004,374978.967
P06,Urban Road Reconstruction,P024 - P06 Urban Road Reconstruction.xlsx,66,Linemarking,2012-10-01,13,20487.654320987655,2153.0,9219.444444444445
P06,Urban Road Reconstruction,P024 - P06 Urban Road Reconstruction.xlsx,67,Install Road Furniture,2012-10-01,13,8210.0,2520.95,8210.0
P06,Urban Road Reconstruction,P024 - P06 Urban Road Reconstruction.xlsx,68,Insitu Stabilisation,2012-10-01,13,47402.512153774485,46094.08,47402.512153774485
P06,Urban Road Reconstruction,P024 - P06 Urban Road Reconstruction.xlsx,71,Place Kerb & Channel / Inverts,2012-10-01,13,104574.57999999999,86079.58430000005,96403.25636523265
P06,Urban Road Reconstruction,P024 - P06 Urban Road Reconstruction.xlsx,72,Form & Pour Headwalls,2012-10-01,13,5599.75,13301.4,5599.75
P06,Urban Road Reconstruction,P024 - P06 Urban Road Reconstruction.xlsx,73,Form & Place Footpath,2012-10-01,13,11417.789028571427,55980.8,11417.789028571427
P06,Urban Road Reconstruction,P024 - P06 Urban Road Reconstruction.xlsx,75,Saw Cutting,2012-10-01,13,3000.0,8705.77,3000.0
P06,Urban Road Reconstruction,P024 - P06 Urban Road Reconstruction.xlsx,81,> 450,2012-10-01,13,29529.982991569006,19984.00500000001,29529.982991569006
P06,Urban Road Reconstruction,P024 - P06 Urban Road Reconstruction.xlsx,85,Install SW Pits & Chambers,2012-10-01,13,73110.0,16398.015,73110.0
P06,Urban Road Reconstruction,P024 - P06 Urban Road Reconstruction.xlsx,86,SW Sub-Contract Works,2012-10-01,13,17380.0,41911.81,17380.0
P06,Urban Road Reconstruction,P024 - P06 Urban Road Reconstruction.xlsx,87,Supply & Place Subsoil Drainage,2012-10-01,13,113589.21501350134,58724.450000000055,113589.21501350132
P06,Urban Road Reconstruction,P024 - P06 Urban Road Reconstruction.xlsx,901,Project Management,2012-10-01,13,80857.5,405.0,77488.4375
P06,Urban Road Reconstruction,P024 - P06 Urban Road Reconstruction.xlsx,902,Project Supervision,2012-10-01,13,120282.2222222222,150862.33041000064,120067.43253968254
P06,Urban Road Reconstruction,P024 - P06 Urban Road Reconstruction.xlsx,903,Project Facilities,2012-10-01,13,52500.0,14376.32,52500.0
P06,Urban Road Reconstruction,P024 - P06 Urban Road Reconstruction.xlsx,904,"Project Insurance, Fees & Levies",2012-10-01,13,32500.0,29769.099999999988,32500.0
P06,Urban Road Reconstruction,P024 - P06 Urban Road Reconstruction.xlsx,905,Small Tools,2012-10-01,13,0.0,13752.069000000007,0.0
P06,Urban Road Reconstruction,P024 - P06 Urban Road Reconstruction.xlsx,907,Site Establishment / disestablishment,2012-10-01,13,18700.0,14352.61,18700.0
P06,Urban Road Reconstruction,P024 - P06 Urban Road Reconstruction.xlsx,908,Safety Work wear,2012-10-01,13,0.0,413.73,0.0
P06,Urban Road Reconstruction,P024 - P06 Urban Road Reconstruction.xlsx,911,Accommodation,2012-10-01,13,0.0,1080.5,0.0
P06,Urban Road Reconstruction,P024 - P06 Urban Road Reconstruction.xlsx,913,Wet Weather Stand Down,2012-10-01,13,0.0,13752.764999999989,0.0
P06,Urban Road Reconstruction,P024 - P06 Urban Road Reconstruction.xlsx,915,Maintenance,2012-10-01,13,0.0,775.275,0.0
P06,Urban Road Reconstruction,P024 - P06 Urban Road Reconstruction.xlsx,103,Water Sub-contractor,2012-11-01,14,282302.4,287637.5,282302.4
P06,Urban Road Reconstruction,P024 - P06 Urban Road Reconstruction.xlsx,11,Survey - Construction,2012-11-01,14,32775.0,44729.58,32775.0
P06,Urban Road Reconstruction,P024 - P06 Urban Road Reconstruction.xlsx,110,Electrical & Telecom,2012-11-01,14,0.0,110.0,0.0
P06,Urban Road Reconstruction,P024 - P06 Urban Road Reconstruction.xlsx,12,Survey - As Constructed,2012-11-01,14,23900.0,18263.07,23900.0
P06,Urban Road Reconstruction,P024 - P06 Urban Road Reconstruction.xlsx,120,Landscaping Sub-contractors,2012-11-01,14,0.0,350.0,0.0
P06,Urban Road Reconstruction,P024 - P06 Urban Road Reconstruction.xlsx,121,Landscaping Sub-contractors,2012-11-01,14,14478.475,5977.08,14478.475
P06,Urban Road Reconstruction,P024 - P06 Urban Road Reconstruction.xlsx,13,QA Testing,2012-11-01,14,25425.0,27869.52,25425.0
P06,Urban Road Reconstruction,P024 - P06 Urban Road Reconstruction.xlsx,141,Traffic Controllers,2012-11-01,14,195102.96000000002,38275.73,195102.96000000002
P06,Urban Road Reconstruction,P024 - P06 Urban Road Reconstruction.xlsx,15,Service Locations,2012-11-01,14,0.0,4054.9,0.0
P06,Urban Road Reconstruction,P024 - P06 Urban Road Reconstruction.xlsx,151,Supply & Place Silt fences,2012-11-01,14,55250.0,4825.8200000000015,55250.0
P06,Urban Road Reconstruction,P024 - P06 Urban Road Reconstruction.xlsx,181,Place Box Culverts,2012-11-01,14,44837.16666666666,65321.65000000001,44837.16666666666
P06,Urban Road Reconstruction,P024 - P06 Urban Road Reconstruction.xlsx,182,Supply Base Slabs,2012-11-01,14,0.0,570.0,0.0
P06,Urban Road Reconstruction,P024 - P06 Urban Road Reconstruction.xlsx,201,Non Conformance,2012-11-01,14,0.0,13650.62,0.0
P06,Urban Road Reconstruction,P024 - P06 Urban Road Reconstruction.xlsx,220,Protective Work,2012-11-01,14,0.0,1500.0,0.0
P06,Urban Road Reconstruction,P024 - P06 Urban Road Reconstruction.xlsx,221,Place Stone / Rock,2012-11-01,14,29725.0,31753.728,29725.0
P06,Urban Road Reconstruction,P024 - P06 Urban Road Reconstruction.xlsx,222,Supply & Place Geofabrics,2012-11-01,14,147054.81140401002,129487.45999999999,147054.81140401002
P06,Urban Road Reconstruction,P024 - P06 Urban Road Reconstruction.xlsx,32,Disposal offsite - Clearing waste,2012-11-01,14,3115.0,2535.32,3115.0
P06,Urban Road Reconstruction,P024 - P06 Urban Road Reconstruction.xlsx,33,Re-spread topsoil,2012-11-01,14,9148.261356135614,25138.26999999999,9148.261356135614
P06,Urban Road Reconstruction,P024 - P06 Urban Road Reconstruction.xlsx,41,Demolition works,2012-11-01,14,78845.10764946765,12448.88,78845.10764946765
P06,Urban Road Reconstruction,P024 - P06 Urban Road Reconstruction.xlsx,52,Stockpile to Fill,2012-11-01,14,0.0,193.5,0.0
P06,Urban Road Reconstruction,P024 - P06 Urban Road Reconstruction.xlsx,53,Cut to Spoil,2012-11-01,14,129418.15000000001,308767.9830000002,129418.15
P06,Urban Road Reconstruction,P024 - P06 Urban Road Reconstruction.xlsx,57,Remove & Replace unsuitable,2012-11-01,14,138016.51749999996,215667.31699999992,138016.51749999996
P06,Urban Road Reconstruction,P024 - P06 Urban Road Reconstruction.xlsx,61,Subgrade Preparation,2012-11-01,14,23173.54962323703,4390.425,23173.54962323703
P06,Urban Road Reconstruction,P024 - P06 Urban Road Reconstruction.xlsx,62,Place & Compact Gravel,2012-11-01,14,282664.28756175045,382852.62550000066,282664.28756175045
P06,Urban Road Reconstruction,P024 - P06 Urban Road Reconstruction.xlsx,63,Trim All Layers,2012-11-01,14,39993.78932163867,86275.34799999995,39993.78932163867
P06,Urban Road Reconstruction,P024 - P06 Urban Road Reconstruction.xlsx,64,Sweep & Prime / Primer seal or Seal,2012-11-01,14,152157.33749999997,274290.025,152157.33749999997
P06,Urban Road Reconstruction,P024 - P06 Urban Road Reconstruction.xlsx,65,Asphalt,2012-11-01,14,374978.967,261664.12900000004,374978.967
P06,Urban Road Reconstruction,P024 - P06 Urban Road Reconstruction.xlsx,66,Linemarking,2012-11-01,14,20487.654320987655,4773.75,20487.654320987655
P06,Urban Road Reconstruction,P024 - P06 Urban Road Reconstruction.xlsx,67,Install Road Furniture,2012-11-01,14,8210.0,2520.95,8210.0
P06,Urban Road Reconstruction,P024 - P06 Urban Road Reconstruction.xlsx,68,Insitu Stabilisation,2012-11-01,14,47402.512153774485,46094.08,47402.512153774485
P06,Urban Road Reconstruction,P024 - P06 Urban Road Reconstruction.xlsx,71,Place Kerb & Channel / Inverts,2012-11-01,14,104574.57999999999,86929.58430000005,104574.57999999999
P06,Urban Road Reconstruction,P024 - P06 Urban Road Reconstruction.xlsx,72,Form & Pour Headwalls,2012-11-01,14,5599.75,13301.4,5599.75
P06,Urban Road Reconstruction,P024 - P06 Urban Road Reconstruction.xlsx,73,Form & Place Footpath,2012-11-01,14,11417.789028571427,55980.8,11417.789028571427
P06,Urban Road Reconstruction,P024 - P06 Urban Road Reconstruction.xlsx,75,Saw Cutting,2012-11-01,14,3000.0,8705.77,3000.0
P06,Urban Road Reconstruction,P024 - P06 Urban Road Reconstruction.xlsx,81,> 450,2012-11-01,14,29529.982991569006,19984.00500000001,29529.982991569006
P06,Urban Road Reconstruction,P024 - P06 Urban Road Reconstruction.xlsx,85,Install SW Pits & Chambers,2012-11-01,14,73110.0,16398.015,73110.0
P06,Urban Road Reconstruction,P024 - P06 Urban Road Reconstruction.xlsx,86,SW Sub-Contract Works,2012-11-01,14,17380.0,41911.81,17380.0
P06,Urban Road Reconstruction,P024 - P06 Urban Road Reconstruction.xlsx,87,Supply & Place Subsoil Drainage,2012-11-01,14,113589.21501350134,58724.450000000055,113589.21501350132
P06,Urban Road Reconstruction,P024 - P06 Urban Road Reconstruction.xlsx,901,Project Management,2012-11-01,14,80857.5,658.0,80857.5
P06,Urban Road Reconstruction,P024 - P06 Urban Road Reconstruction.xlsx,902,Project Supervision,2012-11-01,14,120282.2222222222,150862.33041000064,120282.22222222222
P06,Urban Road Reconstruction,P024 - P06 Urban Road Reconstruction.xlsx,903,Project Facilities,2012-11-01,14,52500.0,14376.32,52500.0
P06,Urban Road Reconstruction,P024 - P06 Urban Road Reconstruction.xlsx,904,"Project Insurance, Fees & Levies",2012-11-01,14,32500.0,29769.099999999988,32500.0
P06,Urban Road Reconstruction,P024 - P06 Urban Road Reconstruction.xlsx,905,Small Tools,2012-11-01,14,0.0,13752.069000000007,0.0
P06,Urban Road Reconstruction,P024 - P06 Urban Road Reconstruction.xlsx,907,Site Establishment / disestablishment,2012-11-01,14,18700.0,14352.61,18700.0
P06,Urban Road Reconstruction,P024 - P06 Urban Road Reconstruction.xlsx,908,Safety Work wear,2012-11-01,14,0.0,413.73,0.0
P06,Urban Road Reconstruction,P024 - P06 Urban Road Reconstruction.xlsx,911,Accommodation,2012-11-01,14,0.0,2626.9,0.0
P06,Urban Road Reconstruction,P024 - P06 Urban Road Reconstruction.xlsx,913,Wet Weather Stand Down,2012-11-01,14,0.0,13752.764999999989,0.0
P06,Urban Road Reconstruction,P024 - P06 Urban Road Reconstruction.xlsx,915,Maintenance,2012-11-01,14,0.0,925.02,0.0
P17,Marina Sub-division,P038 - P17 Marina Sub-division.xlsx,103,Water Sub-contractor,2014-04-01,1,0.0,0.0,0.0
P17,Marina Sub-division,P038 - P17 Marina Sub-division.xlsx,11,Survey - Construction,2014-04-01,1,1594.5,697.5,1406.9117647058824
P17,Marina Sub-division,P038 - P17 Marina Sub-division.xlsx,111,Install Conduits / pits / rag bolts,2014-04-01,1,0.0,0.0,0.0
P17,Marina Sub-division,P038 - P17 Marina Sub-division.xlsx,113,Electrical Sub-contract works,2014-04-01,1,0.0,0.0,0.0
P17,Marina Sub-division,P038 - P17 Marina Sub-division.xlsx,12,Survey - As Constructed,2014-04-01,1,0.0,0.0,0.0
P17,Marina Sub-division,P038 - P17 Marina Sub-division.xlsx,121,Landscaping Sub-contractors,2014-04-01,1,0.0,0.0,0.0
P17,Marina Sub-division,P038 - P17 Marina Sub-division.xlsx,123,Supply & Installation of Street Furniture,2014-04-01,1,0.0,0.0,0.0
P17,Marina Sub-division,P038 - P17 Marina Sub-division.xlsx,13,QA Testing,2014-04-01,1,0.0,0.0,0.0
P17,Marina Sub-division,P038 - P17 Marina Sub-division.xlsx,131,Fencing Sub-contractors,2014-04-01,1,0.0,0.0,0.0
P17,Marina Sub-division,P038 - P17 Marina Sub-division.xlsx,132,Retaining Walls sub-contractors,2014-04-01,1,0.0,0.0,0.0
P17,Marina Sub-division,P038 - P17 Marina Sub-division.xlsx,135,Form & Pour Retaining Wall Footings,2014-04-01,1,4691.265631473604,2434.035,1876.5062525894414
P17,Marina Sub-division,P038 - P17 Marina Sub-division.xlsx,15,Service Locations,2014-04-01,1,1998.0,0.0,0.0
P17,Marina Sub-division,P038 - P17 Marina Sub-division.xlsx,151,Supply & Place Silt fences & protective devices,2014-04-01,1,0.0,106.12,0.0
P17,Marina Sub-division,P038 - P17 Marina Sub-division.xlsx,152,Supply & Install safety devices,2014-04-01,1,0.0,0.0,0.0
P17,Marina Sub-division,P038 - P17 Marina Sub-division.xlsx,222,Supply & Place Geo-fabric,2014-04-01,1,0.0,0.0,0.0
P17,Marina Sub-division,P038 - P17 Marina Sub-division.xlsx,41,Demolition works,2014-04-01,1,0.0,0.0,0.0
P17,Marina Sub-division,P038 - P17 Marina Sub-division.xlsx,52,Stockpile to Fill,2014-04-01,1,0.0,0.0,0.0
P17,Marina Sub-division,P038 - P17 Marina Sub-division.xlsx,53,Cut to Spoil,2014-04-01,1,0.0,0.0,0.0
P17,Marina Sub-division,P038 - P17 Marina Sub-division.xlsx,54,Cut to Stockpile,2014-04-01,1,0.0,0.0,0.0
P17,Marina Sub-division,P038 - P17 Marina Sub-division.xlsx,57,Cut to Fill,2014-04-01,1,0.0,0.0,0.0
P17,Marina Sub-division,P038 - P17 Marina Sub-division.xlsx,59,"Trim unpaved areas - footpaths, batters, drains etc",2014-04-01,1,0.0,0.0,0.0
P17,Marina Sub-division,P038 - P17 Marina Sub-division.xlsx,61,Subgrade Preparation,2014-04-01,1,0.0,0.0,0.0
P17,Marina Sub-division,P038 - P17 Marina Sub-division.xlsx,62,Place & Compact Gravel,2014-04-01,1,0.0,0.0,0.0
P17,Marina Sub-division,P038 - P17 Marina Sub-division.xlsx,63,Trim All Layers,2014-04-01,1,0.0,0.0,0.0
P17,Marina Sub-division,P038 - P17 Marina Sub-division.xlsx,64,Sweep & Prime / Primer seal or Seal,2014-04-01,1,0.0,0.0,0.0
P17,Marina Sub-division,P038 - P17 Marina Sub-division.xlsx,65,Asphalt,2014-04-01,1,0.0,0.0,0.0
P17,Marina Sub-division,P038 - P17 Marina Sub-division.xlsx,71,Place Kerb & Channel / Inverts,2014-04-01,1,0.0,0.0,0.0
P17,Marina Sub-division,P038 - P17 Marina Sub-division.xlsx,72,Form & Pour Headwalls,2014-04-01,1,0.0,0.0,0.0
P17,Marina Sub-division,P038 - P17 Marina Sub-division.xlsx,73,Form & Place Footpath,2014-04-01,1,0.0,0.0,0.0
P17,Marina Sub-division,P038 - P17 Marina Sub-division.xlsx,81,> 450,2014-04-01,1,9240.000000000002,0.0,0.0
P17,Marina Sub-division,P038 - P17 Marina Sub-division.xlsx,82,525 > 750,2014-04-01,1,0.0,0.0,0.0
P17,Marina Sub-division,P038 - P17 Marina Sub-division.xlsx,85,Install SW Pits & Chambers,2014-04-01,1,0.0,0.0,0.0
P17,Marina Sub-division,P038 - P17 Marina Sub-division.xlsx,86,SW Sub-contractors,2014-04-01,1,1181.8181818181818,0.0,0.0
P17,Marina Sub-division,P038 - P17 Marina Sub-division.xlsx,87,Supply & Place Subsoil Drainage,2014-04-01,1,0.0,0.0,0.0
P17,Marina Sub-division,P038 - P17 Marina Sub-division.xlsx,901,Project Management,2014-04-01,1,8742.857142857143,1245.875,2385.1915157018866
P17,Marina Sub-division,P038 - P17 Marina Sub-division.xlsx,902,Project Supervision,2014-04-01,1,8290.0,789.8000000000001,491.80685388073147
P17,Marina Sub-division,P038 - P17 Marina Sub-division.xlsx,903,Project Facilities,2014-04-01,1,1600.0,3027.55,2841.5587765039263
P17,Marina Sub-division,P038 - P17 Marina Sub-division.xlsx,904,"Project Insurance, Fees & Levies",2014-04-01,1,17775.0,8405.25,18960.0
P17,Marina Sub-division,P038 - P17 Marina Sub-division.xlsx,905,Small Tools,2014-04-01,1,0.0,0.0,0.0
P17,Marina Sub-division,P038 - P17 Marina Sub-division.xlsx,906,Miscellaneous Items - Project Contingency,2014-04-01,1,0.0,0.0,0.0
P17,Marina Sub-division,P038 - P17 Marina Sub-division.xlsx,910,De-Establishment & Cleanup,2014-04-01,1,0.0,0.0,0.0
P17,Marina Sub-division,P038 - P17 Marina Sub-division.xlsx,913,Wet Weather (Labour),2014-04-01,1,0.0,0.0,0.0
P17,Marina Sub-division,P038 - P17 Marina Sub-division.xlsx,914,Training,2014-04-01,1,0.0,0.0,0.0
P17,Marina Sub-division,P038 - P17 Marina Sub-division.xlsx,916,Site Administration,2014-04-01,1,2400.0,448.56,306.2066052871931
P17,Marina Sub-division,P038 - P17 Marina Sub-division.xlsx,95,Sewer Sub-contractors,2014-04-01,1,34933.95,0.0,0.0
P17,Marina Sub-division,P038 - P17 Marina Sub-division.xlsx,103,Water Sub-contractor,2014-05-01,2,0.0,213.6,31706.701963122658
P17,Marina Sub-division,P038 - P17 Marina Sub-division.xlsx,11,Survey - Construction,2014-05-01,2,7175.25,4707.5,0.0
P17,Marina Sub-division,P038 - P17 Marina Sub-division.xlsx,111,Install Conduits / pits / rag bolts,2014-05-01,2,15114.576960569893,17380.0,10202.339448384679
P17,Marina Sub-division,P038 - P17 Marina Sub-division.xlsx,113,Electrical Sub-contract works,2014-05-01,2,0.0,0.0,0.0
P17,Marina Sub-division,P038 - P17 Marina Sub-division.xlsx,12,Survey - As Constructed,2014-05-01,2,0.0,0.0,0.0
P17,Marina Sub-division,P038 - P17 Marina Sub-division.xlsx,121,Landscaping Sub-contractors,2014-05-01,2,0.0,0.0,0.0
P17,Marina Sub-division,P038 - P17 Marina Sub-division.xlsx,123,Supply & Installation of Street Furniture,2014-05-01,2,0.0,0.0,0.0
P17,Marina Sub-division,P038 - P17 Marina Sub-division.xlsx,13,QA Testing,2014-05-01,2,2873.1000000000004,2239.93,2873.1000000000004
P17,Marina Sub-division,P038 - P17 Marina Sub-division.xlsx,131,Fencing Sub-contractors,2014-05-01,2,0.0,0.0,0.0
P17,Marina Sub-division,P038 - P17 Marina Sub-division.xlsx,132,Retaining Walls sub-contractors,2014-05-01,2,77330.87377425966,42453.68715,43249.07190844593
P17,Marina Sub-division,P038 - P17 Marina Sub-division.xlsx,135,Form & Pour Retaining Wall Footings,2014-05-01,2,28147.593788841627,27212.315000000002,23456.328157368018
P17,Marina Sub-division,P038 - P17 Marina Sub-division.xlsx,15,Service Locations,2014-05-01,2,1998.0,0.0,1998.0
P17,Marina Sub-division,P038 - P17 Marina Sub-division.xlsx,151,Supply & Place Silt fences & protective devices,2014-05-01,2,0.0,1714.585,0.0
P17,Marina Sub-division,P038 - P17 Marina Sub-division.xlsx,152,Supply & Install safety devices,2014-05-01,2,0.0,0.0,0.0
P17,Marina Sub-division,P038 - P17 Marina Sub-division.xlsx,222,Supply & Place Geo-fabric,2014-05-01,2,0.0,0.0,0.0
P17,Marina Sub-division,P038 - P17 Marina Sub-division.xlsx,41,Demolition works,2014-05-01,2,0.0,0.0,0.0
P17,Marina Sub-division,P038 - P17 Marina Sub-division.xlsx,52,Stockpile to Fill,2014-05-01,2,3013.333333333334,0.0,0.0
P17,Marina Sub-division,P038 - P17 Marina Sub-division.xlsx,53,Cut to Spoil,2014-05-01,2,0.0,0.0,0.0
P17,Marina Sub-division,P038 - P17 Marina Sub-division.xlsx,54,Cut to Stockpile,2014-05-01,2,3691.9354838709673,0.0,0.0
P17,Marina Sub-division,P038 - P17 Marina Sub-division.xlsx,57,Cut to Fill,2014-05-01,2,0.0,0.0,0.0
P17,Marina Sub-division,P038 - P17 Marina Sub-division.xlsx,59,"Trim unpaved areas - footpaths, batters, drains etc",2014-05-01,2,2205.714285714286,0.0,0.0
P17,Marina Sub-division,P038 - P17 Marina Sub-division.xlsx,61,Subgrade Preparation,2014-05-01,2,0.0,0.0,0.0
P17,Marina Sub-division,P038 - P17 Marina Sub-division.xlsx,62,Place & Compact Gravel,2014-05-01,2,0.0,0.0,0.0
P17,Marina Sub-division,P038 - P17 Marina Sub-division.xlsx,63,Trim All Layers,2014-05-01,2,0.0,0.0,0.0
P17,Marina Sub-division,P038 - P17 Marina Sub-division.xlsx,64,Sweep & Prime / Primer seal or Seal,2014-05-01,2,0.0,0.0,0.0
P17,Marina Sub-division,P038 - P17 Marina Sub-division.xlsx,65,Asphalt,2014-05-01,2,0.0,0.0,0.0
P17,Marina Sub-division,P038 - P17 Marina Sub-division.xlsx,71,Place Kerb & Channel / Inverts,2014-05-01,2,0.0,0.0,0.0
P17,Marina Sub-division,P038 - P17 Marina Sub-division.xlsx,72,Form & Pour Headwalls,2014-05-01,2,0.0,0.0,0.0
P17,Marina Sub-division,P038 - P17 Marina Sub-division.xlsx,73,Form & Place Footpath,2014-05-01,2,0.0,0.0,0.0
P17,Marina Sub-division,P038 - P17 Marina Sub-division.xlsx,81,> 450,2014-05-01,2,18720.24,16600.83,18720.24
P17,Marina Sub-division,P038 - P17 Marina Sub-division.xlsx,82,525 > 750,2014-05-01,2,4730.88,9895.95,4389.0
P17,Marina Sub-division,P038 - P17 Marina Sub-division.xlsx,85,Install SW Pits & Chambers,2014-05-01,2,0.0,0.0,0.0
P17,Marina Sub-division,P038 - P17 Marina Sub-division.xlsx,86,SW Sub-contractors,2014-05-01,2,3545.454545454545,5635.2,1181.8181818181818
P17,Marina Sub-division,P038 - P17 Marina Sub-division.xlsx,87,Supply & Place Subsoil Drainage,2014-05-01,2,11967.090777839801,658.0,0.0
P17,Marina Sub-division,P038 - P17 Marina Sub-division.xlsx,901,Project Management,2014-05-01,2,17485.714285714286,3775.875,7155.574547105661
P17,Marina Sub-division,P038 - P17 Marina Sub-division.xlsx,902,Project Supervision,2014-05-01,2,16580.0,9080.679999999998,5409.875392688046
P17,Marina Sub-division,P038 - P17 Marina Sub-division.xlsx,903,Project Facilities,2014-05-01,2,3200.0,3050.0800000000004,2841.5587765039263
P17,Marina Sub-division,P038 - P17 Marina Sub-division.xlsx,904,"Project Insurance, Fees & Levies",2014-05-01,2,18960.0,8649.57,20145.0
P17,Marina Sub-division,P038 - P17 Marina Sub-division.xlsx,905,Small Tools,2014-05-01,2,1000.0,3039.66,3000.0
P17,Marina Sub-division,P038 - P17 Marina Sub-division.xlsx,906,Miscellaneous Items - Project Contingency,2014-05-01,2,0.0,0.0,0.0
P17,Marina Sub-division,P038 - P17 Marina Sub-division.xlsx,910,De-Establishment & Cleanup,2014-05-01,2,0.0,0.0,0.0
P17,Marina Sub-division,P038 - P17 Marina Sub-division.xlsx,913,Wet Weather (Labour),2014-05-01,2,0.0,1529.975,0.0
P17,Marina Sub-division,P038 - P17 Marina Sub-division.xlsx,914,Training,2014-05-01,2,0.0,0.0,0.0
P17,Marina Sub-division,P038 - P17 Marina Sub-division.xlsx,916,Site Administration,2014-05-01,2,7200.0,4575.71,3242.3877204299447
P17,Marina Sub-division,P038 - P17 Marina Sub-division.xlsx,95,Sewer Sub-contractors,2014-05-01,2,69867.9,52026.8,20533.698036877344
P17,Marina Sub-division,P038 - P17 Marina Sub-division.xlsx,103,Water Sub-contractor,2014-06-01,3,47948.94666666666,34703.604,69243.53471667132
P17,Marina Sub-division,P038 - P17 Marina Sub-division.xlsx,11,Survey - Construction,2014-06-01,3,9567.0,4707.5,9223.088235294119
P17,Marina Sub-division,P038 - P17 Marina Sub-division.xlsx,111,Install Conduits / pits / rag bolts,2014-06-01,3,15114.576960569893,17380.0,10202.339448384679
P17,Marina Sub-division,P038 - P17 Marina Sub-division.xlsx,113,Electrical Sub-contract works,2014-06-01,3,0.0,0.0,0.0
P17,Marina Sub-division,P038 - P17 Marina Sub-division.xlsx,12,Survey - As Constructed,2014-06-01,3,0.0,0.0,0.0
P17,Marina Sub-division,P038 - P17 Marina Sub-division.xlsx,121,Landscaping Sub-contractors,2014-06-01,3,40547.327000000005,9657.143857,11657.58750843481
P17,Marina Sub-division,P038 - P17 Marina Sub-division.xlsx,123,Supply & Installation of Street Furniture,2014-06-01,3,0.0,0.0,0.0
P17,Marina Sub-division,P038 - P17 Marina Sub-division.xlsx,13,QA Testing,2014-06-01,3,5746.200000000001,2239.93,2873.1000000000004
P17,Marina Sub-division,P038 - P17 Marina Sub-division.xlsx,131,Fencing Sub-contractors,2014-06-01,3,0.0,0.0,0.0
P17,Marina Sub-division,P038 - P17 Marina Sub-division.xlsx,132,Retaining Walls sub-contractors,2014-06-01,3,167550.2265108959,122163.28215,140559.48370244924
P17,Marina Sub-division,P038 - P17 Marina Sub-division.xlsx,135,Form & Pour Retaining Wall Footings,2014-06-01,3,46912.656314736036,41215.715000000004,35653.61879919939
P17,Marina Sub-division,P038 - P17 Marina Sub-division.xlsx,15,Service Locations,2014-06-01,3,1998.0,0.0,1998.0
P17,Marina Sub-division,P038 - P17 Marina Sub-division.xlsx,151,Supply & Place Silt fences & protective devices,2014-06-01,3,0.0,1973.9250000000002,0.0
P17,Marina Sub-division,P038 - P17 Marina Sub-division.xlsx,152,Supply & Install safety devices,2014-06-01,3,0.0,0.0,0.0
P17,Marina Sub-division,P038 - P17 Marina Sub-division.xlsx,222,Supply & Place Geo-fabric,2014-06-01,3,2232.6741842102933,76.9,0.0
P17,Marina Sub-division,P038 - P17 Marina Sub-division.xlsx,41,Demolition works,2014-06-01,3,0.0,0.0,0.0
P17,Marina Sub-division,P038 - P17 Marina Sub-division.xlsx,52,Stockpile to Fill,2014-06-01,3,10200.133333333335,3376.775,2260.0000000000005
P17,Marina Sub-division,P038 - P17 Marina Sub-division.xlsx,53,Cut to Spoil,2014-06-01,3,0.0,0.0,0.0
P17,Marina Sub-division,P038 - P17 Marina Sub-division.xlsx,54,Cut to Stockpile,2014-06-01,3,10548.387096774193,355.99,0.0
P17,Marina Sub-division,P038 - P17 Marina Sub-division.xlsx,57,Cut to Fill,2014-06-01,3,0.0,0.0,0.0
P17,Marina Sub-division,P038 - P17 Marina Sub-division.xlsx,59,"Trim unpaved areas - footpaths, batters, drains etc",2014-06-01,3,4411.428571428572,2803.89,2536.5714285714284
P17,Marina Sub-division,P038 - P17 Marina Sub-division.xlsx,61,Subgrade Preparation,2014-06-01,3,0.0,236.20999999999998,0.0
P17,Marina Sub-division,P038 - P17 Marina Sub-division.xlsx,62,Place & Compact Gravel,2014-06-01,3,0.0,550.0,0.0
P17,Marina Sub-division,P038 - P17 Marina Sub-division.xlsx,63,Trim All Layers,2014-06-01,3,0.0,120.0,0.0
P17,Marina Sub-division,P038 - P17 Marina Sub-division.xlsx,64,Sweep & Prime / Primer seal or Seal,2014-06-01,3,0.0,0.0,0.0
P17,Marina Sub-division,P038 - P17 Marina Sub-division.xlsx,65,Asphalt,2014-06-01,3,0.0,0.0,0.0
P17,Marina Sub-division,P038 - P17 Marina Sub-division.xlsx,71,Place Kerb & Channel / Inverts,2014-06-01,3,0.0,0.0,0.0
P17,Marina Sub-division,P038 - P17 Marina Sub-division.xlsx,72,Form & Pour Headwalls,2014-06-01,3,0.0,0.0,0.0
P17,Marina Sub-division,P038 - P17 Marina Sub-division.xlsx,73,Form & Place Footpath,2014-06-01,3,0.0,0.0,0.0
P17,Marina Sub-division,P038 - P17 Marina Sub-division.xlsx,81,> 450,2014-06-01,3,18720.24,16600.83,18720.24
P17,Marina Sub-division,P038 - P17 Marina Sub-division.xlsx,82,525 > 750,2014-06-01,3,4730.88,9895.95,4389.0
P17,Marina Sub-division,P038 - P17 Marina Sub-division.xlsx,85,Install SW Pits & Chambers,2014-06-01,3,35388.0,0.0,0.0
P17,Marina Sub-division,P038 - P17 Marina Sub-division.xlsx,86,SW Sub-contractors,2014-06-01,3,6500.0,8090.2,1772.7272727272725
P17,Marina Sub-division,P038 - P17 Marina Sub-division.xlsx,87,Supply & Place Subsoil Drainage,2014-06-01,3,40568.43773687693,4562.595,10570.930187091824
P17,Marina Sub-division,P038 - P17 Marina Sub-division.xlsx,901,Project Management,2014-06-01,3,26228.571428571428,6811.875,12402.995881649813
P17,Marina Sub-division,P038 - P17 Marina Sub-division.xlsx,902,Project Supervision,2014-06-01,3,24870.0,15596.23,9098.426796793532
P17,Marina Sub-division,P038 - P17 Marina Sub-division.xlsx,903,Project Facilities,2014-06-01,3,4800.0,4334.58,4011.6123903584844
P17,Marina Sub-division,P038 - P17 Marina Sub-division.xlsx,904,"Project Insurance, Fees & Levies",2014-06-01,3,20145.0,8699.97,20145.0
P17,Marina Sub-division,P038 - P17 Marina Sub-division.xlsx,905,Small Tools,2014-06-01,3,2000.0,3277.71,3300.0
P17,Marina Sub-division,P038 - P17 Marina Sub-division.xlsx,906,Miscellaneous Items - Project Contingency,2014-06-01,3,0.0,1800.0,0.0
P17,Marina Sub-division,P038 - P17 Marina Sub-division.xlsx,910,De-Establishment & Cleanup,2014-06-01,3,0.0,0.0,0.0
P17,Marina Sub-division,P038 - P17 Marina Sub-division.xlsx,913,Wet Weather (Labour),2014-06-01,3,0.0,3103.6000000000004,0.0
P17,Marina Sub-division,P038 - P17 Marina Sub-division.xlsx,914,Training,2014-06-01,3,0.0,0.0,0.0
P17,Marina Sub-division,P038 - P17 Marina Sub-division.xlsx,916,Site Administration,2014-06-01,3,12000.0,7779.709999999998,5511.718895169476
P17,Marina Sub-division,P038 - P17 Marina Sub-division.xlsx,95,Sewer Sub-contractors,2014-06-01,3,69867.9,79383.0,44843.06928332867
P17,Marina Sub-division,P038 - P17 Marina Sub-division.xlsx,103,Water Sub-contractor,2014-07-01,4,107885.13,46203.604,76223.32569407407
P17,Marina Sub-division,P038 - P17 Marina Sub-division.xlsx,11,Survey - Construction,2014-07-01,4,12756.0,7152.5,14069.117647058823
P17,Marina Sub-division,P038 - P17 Marina Sub-division.xlsx,111,Install Conduits / pits / rag bolts,2014-07-01,4,34461.23547009936,17380.0,10202.339448384679
P17,Marina Sub-division,P038 - P17 Marina Sub-division.xlsx,113,Electrical Sub-contract works,2014-07-01,4,0.0,0.0,0.0
P17,Marina Sub-division,P038 - P17 Marina Sub-division.xlsx,12,Survey - As Constructed,2014-07-01,4,1606.5217391304348,0.0,0.0
P17,Marina Sub-division,P038 - P17 Marina Sub-division.xlsx,121,Landscaping Sub-contractors,2014-07-01,4,81094.65400000001,9657.143857,11657.58750843481
P17,Marina Sub-division,P038 - P17 Marina Sub-division.xlsx,123,Supply & Installation of Street Furniture,2014-07-01,4,0.0,0.0,0.0
P17,Marina Sub-division,P038 - P17 Marina Sub-division.xlsx,13,QA Testing,2014-07-01,4,8619.3,2365.3599999999997,2873.1000000000004
P17,Marina Sub-division,P038 - P17 Marina Sub-division.xlsx,131,Fencing Sub-contractors,2014-07-01,4,0.0,0.0,0.0
P17,Marina Sub-division,P038 - P17 Marina Sub-division.xlsx,132,Retaining Walls sub-contractors,2014-07-01,4,257769.5792475322,243242.29715,268144.2458323647
P17,Marina Sub-division,P038 - P17 Marina Sub-division.xlsx,135,Form & Pour Retaining Wall Footings,2014-07-01,4,54137.20538720539,49041.35000000003,41752.26412011508
P17,Marina Sub-division,P038 - P17 Marina Sub-division.xlsx,15,Service Locations,2014-07-01,4,1998.0,0.0,1998.0
P17,Marina Sub-division,P038 - P17 Marina Sub-division.xlsx,151,Supply & Place Silt fences & protective devices,2014-07-01,4,0.0,1973.9250000000002,0.0
P17,Marina Sub-division,P038 - P17 Marina Sub-division.xlsx,152,Supply & Install safety devices,2014-07-01,4,0.0,875.0,0.0
P17,Marina Sub-division,P038 - P17 Marina Sub-division.xlsx,222,Supply & Place Geo-fabric,2014-07-01,4,5804.952878946762,76.9,0.0
P17,Marina Sub-division,P038 - P17 Marina Sub-division.xlsx,41,Demolition works,2014-07-01,4,0.0,0.0,0.0
P17,Marina Sub-division,P038 - P17 Marina Sub-division.xlsx,52,Stockpile to Fill,2014-07-01,4,10200.133333333335,9955.04,7232.000000000001
P17,Marina Sub-division,P038 - P17 Marina Sub-division.xlsx,53,Cut to Spoil,2014-07-01,4,0.0,0.0,0.0
P17,Marina Sub-division,P038 - P17 Marina Sub-division.xlsx,54,Cut to Stockpile,2014-07-01,4,10548.387096774193,1040.93,210.96774193548387
P17,Marina Sub-division,P038 - P17 Marina Sub-division.xlsx,57,Cut to Fill,2014-07-01,4,0.0,0.0,0.0
P17,Marina Sub-division,P038 - P17 Marina Sub-division.xlsx,59,"Trim unpaved areas - footpaths, batters, drains etc",2014-07-01,4,6617.142857142857,5617.475,4962.857142857143
P17,Marina Sub-division,P038 - P17 Marina Sub-division.xlsx,61,Subgrade Preparation,2014-07-01,4,3690.222222222222,236.20999999999998,0.0
P17,Marina Sub-division,P038 - P17 Marina Sub-division.xlsx,62,Place & Compact Gravel,2014-07-01,4,9049.191457886775,550.0,0.0
P17,Marina Sub-division,P038 - P17 Marina Sub-division.xlsx,63,Trim All Layers,2014-07-01,4,8139.98954248366,120.0,0.0
P17,Marina Sub-division,P038 - P17 Marina Sub-division.xlsx,64,Sweep & Prime / Primer seal or Seal,2014-07-01,4,0.0,0.0,0.0
P17,Marina Sub-division,P038 - P17 Marina Sub-division.xlsx,65,Asphalt,2014-07-01,4,0.0,0.0,0.0
P17,Marina Sub-division,P038 - P17 Marina Sub-division.xlsx,71,Place Kerb & Channel / Inverts,2014-07-01,4,16834.0,78.11,0.0
P17,Marina Sub-division,P038 - P17 Marina Sub-division.xlsx,72,Form & Pour Headwalls,2014-07-01,4,1900.0,532.5,1900.0
P17,Marina Sub-division,P038 - P17 Marina Sub-division.xlsx,73,Form & Place Footpath,2014-07-01,4,0.0,0.0,0.0
P17,Marina Sub-division,P038 - P17 Marina Sub-division.xlsx,81,> 450,2014-07-01,4,18720.24,16600.83,18720.24
P17,Marina Sub-division,P038 - P17 Marina Sub-division.xlsx,82,525 > 750,2014-07-01,4,4730.88,9895.95,4389.0
P17,Marina Sub-division,P038 - P17 Marina Sub-division.xlsx,85,Install SW Pits & Chambers,2014-07-01,4,35388.0,0.0,0.0
P17,Marina Sub-division,P038 - P17 Marina Sub-division.xlsx,86,SW Sub-contractors,2014-07-01,4,6500.0,8090.2,1772.7272727272725
P17,Marina Sub-division,P038 - P17 Marina Sub-division.xlsx,87,Supply & Place Subsoil Drainage,2014-07-01,4,40568.43773687693,6164.32,13961.605907479769
P17,Marina Sub-division,P038 - P17 Marina Sub-division.xlsx,901,Project Management,2014-07-01,4,34971.42857142857,7892.875,14311.149094211321
P17,Marina Sub-division,P038 - P17 Marina Sub-division.xlsx,902,Project Supervision,2014-07-01,4,33160.0,20920.630000000012,12295.171347018286
P17,Marina Sub-division,P038 - P17 Marina Sub-division.xlsx,903,Project Facilities,2014-07-01,4,6400.0,4658.46,4345.913422888358
P17,Marina Sub-division,P038 - P17 Marina Sub-division.xlsx,904,"Project Insurance, Fees & Levies",2014-07-01,4,21330.0,8699.97,20145.0
P17,Marina Sub-division,P038 - P17 Marina Sub-division.xlsx,905,Small Tools,2014-07-01,4,3000.0,3277.71,3277.7099999999996
P17,Marina Sub-division,P038 - P17 Marina Sub-division.xlsx,906,Miscellaneous Items - Project Contingency,2014-07-01,4,0.0,1800.0,0.0
P17,Marina Sub-division,P038 - P17 Marina Sub-division.xlsx,910,De-Establishment & Cleanup,2014-07-01,4,0.0,0.0,0.0
P17,Marina Sub-division,P038 - P17 Marina Sub-division.xlsx,913,Wet Weather (Labour),2014-07-01,4,0.0,3103.6000000000004,0.0
P17,Marina Sub-division,P038 - P17 Marina Sub-division.xlsx,914,Training,2014-07-01,4,0.0,0.0,0.0
P17,Marina Sub-division,P038 - P17 Marina Sub-division.xlsx,916,Site Administration,2014-07-01,4,16800.0,9894.349999999995,7012.131261076722
P17,Marina Sub-division,P038 - P17 Marina Sub-division.xlsx,95,Sewer Sub-contractors,2014-07-01,4,69867.9,79383.0,49363.278305925916
P17,Marina Sub-division,P038 - P17 Marina Sub-division.xlsx,103,Water Sub-contractor,2014-08-01,5,107885.13,46203.604,76590.26847921479
P17,Marina Sub-division,P038 - P17 Marina Sub-division.xlsx,11,Survey - Construction,2014-08-01,5,15147.75,7752.5,15163.382352941177
P17,Marina Sub-division,P038 - P17 Marina Sub-division.xlsx,111,Install Conduits / pits / rag bolts,2014-08-01,5,34461.23547009936,17380.0,10202.339448384679
P17,Marina Sub-division,P038 - P17 Marina Sub-division.xlsx,113,Electrical Sub-contract works,2014-08-01,5,0.0,0.0,0.0
P17,Marina Sub-division,P038 - P17 Marina Sub-division.xlsx,12,Survey - As Constructed,2014-08-01,5,3213.0434782608695,725.0,242.7372262773723
P17,Marina Sub-division,P038 - P17 Marina Sub-division.xlsx,121,Landscaping Sub-contractors,2014-08-01,5,81094.65400000001,9657.143857,11657.58750843481
P17,Marina Sub-division,P038 - P17 Marina Sub-division.xlsx,123,Supply & Installation of Street Furniture,2014-08-01,5,0.0,2895.45,2053.26580478507
P17,Marina Sub-division,P038 - P17 Marina Sub-division.xlsx,13,QA Testing,2014-08-01,5,17238.6,3685.1499999999996,10055.849999999999
P17,Marina Sub-division,P038 - P17 Marina Sub-division.xlsx,131,Fencing Sub-contractors,2014-08-01,5,0.0,194.6,0.0
P17,Marina Sub-division,P038 - P17 Marina Sub-division.xlsx,132,Retaining Walls sub-contractors,2014-08-01,5,349020.0103011586,265477.6521499999,291931.23538201
P17,Marina Sub-division,P038 - P17 Marina Sub-division.xlsx,135,Form & Pour Retaining Wall Footings,2014-08-01,5,54137.20538720539,52921.38000000004,45036.1500621466
P17,Marina Sub-division,P038 - P17 Marina Sub-division.xlsx,15,Service Locations,2014-08-01,5,1998.0,0.0,0.0
P17,Marina Sub-division,P038 - P17 Marina Sub-division.xlsx,151,Supply & Place Silt fences & protective devices,2014-08-01,5,0.0,2721.905,0.0
P17,Marina Sub-division,P038 - P17 Marina Sub-division.xlsx,152,Supply & Install safety devices,2014-08-01,5,0.0,875.0,0.0
P17,Marina Sub-division,P038 - P17 Marina Sub-division.xlsx,222,Supply & Place Geo-fabric,2014-08-01,5,5804.952878946762,76.9,0.0
P17,Marina Sub-division,P038 - P17 Marina Sub-division.xlsx,41,Demolition works,2014-08-01,5,0.0,0.0,0.0
P17,Marina Sub-division,P038 - P17 Marina Sub-division.xlsx,52,Stockpile to Fill,2014-08-01,5,10200.133333333335,13641.515,10200.133333333335
P17,Marina Sub-division,P038 - P17 Marina Sub-division.xlsx,53,Cut to Spoil,2014-08-01,5,0.0,4498.07,1056.3326465630269
P17,Marina Sub-division,P038 - P17 Marina Sub-division.xlsx,54,Cut to Stockpile,2014-08-01,5,10548.387096774193,15035.49,5063.225806451613
P17,Marina Sub-division,P038 - P17 Marina Sub-division.xlsx,57,Cut to Fill,2014-08-01,5,0.0,0.0,0.0
P17,Marina Sub-division,P038 - P17 Marina Sub-division.xlsx,59,"Trim unpaved areas - footpaths, batters, drains etc",2014-08-01,5,6617.142857142857,5725.525000000001,4962.857142857143
P17,Marina Sub-division,P038 - P17 Marina Sub-division.xlsx,61,Subgrade Preparation,2014-08-01,5,3690.222222222222,8828.554999999998,1738.848167539267
P17,Marina Sub-division,P038 - P17 Marina Sub-division.xlsx,62,Place & Compact Gravel,2014-08-01,5,9049.191457886775,1126.075,0.0
P17,Marina Sub-division,P038 - P17 Marina Sub-division.xlsx,63,Trim All Layers,2014-08-01,5,8139.98954248366,1685.6699999999998,0.0
P17,Marina Sub-division,P038 - P17 Marina Sub-division.xlsx,64,Sweep & Prime / Primer seal or Seal,2014-08-01,5,17548.125,0.0,0.0
P17,Marina Sub-division,P038 - P17 Marina Sub-division.xlsx,65,Asphalt,2014-08-01,5,39160.0,0.0,0.0
P17,Marina Sub-division,P038 - P17 Marina Sub-division.xlsx,71,Place Kerb & Channel / Inverts,2014-08-01,5,16834.0,78.11,0.0
P17,Marina Sub-division,P038 - P17 Marina Sub-division.xlsx,72,Form & Pour Headwalls,2014-08-01,5,1900.0,532.5,1900.0
P17,Marina Sub-division,P038 - P17 Marina Sub-division.xlsx,73,Form & Place Footpath,2014-08-01,5,0.0,0.0,0.0
P17,Marina Sub-division,P038 - P17 Marina Sub-division.xlsx,81,> 450,2014-08-01,5,18720.24,16600.83,18720.24
P17,Marina Sub-division,P038 - P17 Marina Sub-division.xlsx,82,525 > 750,2014-08-01,5,4730.88,9895.95,4389.0
P17,Marina Sub-division,P038 - P17 Marina Sub-division.xlsx,85,Install SW Pits & Chambers,2014-08-01,5,35388.0,97.3,0.0
P17,Marina Sub-division,P038 - P17 Marina Sub-division.xlsx,86,SW Sub-contractors,2014-08-01,5,6500.0,8090.2,1772.7272727272725
P17,Marina Sub-division,P038 - P17 Marina Sub-division.xlsx,87,Supply & Place Subsoil Drainage,2014-08-01,5,40568.43773687693,6440.789999999999,13961.605907479769
P17,Marina Sub-division,P038 - P17 Marina Sub-division.xlsx,901,Project Management,2014-08-01,5,43714.28571428572,9732.875,17173.378913053584
P17,Marina Sub-division,P038 - P17 Marina Sub-division.xlsx,902,Project Supervision,2014-08-01,5,41450.0,29528.41000000001,17459.143312765962
P17,Marina Sub-division,P038 - P17 Marina Sub-division.xlsx,903,Project Facilities,2014-08-01,5,8000.0,5894.21,5515.967036742915
P17,Marina Sub-division,P038 - P17 Marina Sub-division.xlsx,904,"Project Insurance, Fees & Levies",2014-08-01,5,22515.0,8836.0,21330.0
P17,Marina Sub-division,P038 - P17 Marina Sub-division.xlsx,905,Small Tools,2014-08-01,5,4000.0,3285.73,3250.0
P17,Marina Sub-division,P038 - P17 Marina Sub-division.xlsx,906,Miscellaneous Items - Project Contingency,2014-08-01,5,0.0,1800.0,0.0
P17,Marina Sub-division,P038 - P17 Marina Sub-division.xlsx,910,De-Establishment & Cleanup,2014-08-01,5,0.0,252.175,0.0
P17,Marina Sub-division,P038 - P17 Marina Sub-division.xlsx,913,Wet Weather (Labour),2014-08-01,5,0.0,3103.6000000000004,0.0
P17,Marina Sub-division,P038 - P17 Marina Sub-division.xlsx,914,Training,2014-08-01,5,0.0,207.49999999999997,0.0
P17,Marina Sub-division,P038 - P17 Marina Sub-division.xlsx,916,Site Administration,2014-08-01,5,21600.0,13910.029999999993,9856.450394633315
P17,Marina Sub-division,P038 - P17 Marina Sub-division.xlsx,95,Sewer Sub-contractors,2014-08-01,5,69867.9,79987.58,49600.915520785216
P17,Marina Sub-division,P038 - P17 Marina Sub-division.xlsx,103,Water Sub-contractor,2014-09-01,6,107885.13,47423.549000000006,77330.69987955633
P17,Marina Sub-division,P038 - P17 Marina Sub-division.xlsx,11,Survey - Construction,2014-09-01,6,15945.0,8207.5,15945.0
P17,Marina Sub-division,P038 - P17 Marina Sub-division.xlsx,111,Install Conduits / pits / rag bolts,2014-09-01,6,34461.23547009936,46098.817500000005,27584.10295304006
P17,Marina Sub-division,P038 - P17 Marina Sub-division.xlsx,113,Electrical Sub-contract works,2014-09-01,6,0.0,0.0,0.0
P17,Marina Sub-division,P038 - P17 Marina Sub-division.xlsx,12,Survey - As Constructed,2014-09-01,6,3213.0434782608695,2207.5,755.1824817518249
P17,Marina Sub-division,P038 - P17 Marina Sub-division.xlsx,121,Landscaping Sub-contractors,2014-09-01,6,101368.3175,21602.033857,26076.819790316295
P17,Marina Sub-division,P038 - P17 Marina Sub-division.xlsx,123,Supply & Installation of Street Furniture,2014-09-01,6,0.0,51850.0,36768.665312164216
P17,Marina Sub-division,P038 - P17 Marina Sub-division.xlsx,13,QA Testing,2014-09-01,6,21548.25,5306.889999999999,14365.5
P17,Marina Sub-division,P038 - P17 Marina Sub-division.xlsx,131,Fencing Sub-contractors,2014-09-01,6,0.0,303.76,0.0
P17,Marina Sub-division,P038 - P17 Marina Sub-division.xlsx,132,Retaining Walls sub-contractors,2014-09-01,6,349020.0103011586,266128.92714999994,291931.23538201
P17,Marina Sub-division,P038 - P17 Marina Sub-division.xlsx,135,Form & Pour Retaining Wall Footings,2014-09-01,6,54137.20538720539,53326.220000000045,45036.1500621466
P17,Marina Sub-division,P038 - P17 Marina Sub-division.xlsx,15,Service Locations,2014-09-01,6,1998.0,0.0,1998.0
P17,Marina Sub-division,P038 - P17 Marina Sub-division.xlsx,151,Supply & Place Silt fences & protective devices,2014-09-01,6,0.0,2721.905,0.0
P17,Marina Sub-division,P038 - P17 Marina Sub-division.xlsx,152,Supply & Install safety devices,2014-09-01,6,0.0,875.0,0.0
P17,Marina Sub-division,P038 - P17 Marina Sub-division.xlsx,222,Supply & Place Geo-fabric,2014-09-01,6,5804.952878946762,76.9,5804.952878946762
P17,Marina Sub-division,P038 - P17 Marina Sub-division.xlsx,41,Demolition works,2014-09-01,6,0.0,0.0,0.0
P17,Marina Sub-division,P038 - P17 Marina Sub-division.xlsx,52,Stockpile to Fill,2014-09-01,6,10200.133333333335,14016.515,10200.133333333335
P17,Marina Sub-division,P038 - P17 Marina Sub-division.xlsx,53,Cut to Spoil,2014-09-01,6,1320.4158082037834,10658.615,1056.3326465630269
P17,Marina Sub-division,P038 - P17 Marina Sub-division.xlsx,54,Cut to Stockpile,2014-09-01,6,10548.387096774193,20480.44,5907.096774193548
P17,Marina Sub-division,P038 - P17 Marina Sub-division.xlsx,57,Cut to Fill,2014-09-01,6,0.0,0.0,0.0
P17,Marina Sub-division,P038 - P17 Marina Sub-division.xlsx,59,"Trim unpaved areas - footpaths, batters, drains etc",2014-09-01,6,66171.42857142858,8833.574999999999,7609.714285714286
P17,Marina Sub-division,P038 - P17 Marina Sub-division.xlsx,61,Subgrade Preparation,2014-09-01,6,3690.222222222222,9390.994999999997,2898.080279232112
P17,Marina Sub-division,P038 - P17 Marina Sub-division.xlsx,62,Place & Compact Gravel,2014-09-01,6,9049.191457886775,22163.392499999998,9049.191457886775
P17,Marina Sub-division,P038 - P17 Marina Sub-division.xlsx,63,Trim All Layers,2014-09-01,6,8139.98954248366,14302.925000000003,5189.42867007155
P17,Marina Sub-division,P038 - P17 Marina Sub-division.xlsx,64,Sweep & Prime / Primer seal or Seal,2014-09-01,6,17548.125,0.0,0.0
P17,Marina Sub-division,P038 - P17 Marina Sub-division.xlsx,65,Asphalt,2014-09-01,6,39160.0,0.0,0.0
P17,Marina Sub-division,P038 - P17 Marina Sub-division.xlsx,71,Place Kerb & Channel / Inverts,2014-09-01,6,16834.0,14132.814,16834.0
P17,Marina Sub-division,P038 - P17 Marina Sub-division.xlsx,72,Form & Pour Headwalls,2014-09-01,6,1900.0,532.5,1900.0
P17,Marina Sub-division,P038 - P17 Marina Sub-division.xlsx,73,Form & Place Footpath,2014-09-01,6,10723.665307873844,0.0,0.0
P17,Marina Sub-division,P038 - P17 Marina Sub-division.xlsx,81,> 450,2014-09-01,6,18720.24,16600.83,18720.24
P17,Marina Sub-division,P038 - P17 Marina Sub-division.xlsx,82,525 > 750,2014-09-01,6,4730.88,9895.95,4389.0
P17,Marina Sub-division,P038 - P17 Marina Sub-division.xlsx,85,Install SW Pits & Chambers,2014-09-01,6,35388.0,914.2449999999999,35388.0
P17,Marina Sub-division,P038 - P17 Marina Sub-division.xlsx,86,SW Sub-contractors,2014-09-01,6,6500.0,22643.2,6204.545454545455
P17,Marina Sub-division,P038 - P17 Marina Sub-division.xlsx,87,Supply & Place Subsoil Drainage,2014-09-01,6,40568.43773687693,16574.479999999996,35901.27233351941
P17,Marina Sub-division,P038 - P17 Marina Sub-division.xlsx,901,Project Management,2014-09-01,6,52457.142857142855,14171.875,25760.06836958038
P17,Marina Sub-division,P038 - P17 Marina Sub-division.xlsx,902,Project Supervision,2014-09-01,6,49740.0,47853.22000000004,28278.894098142056
P17,Marina Sub-division,P038 - P17 Marina Sub-division.xlsx,903,Project Facilities,2014-09-01,6,9600.0,6364.21,5933.843327405258
P17,Marina Sub-division,P038 - P17 Marina Sub-division.xlsx,904,"Project Insurance, Fees & Levies",2014-09-01,6,23700.0,9497.199999999999,22515.0
P17,Marina Sub-division,P038 - P17 Marina Sub-division.xlsx,905,Small Tools,2014-09-01,6,5000.0,3397.46,3500.0
P17,Marina Sub-division,P038 - P17 Marina Sub-division.xlsx,906,Miscellaneous Items - Project Contingency,2014-09-01,6,0.0,1800.0,0.0
P17,Marina Sub-division,P038 - P17 Marina Sub-division.xlsx,910,De-Establishment & Cleanup,2014-09-01,6,0.0,252.175,0.0
P17,Marina Sub-division,P038 - P17 Marina Sub-division.xlsx,913,Wet Weather (Labour),2014-09-01,6,0.0,3463.6000000000004,0.0
P17,Marina Sub-division,P038 - P17 Marina Sub-division.xlsx,914,Training,2014-09-01,6,0.0,207.49999999999997,0.0
P17,Marina Sub-division,P038 - P17 Marina Sub-division.xlsx,916,Site Administration,2014-09-01,6,24000.0,21770.509999999984,15429.41061086023
P17,Marina Sub-division,P038 - P17 Marina Sub-division.xlsx,95,Sewer Sub-contractors,2014-09-01,6,69867.9,79987.58,50080.42912044369
P17,Marina Sub-division,P038 - P17 Marina Sub-division.xlsx,103,Water Sub-contractor,2014-10-01,7,107885.13,76903.549,96801.28201478069
P17,Marina Sub-division,P038 - P17 Marina Sub-division.xlsx,11,Survey - Construction,2014-10-01,7,15945.0,8207.5,15945.0
P17,Marina Sub-division,P038 - P17 Marina Sub-division.xlsx,111,Install Conduits / pits / rag bolts,2014-10-01,7,34461.23547009936,54113.97050000002,32118.476041211026
P17,Marina Sub-division,P038 - P17 Marina Sub-division.xlsx,113,Electrical Sub-contract works,2014-10-01,7,0.0,86632.51999999999,14353.666666666666
P17,Marina Sub-division,P038 - P17 Marina Sub-division.xlsx,12,Survey - As Constructed,2014-10-01,7,4819.565217391304,8180.0,2751.021897810219
P17,Marina Sub-division,P038 - P17 Marina Sub-division.xlsx,121,Landscaping Sub-contractors,2014-10-01,7,304104.9525,72693.16183700002,87751.29664920364
P17,Marina Sub-division,P038 - P17 Marina Sub-division.xlsx,123,Supply & Installation of Street Furniture,2014-10-01,7,41948.5795687885,55808.35,39575.67102746615
P17,Marina Sub-division,P038 - P17 Marina Sub-division.xlsx,13,QA Testing,2014-10-01,7,25857.9,6595.4,18675.15
P17,Marina Sub-division,P038 - P17 Marina Sub-division.xlsx,131,Fencing Sub-contractors,2014-10-01,7,0.0,303.76,0.0
P17,Marina Sub-division,P038 - P17 Marina Sub-division.xlsx,132,Retaining Walls sub-contractors,2014-10-01,7,349020.0103011586,266128.92714999994,291931.23538201
P17,Marina Sub-division,P038 - P17 Marina Sub-division.xlsx,135,Form & Pour Retaining Wall Footings,2014-10-01,7,54137.20538720539,59107.16000000005,50196.542256767556
P17,Marina Sub-division,P038 - P17 Marina Sub-division.xlsx,15,Service Locations,2014-10-01,7,1998.0,0.0,1998.0
P17,Marina Sub-division,P038 - P17 Marina Sub-division.xlsx,151,Supply & Place Silt fences & protective devices,2014-10-01,7,0.0,2721.905,0.0
P17,Marina Sub-division,P038 - P17 Marina Sub-division.xlsx,152,Supply & Install safety devices,2014-10-01,7,0.0,875.0,0.0
P17,Marina Sub-division,P038 - P17 Marina Sub-division.xlsx,222,Supply & Place Geo-fabric,2014-10-01,7,5804.952878946762,76.9,5804.952878946762
P17,Marina Sub-division,P038 - P17 Marina Sub-division.xlsx,41,Demolition works,2014-10-01,7,0.0,0.0,0.0
P17,Marina Sub-division,P038 - P17 Marina Sub-division.xlsx,52,Stockpile to Fill,2014-10-01,7,10200.133333333335,14016.515,10200.133333333335
P17,Marina Sub-division,P038 - P17 Marina Sub-division.xlsx,53,Cut to Spoil,2014-10-01,7,1320.4158082037834,11469.48,1320.4158082037834
P17,Marina Sub-division,P038 - P17 Marina Sub-division.xlsx,54,Cut to Stockpile,2014-10-01,7,10548.387096774193,35521.274999999994,10126.451612903225
P17,Marina Sub-division,P038 - P17 Marina Sub-division.xlsx,57,Cut to Fill,2014-10-01,7,0.0,220.0,0.0
P17,Marina Sub-division,P038 - P17 Marina Sub-division.xlsx,59,"Trim unpaved areas - footpaths, batters, drains etc",2014-10-01,7,9925.714285714286,10563.594999999998,9815.428571428572
P17,Marina Sub-division,P038 - P17 Marina Sub-division.xlsx,61,Subgrade Preparation,2014-10-01,7,3690.222222222222,10544.734999999997,3284.490983129727
P17,Marina Sub-division,P038 - P17 Marina Sub-division.xlsx,62,Place & Compact Gravel,2014-10-01,7,9049.191457886775,23084.962499999998,9049.191457886775
P17,Marina Sub-division,P038 - P17 Marina Sub-division.xlsx,63,Trim All Layers,2014-10-01,7,8139.98954248366,19887.19500000001,7413.469528673643
P17,Marina Sub-division,P038 - P17 Marina Sub-division.xlsx,64,Sweep & Prime / Primer seal or Seal,2014-10-01,7,17548.125,6539.3899999999985,17548.125
P17,Marina Sub-division,P038 - P17 Marina Sub-division.xlsx,65,Asphalt,2014-10-01,7,39160.0,34298.939999999995,39160.0
P17,Marina Sub-division,P038 - P17 Marina Sub-division.xlsx,71,Place Kerb & Channel / Inverts,2014-10-01,7,16834.0,14255.699,16834.0
P17,Marina Sub-division,P038 - P17 Marina Sub-division.xlsx,72,Form & Pour Headwalls,2014-10-01,7,1900.0,532.5,1900.0
P17,Marina Sub-division,P038 - P17 Marina Sub-division.xlsx,73,Form & Place Footpath,2014-10-01,7,24991.501999999997,9330.355,6066.989336450278
P17,Marina Sub-division,P038 - P17 Marina Sub-division.xlsx,81,> 450,2014-10-01,7,18720.24,16600.83,18720.24
P17,Marina Sub-division,P038 - P17 Marina Sub-division.xlsx,82,525 > 750,2014-10-01,7,4730.88,9895.95,4389.0
P17,Marina Sub-division,P038 - P17 Marina Sub-division.xlsx,85,Install SW Pits & Chambers,2014-10-01,7,35388.0,4894.0,35388.0
P17,Marina Sub-division,P038 - P17 Marina Sub-division.xlsx,86,SW Sub-contractors,2014-10-01,7,6500.0,22643.2,6204.545454545455
P17,Marina Sub-division,P038 - P17 Marina Sub-division.xlsx,87,Supply & Place Subsoil Drainage,2014-10-01,7,40568.43773687693,17562.979999999996,40568.43773687693
P17,Marina Sub-division,P038 - P17 Marina Sub-division.xlsx,901,Project Management,2014-10-01,7,56828.57142857143,16563.875,29576.3747947034
P17,Marina Sub-division,P038 - P17 Marina Sub-division.xlsx,902,Project Supervision,2014-10-01,7,58030.0,65823.07000000005,38852.74145657778
P17,Marina Sub-division,P038 - P17 Marina Sub-division.xlsx,903,Project Facilities,2014-10-01,7,11200.0,8193.22,7688.923748187093
P17,Marina Sub-division,P038 - P17 Marina Sub-division.xlsx,904,"Project Insurance, Fees & Levies",2014-10-01,7,23700.0,9712.97,22515.0
P17,Marina Sub-division,P038 - P17 Marina Sub-division.xlsx,905,Small Tools,2014-10-01,7,5000.0,3408.78,3500.0
P17,Marina Sub-division,P038 - P17 Marina Sub-division.xlsx,906,Miscellaneous Items - Project Contingency,2014-10-01,7,0.0,3779.5349999999994,0.0
P17,Marina Sub-division,P038 - P17 Marina Sub-division.xlsx,910,De-Establishment & Cleanup,2014-10-01,7,0.0,3501.0899999999997,0.0
P17,Marina Sub-division,P038 - P17 Marina Sub-division.xlsx,913,Wet Weather (Labour),2014-10-01,7,0.0,3463.6000000000004,0.0
P17,Marina Sub-division,P038 - P17 Marina Sub-division.xlsx,914,Training,2014-10-01,7,0.0,207.49999999999997,0.0
P17,Marina Sub-division,P038 - P17 Marina Sub-division.xlsx,916,Site Administration,2014-10-01,7,26400.0,29331.949999999968,20788.026203386107
P17,Marina Sub-division,P038 - P17 Marina Sub-division.xlsx,95,Sewer Sub-contractors,2014-10-01,7,69867.9,82587.58,62689.84698521933
P17,Marina Sub-division,P038 - P17 Marina Sub-division.xlsx,103,Water Sub-contractor,2014-11-01,8,107885.13,76903.549,96801.28201478069
P17,Marina Sub-division,P038 - P17 Marina Sub-division.xlsx,11,Survey - Construction,2014-11-01,8,15945.0,8207.5,15945.0
P17,Marina Sub-division,P038 - P17 Marina Sub-division.xlsx,111,Install Conduits / pits / rag bolts,2014-11-01,8,34461.23547009936,54579.58050000002,32496.340465225276
P17,Marina Sub-division,P038 - P17 Marina Sub-division.xlsx,113,Electrical Sub-contract works,2014-11-01,8,101320.0,86632.51999999999,14353.666666666666
P17,Marina Sub-division,P038 - P17 Marina Sub-division.xlsx,12,Survey - As Constructed,2014-11-01,8,7390.0,11657.5,3937.7372262773724
P17,Marina Sub-division,P038 - P17 Marina Sub-division.xlsx,121,Landscaping Sub-contractors,2014-11-01,8,405473.27,257190.63300000003,310466.7751608541
P17,Marina Sub-division,P038 - P17 Marina Sub-division.xlsx,123,Supply & Installation of Street Furniture,2014-11-01,8,119853.08448225286,61558.35,43653.19900326063
P17,Marina Sub-division,P038 - P17 Marina Sub-division.xlsx,13,QA Testing,2014-11-01,8,28731.0,8332.36,24421.35
P17,Marina Sub-division,P038 - P17 Marina Sub-division.xlsx,131,Fencing Sub-contractors,2014-11-01,8,21670.0,731.66,0.0
P17,Marina Sub-division,P038 - P17 Marina Sub-division.xlsx,132,Retaining Walls sub-contractors,2014-11-01,8,349020.0103011586,292216.0861499999,319178.1506843309
P17,Marina Sub-division,P038 - P17 Marina Sub-division.xlsx,135,Form & Pour Retaining Wall Footings,2014-11-01,8,54137.20538720539,59461.06000000005,50196.542256767556
P17,Marina Sub-division,P038 - P17 Marina Sub-division.xlsx,15,Service Locations,2014-11-01,8,1998.0,0.0,1998.0
P17,Marina Sub-division,P038 - P17 Marina Sub-division.xlsx,151,Supply & Place Silt fences & protective devices,2014-11-01,8,0.0,2721.905,0.0
P17,Marina Sub-division,P038 - P17 Marina Sub-division.xlsx,152,Supply & Install safety devices,2014-11-01,8,0.0,875.0,0.0
P17,Marina Sub-division,P038 - P17 Marina Sub-division.xlsx,222,Supply & Place Geo-fabric,2014-11-01,8,5804.952878946762,76.9,5804.952878946762
P17,Marina Sub-division,P038 - P17 Marina Sub-division.xlsx,41,Demolition works,2014-11-01,8,0.0,1682.9,0.0
P17,Marina Sub-division,P038 - P17 Marina Sub-division.xlsx,52,Stockpile to Fill,2014-11-01,8,10200.133333333335,14016.515,10200.133333333335
P17,Marina Sub-division,P038 - P17 Marina Sub-division.xlsx,53,Cut to Spoil,2014-11-01,8,1320.4158082037834,11469.48,1320.4158082037834
P17,Marina Sub-division,P038 - P17 Marina Sub-division.xlsx,54,Cut to Stockpile,2014-11-01,8,10548.387096774193,35806.274999999994,10126.451612903225
P17,Marina Sub-division,P038 - P17 Marina Sub-division.xlsx,57,Cut to Fill,2014-11-01,8,0.0,220.0,0.0
P17,Marina Sub-division,P038 - P17 Marina Sub-division.xlsx,59,"Trim unpaved areas - footpaths, batters, drains etc",2014-11-01,8,9925.714285714286,10847.274999999998,9925.714285714286
P17,Marina Sub-division,P038 - P17 Marina Sub-division.xlsx,61,Subgrade Preparation,2014-11-01,8,3690.222222222222,10873.894999999997,3284.490983129727
P17,Marina Sub-division,P038 - P17 Marina Sub-division.xlsx,62,Place & Compact Gravel,2014-11-01,8,9049.191457886775,23084.962499999998,9049.191457886775
P17,Marina Sub-division,P038 - P17 Marina Sub-division.xlsx,63,Trim All Layers,2014-11-01,8,8139.98954248366,21032.97000000001,7907.70083058522
P17,Marina Sub-division,P038 - P17 Marina Sub-division.xlsx,64,Sweep & Prime / Primer seal or Seal,2014-11-01,8,17548.125,6539.3899999999985,17548.125
P17,Marina Sub-division,P038 - P17 Marina Sub-division.xlsx,65,Asphalt,2014-11-01,8,39160.0,34465.659999999996,39160.0
P17,Marina Sub-division,P038 - P17 Marina Sub-division.xlsx,71,Place Kerb & Channel / Inverts,2014-11-01,8,16834.0,14450.204000000002,16834.0
P17,Marina Sub-division,P038 - P17 Marina Sub-division.xlsx,72,Form & Pour Headwalls,2014-11-01,8,1900.0,532.5,1900.0
P17,Marina Sub-division,P038 - P17 Marina Sub-division.xlsx,73,Form & Place Footpath,2014-11-01,8,24991.501999999997,26282.4175,17077.451465563743
P17,Marina Sub-division,P038 - P17 Marina Sub-division.xlsx,81,> 450,2014-11-01,8,18720.24,16600.83,18720.24
P17,Marina Sub-division,P038 - P17 Marina Sub-division.xlsx,82,525 > 750,2014-11-01,8,4730.88,10005.11,4730.88
P17,Marina Sub-division,P038 - P17 Marina Sub-division.xlsx,85,Install SW Pits & Chambers,2014-11-01,8,35388.0,6064.854999999999,35388.0
P17,Marina Sub-division,P038 - P17 Marina Sub-division.xlsx,86,SW Sub-contractors,2014-11-01,8,6500.0,22643.2,6204.545454545455
P17,Marina Sub-division,P038 - P17 Marina Sub-division.xlsx,87,Supply & Place Subsoil Drainage,2014-11-01,8,40568.43773687693,17562.979999999996,40568.43773687693
P17,Marina Sub-division,P038 - P17 Marina Sub-division.xlsx,901,Project Management,2014-11-01,8,61200.0,23325.875,41979.37067635321
P17,Marina Sub-division,P038 - P17 Marina Sub-division.xlsx,902,Project Supervision,2014-11-01,8,66320.0,83304.85000000005,49180.68538807314
P17,Marina Sub-division,P038 - P17 Marina Sub-division.xlsx,903,Project Facilities,2014-11-01,8,12800.0,10188.99,9527.5794271014
P17,Marina Sub-division,P038 - P17 Marina Sub-division.xlsx,904,"Project Insurance, Fees & Levies",2014-11-01,8,23700.0,9749.63,22515.0
P17,Marina Sub-division,P038 - P17 Marina Sub-division.xlsx,905,Small Tools,2014-11-01,8,5000.0,3408.78,3500.0
P17,Marina Sub-division,P038 - P17 Marina Sub-division.xlsx,906,Miscellaneous Items - Project Contingency,2014-11-01,8,0.0,8850.655,0.0
P17,Marina Sub-division,P038 - P17 Marina Sub-division.xlsx,910,De-Establishment & Cleanup,2014-11-01,8,0.0,5430.584999999998,0.0
P17,Marina Sub-division,P038 - P17 Marina Sub-division.xlsx,913,Wet Weather (Labour),2014-11-01,8,0.0,3463.6000000000004,0.0
P17,Marina Sub-division,P038 - P17 Marina Sub-division.xlsx,914,Training,2014-11-01,8,0.0,207.49999999999997,0.0
P17,Marina Sub-division,P038 - P17 Marina Sub-division.xlsx,916,Site Administration,2014-11-01,8,28800.0,34970.98999999997,24785.72355019113
P17,Marina Sub-division,P038 - P17 Marina Sub-division.xlsx,95,Sewer Sub-contractors,2014-11-01,8,69867.9,82587.58,62689.84698521933
P17,Marina Sub-division,P038 - P17 Marina Sub-division.xlsx,103,Water Sub-contractor,2014-12-01,9,107885.13,93624.379,107885.13
P17,Marina Sub-division,P038 - P17 Marina Sub-division.xlsx,11,Survey - Construction,2014-12-01,9,15945.0,8207.5,15945.0
P17,Marina Sub-division,P038 - P17 Marina Sub-division.xlsx,111,Install Conduits / pits / rag bolts,2014-12-01,9,34461.23547009936,55155.61050000002,32874.204889239525
P17,Marina Sub-division,P038 - P17 Marina Sub-division.xlsx,113,Electrical Sub-contract works,2014-12-01,9,101320.0,91396.68,16886.666666666664
P17,Marina Sub-division,P038 - P17 Marina Sub-division.xlsx,12,Survey - As Constructed,2014-12-01,9,7390.0,16551.0,5555.985401459854
P17,Marina Sub-division,P038 - P17 Marina Sub-division.xlsx,121,Landscaping Sub-contractors,2014-12-01,9,405473.27,302723.37950000004,365431.4712120966
P17,Marina Sub-division,P038 - P17 Marina Sub-division.xlsx,123,Supply & Installation of Street Furniture,2014-12-01,9,119853.08448225286,79890.29,56653.0247772756
P17,Marina Sub-division,P038 - P17 Marina Sub-division.xlsx,13,QA Testing,2014-12-01,9,28731.0,9344.95,27294.449999999997
P17,Marina Sub-division,P038 - P17 Marina Sub-division.xlsx,131,Fencing Sub-contractors,2014-12-01,9,21670.0,1355.5,2167.0
P17,Marina Sub-division,P038 - P17 Marina Sub-division.xlsx,132,Retaining Walls sub-contractors,2014-12-01,9,349020.0103011586,294585.2661499999,321340.6042797532
P17,Marina Sub-division,P038 - P17 Marina Sub-division.xlsx,135,Form & Pour Retaining Wall Footings,2014-12-01,9,54137.20538720539,59461.06000000005,50196.542256767556
P17,Marina Sub-division,P038 - P17 Marina Sub-division.xlsx,15,Service Locations,2014-12-01,9,1998.0,0.0,1998.0
P17,Marina Sub-division,P038 - P17 Marina Sub-division.xlsx,151,Supply & Place Silt fences & protective devices,2014-12-01,9,0.0,2721.905,0.0
P17,Marina Sub-division,P038 - P17 Marina Sub-division.xlsx,152,Supply & Install safety devices,2014-12-01,9,0.0,875.0,0.0
P17,Marina Sub-division,P038 - P17 Marina Sub-division.xlsx,222,Supply & Place Geo-fabric,2014-12-01,9,5804.952878946762,76.9,5804.952878946762
P17,Marina Sub-division,P038 - P17 Marina Sub-division.xlsx,41,Demolition works,2014-12-01,9,0.0,1682.9,0.0
P17,Marina Sub-division,P038 - P17 Marina Sub-division.xlsx,52,Stockpile to Fill,2014-12-01,9,10200.133333333335,14016.515,10200.133333333335
P17,Marina Sub-division,P038 - P17 Marina Sub-division.xlsx,53,Cut to Spoil,2014-12-01,9,1320.4158082037834,11469.48,1320.4158082037834
P17,Marina Sub-division,P038 - P17 Marina Sub-division.xlsx,54,Cut to Stockpile,2014-12-01,9,10548.387096774193,36701.549999999996,10548.387096774193
P17,Marina Sub-division,P038 - P17 Marina Sub-division.xlsx,57,Cut to Fill,2014-12-01,9,0.0,220.0,0.0
P17,Marina Sub-division,P038 - P17 Marina Sub-division.xlsx,59,"Trim unpaved areas - footpaths, batters, drains etc",2014-12-01,9,9925.714285714286,10847.274999999998,9925.714285714286
P17,Marina Sub-division,P038 - P17 Marina Sub-division.xlsx,61,Subgrade Preparation,2014-12-01,9,3690.222222222222,12355.114999999996,3690.222222222222
P17,Marina Sub-division,P038 - P17 Marina Sub-division.xlsx,62,Place & Compact Gravel,2014-12-01,9,9049.191457886775,23084.962499999998,9049.191457886775
P17,Marina Sub-division,P038 - P17 Marina Sub-division.xlsx,63,Trim All Layers,2014-12-01,9,8139.98954248366,21526.71000000001,8139.98954248366
P17,Marina Sub-division,P038 - P17 Marina Sub-division.xlsx,64,Sweep & Prime / Primer seal or Seal,2014-12-01,9,17548.125,6539.3899999999985,17548.125
P17,Marina Sub-division,P038 - P17 Marina Sub-division.xlsx,65,Asphalt,2014-12-01,9,39160.0,34465.659999999996,39160.0
P17,Marina Sub-division,P038 - P17 Marina Sub-division.xlsx,71,Place Kerb & Channel / Inverts,2014-12-01,9,16834.0,14450.204000000002,16834.0
P17,Marina Sub-division,P038 - P17 Marina Sub-division.xlsx,72,Form & Pour Headwalls,2014-12-01,9,1900.0,532.5,1900.0
P17,Marina Sub-division,P038 - P17 Marina Sub-division.xlsx,73,Form & Place Footpath,2014-12-01,9,24991.501999999997,37199.79750000001,24267.95734580111
P17,Marina Sub-division,P038 - P17 Marina Sub-division.xlsx,81,> 450,2014-12-01,9,18720.24,16600.83,18720.24
P17,Marina Sub-division,P038 - P17 Marina Sub-division.xlsx,82,525 > 750,2014-12-01,9,4730.88,10332.59,4730.88
P17,Marina Sub-division,P038 - P17 Marina Sub-division.xlsx,85,Install SW Pits & Chambers,2014-12-01,9,35388.0,6064.854999999999,0.0
P17,Marina Sub-division,P038 - P17 Marina Sub-division.xlsx,86,SW Sub-contractors,2014-12-01,9,6500.0,22752.36,6500.0
P17,Marina Sub-division,P038 - P17 Marina Sub-division.xlsx,87,Supply & Place Subsoil Drainage,2014-12-01,9,40568.43773687693,17562.979999999996,40568.43773687693
P17,Marina Sub-division,P038 - P17 Marina Sub-division.xlsx,901,Project Management,2014-12-01,9,61200.0,26338.875,47703.83031403773
P17,Marina Sub-division,P038 - P17 Marina Sub-division.xlsx,902,Project Supervision,2014-12-01,9,66320.0,95684.08000000002,56557.78819628411
P17,Marina Sub-division,P038 - P17 Marina Sub-division.xlsx,903,Project Facilities,2014-12-01,9,12800.0,11540.66,10781.208299088426
P17,Marina Sub-division,P038 - P17 Marina Sub-division.xlsx,904,"Project Insurance, Fees & Levies",2014-12-01,9,23700.0,9907.839999999998,23700.0
P17,Marina Sub-division,P038 - P17 Marina Sub-division.xlsx,905,Small Tools,2014-12-01,9,5000.0,3960.3700000000003,4000.0
P17,Marina Sub-division,P038 - P17 Marina Sub-division.xlsx,906,Miscellaneous Items - Project Contingency,2014-12-01,9,0.0,9703.155,0.0
P17,Marina Sub-division,P038 - P17 Marina Sub-division.xlsx,910,De-Establishment & Cleanup,2014-12-01,9,0.0,5430.584999999998,0.0
P17,Marina Sub-division,P038 - P17 Marina Sub-division.xlsx,913,Wet Weather (Labour),2014-12-01,9,0.0,3463.6000000000004,0.0
P17,Marina Sub-division,P038 - P17 Marina Sub-division.xlsx,914,Training,2014-12-01,9,0.0,207.49999999999997,0.0
P17,Marina Sub-division,P038 - P17 Marina Sub-division.xlsx,916,Site Administration,2014-12-01,9,28800.0,36402.109999999964,25799.607643253166
P17,Marina Sub-division,P038 - P17 Marina Sub-division.xlsx,95,Sewer Sub-contractors,2014-12-01,9,69867.9,85835.88,69867.9
P17,Marina Sub-division,P038 - P17 Marina Sub-division.xlsx,103,Water Sub-contractor,2015-01-01,10,107885.13,93624.379,107885.13
P17,Marina Sub-division,P038 - P17 Marina Sub-division.xlsx,11,Survey - Construction,2015-01-01,10,15945.0,8207.5,15945.0
P17,Marina Sub-division,P038 - P17 Marina Sub-division.xlsx,111,Install Conduits / pits / rag bolts,2015-01-01,10,34461.23547009936,55155.61050000002,32874.204889239525
P17,Marina Sub-division,P038 - P17 Marina Sub-division.xlsx,113,Electrical Sub-contract works,2015-01-01,10,101320.0,91396.68,16886.666666666664
P17,Marina Sub-division,P038 - P17 Marina Sub-division.xlsx,12,Survey - As Constructed,2015-01-01,10,7390.0,16551.0,5555.985401459854
P17,Marina Sub-division,P038 - P17 Marina Sub-division.xlsx,121,Landscaping Sub-contractors,2015-01-01,10,405473.27,326154.57720000006,393716.3597526347
P17,Marina Sub-division,P038 - P17 Marina Sub-division.xlsx,123,Supply & Installation of Street Furniture,2015-01-01,10,119853.08448225286,85945.70000000001,60947.129765085294
P17,Marina Sub-division,P038 - P17 Marina Sub-division.xlsx,13,QA Testing,2015-01-01,10,28731.0,9470.380000000001,27294.449999999997
P17,Marina Sub-division,P038 - P17 Marina Sub-division.xlsx,131,Fencing Sub-contractors,2015-01-01,10,21670.0,1355.5,2167.0
P17,Marina Sub-division,P038 - P17 Marina Sub-division.xlsx,132,Retaining Walls sub-contractors,2015-01-01,10,349020.0103011586,294803.58614999993,322205.58571792213
P17,Marina Sub-division,P038 - P17 Marina Sub-division.xlsx,135,Form & Pour Retaining Wall Footings,2015-01-01,10,54137.20538720539,62335.54000000005,54137.20538720539
P17,Marina Sub-division,P038 - P17 Marina Sub-division.xlsx,15,Service Locations,2015-01-01,10,1998.0,0.0,1998.0
P17,Marina Sub-division,P038 - P17 Marina Sub-division.xlsx,151,Supply & Place Silt fences & protective devices,2015-01-01,10,0.0,3567.8950000000004,0.0
P17,Marina Sub-division,P038 - P17 Marina Sub-division.xlsx,152,Supply & Install safety devices,2015-01-01,10,0.0,875.0,0.0
P17,Marina Sub-division,P038 - P17 Marina Sub-division.xlsx,222,Supply & Place Geo-fabric,2015-01-01,10,5804.952878946762,76.9,5804.952878946762
P17,Marina Sub-division,P038 - P17 Marina Sub-division.xlsx,41,Demolition works,2015-01-01,10,0.0,1682.9,0.0
P17,Marina Sub-division,P038 - P17 Marina Sub-division.xlsx,52,Stockpile to Fill,2015-01-01,10,10200.133333333335,14016.515,10200.133333333335
P17,Marina Sub-division,P038 - P17 Marina Sub-division.xlsx,53,Cut to Spoil,2015-01-01,10,1320.4158082037834,11469.48,1320.4158082037834
P17,Marina Sub-division,P038 - P17 Marina Sub-division.xlsx,54,Cut to Stockpile,2015-01-01,10,10548.387096774193,36701.549999999996,10548.387096774193
P17,Marina Sub-division,P038 - P17 Marina Sub-division.xlsx,57,Cut to Fill,2015-01-01,10,0.0,220.0,0.0
P17,Marina Sub-division,P038 - P17 Marina Sub-division.xlsx,59,"Trim unpaved areas - footpaths, batters, drains etc",2015-01-01,10,9925.714285714286,10847.274999999998,9925.714285714286
P17,Marina Sub-division,P038 - P17 Marina Sub-division.xlsx,61,Subgrade Preparation,2015-01-01,10,3690.222222222222,12355.114999999996,3690.222222222222
P17,Marina Sub-division,P038 - P17 Marina Sub-division.xlsx,62,Place & Compact Gravel,2015-01-01,10,9049.191457886775,23084.962499999998,9049.191457886775
P17,Marina Sub-division,P038 - P17 Marina Sub-division.xlsx,63,Trim All Layers,2015-01-01,10,8139.98954248366,21526.71000000001,8139.98954248366
P17,Marina Sub-division,P038 - P17 Marina Sub-division.xlsx,64,Sweep & Prime / Primer seal or Seal,2015-01-01,10,17548.125,6539.3899999999985,17548.125
P17,Marina Sub-division,P038 - P17 Marina Sub-division.xlsx,65,Asphalt,2015-01-01,10,39160.0,34904.45999999999,39160.0
P17,Marina Sub-division,P038 - P17 Marina Sub-division.xlsx,71,Place Kerb & Channel / Inverts,2015-01-01,10,16834.0,14639.324,16834.0
P17,Marina Sub-division,P038 - P17 Marina Sub-division.xlsx,72,Form & Pour Headwalls,2015-01-01,10,1900.0,532.5,1900.0
P17,Marina Sub-division,P038 - P17 Marina Sub-division.xlsx,73,Form & Place Footpath,2015-01-01,10,24991.501999999997,37199.79750000001,24267.95734580111
P17,Marina Sub-division,P038 - P17 Marina Sub-division.xlsx,81,> 450,2015-01-01,10,18720.24,16600.83,18720.24
P17,Marina Sub-division,P038 - P17 Marina Sub-division.xlsx,82,525 > 750,2015-01-01,10,4730.88,10332.59,4730.88
P17,Marina Sub-division,P038 - P17 Marina Sub-division.xlsx,85,Install SW Pits & Chambers,2015-01-01,10,35388.0,6064.854999999999,0.0
P17,Marina Sub-division,P038 - P17 Marina Sub-division.xlsx,86,SW Sub-contractors,2015-01-01,10,6500.0,22752.36,6500.0
P17,Marina Sub-division,P038 - P17 Marina Sub-division.xlsx,87,Supply & Place Subsoil Drainage,2015-01-01,10,40568.43773687693,17562.979999999996,40568.43773687693
P17,Marina Sub-division,P038 - P17 Marina Sub-division.xlsx,901,Project Management,2015-01-01,10,61200.0,26568.875,48657.90692031849
P17,Marina Sub-division,P038 - P17 Marina Sub-division.xlsx,902,Project Supervision,2015-01-01,10,66320.0,105844.81000000003,62705.37386979326
P17,Marina Sub-division,P038 - P17 Marina Sub-division.xlsx,903,Project Facilities,2015-01-01,10,12800.0,11979.7,11199.084589750768
P17,Marina Sub-division,P038 - P17 Marina Sub-division.xlsx,904,"Project Insurance, Fees & Levies",2015-01-01,10,23700.0,9907.839999999998,23700.0
P17,Marina Sub-division,P038 - P17 Marina Sub-division.xlsx,905,Small Tools,2015-01-01,10,5000.0,3960.3700000000003,4000.0
P17,Marina Sub-division,P038 - P17 Marina Sub-division.xlsx,906,Miscellaneous Items - Project Contingency,2015-01-01,10,0.0,13061.915,0.0
P17,Marina Sub-division,P038 - P17 Marina Sub-division.xlsx,910,De-Establishment & Cleanup,2015-01-01,10,0.0,6330.004999999998,0.0
P17,Marina Sub-division,P038 - P17 Marina Sub-division.xlsx,913,Wet Weather (Labour),2015-01-01,10,0.0,5482.789999999999,0.0
P17,Marina Sub-division,P038 - P17 Marina Sub-division.xlsx,914,Training,2015-01-01,10,0.0,207.49999999999997,0.0
P17,Marina Sub-division,P038 - P17 Marina Sub-division.xlsx,916,Site Administration,2015-01-01,10,28800.0,40268.26999999998,28541.857908380698
P17,Marina Sub-division,P038 - P17 Marina Sub-division.xlsx,95,Sewer Sub-contractors,2015-01-01,10,69867.9,85835.88,69867.9
P17,Marina Sub-division,P038 - P17 Marina Sub-division.xlsx,103,Water Sub-contractor,2015-02-01,11,107885.13,93624.379,107885.13
P17,Marina Sub-division,P038 - P17 Marina Sub-division.xlsx,11,Survey - Construction,2015-02-01,11,15945.0,8207.5,15945.0
P17,Marina Sub-division,P038 - P17 Marina Sub-division.xlsx,111,Install Conduits / pits / rag bolts,2015-02-01,11,34461.23547009936,55155.61050000002,32874.204889239525
P17,Marina Sub-division,P038 - P17 Marina Sub-division.xlsx,113,Electrical Sub-contract works,2015-02-01,11,101320.0,91396.68,16886.666666666664
P17,Marina Sub-division,P038 - P17 Marina Sub-division.xlsx,12,Survey - As Constructed,2015-02-01,11,7390.0,19943.5,6742.700729927007
P17,Marina Sub-division,P038 - P17 Marina Sub-division.xlsx,121,Landscaping Sub-contractors,2015-02-01,11,405473.27,326154.57720000006,405473.27
P17,Marina Sub-division,P038 - P17 Marina Sub-division.xlsx,123,Supply & Installation of Street Furniture,2015-02-01,11,119853.08448225286,92812.70000000001,65816.76187113412
P17,Marina Sub-division,P038 - P17 Marina Sub-division.xlsx,13,QA Testing,2015-02-01,11,28731.0,9470.380000000001,27294.449999999997
P17,Marina Sub-division,P038 - P17 Marina Sub-division.xlsx,131,Fencing Sub-contractors,2015-02-01,11,21670.0,18080.5,21670.0
P17,Marina Sub-division,P038 - P17 Marina Sub-division.xlsx,132,Retaining Walls sub-contractors,2015-02-01,11,349020.0103011586,295560.06614999997,322205.58571792213
P17,Marina Sub-division,P038 - P17 Marina Sub-division.xlsx,135,Form & Pour Retaining Wall Footings,2015-02-01,11,54137.20538720539,62335.54000000005,54137.20538720539
P17,Marina Sub-division,P038 - P17 Marina Sub-division.xlsx,15,Service Locations,2015-02-01,11,1998.0,0.0,1998.0
P17,Marina Sub-division,P038 - P17 Marina Sub-division.xlsx,151,Supply & Place Silt fences & protective devices,2015-02-01,11,0.0,3567.8950000000004,0.0
P17,Marina Sub-division,P038 - P17 Marina Sub-division.xlsx,152,Supply & Install safety devices,2015-02-01,11,0.0,875.0,0.0
P17,Marina Sub-division,P038 - P17 Marina Sub-division.xlsx,222,Supply & Place Geo-fabric,2015-02-01,11,5804.952878946762,76.9,5804.952878946762
P17,Marina Sub-division,P038 - P17 Marina Sub-division.xlsx,41,Demolition works,2015-02-01,11,0.0,1682.9,0.0
P17,Marina Sub-division,P038 - P17 Marina Sub-division.xlsx,52,Stockpile to Fill,2015-02-01,11,10200.133333333335,14016.515,10200.133333333335
P17,Marina Sub-division,P038 - P17 Marina Sub-division.xlsx,53,Cut to Spoil,2015-02-01,11,1320.4158082037834,11469.48,1320.4158082037834
P17,Marina Sub-division,P038 - P17 Marina Sub-division.xlsx,54,Cut to Stockpile,2015-02-01,11,10548.387096774193,36701.549999999996,10548.387096774193
P17,Marina Sub-division,P038 - P17 Marina Sub-division.xlsx,57,Cut to Fill,2015-02-01,11,0.0,220.0,0.0
P17,Marina Sub-division,P038 - P17 Marina Sub-division.xlsx,59,"Trim unpaved areas - footpaths, batters, drains etc",2015-02-01,11,9925.714285714286,10847.274999999998,9925.714285714286
P17,Marina Sub-division,P038 - P17 Marina Sub-division.xlsx,61,Subgrade Preparation,2015-02-01,11,3690.222222222222,12355.114999999996,3690.222222222222
P17,Marina Sub-division,P038 - P17 Marina Sub-division.xlsx,62,Place & Compact Gravel,2015-02-01,11,9049.191457886775,23084.962499999998,9049.191457886775
P17,Marina Sub-division,P038 - P17 Marina Sub-division.xlsx,63,Trim All Layers,2015-02-01,11,8139.98954248366,21526.71000000001,8139.98954248366
P17,Marina Sub-division,P038 - P17 Marina Sub-division.xlsx,64,Sweep & Prime / Primer seal or Seal,2015-02-01,11,17548.125,6539.3899999999985,17548.125
P17,Marina Sub-division,P038 - P17 Marina Sub-division.xlsx,65,Asphalt,2015-02-01,11,39160.0,34904.45999999999,39160.0
P17,Marina Sub-division,P038 - P17 Marina Sub-division.xlsx,71,Place Kerb & Channel / Inverts,2015-02-01,11,16834.0,14639.324,16834.0
P17,Marina Sub-division,P038 - P17 Marina Sub-division.xlsx,72,Form & Pour Headwalls,2015-02-01,11,1900.0,532.5,1900.0
P17,Marina Sub-division,P038 - P17 Marina Sub-division.xlsx,73,Form & Place Footpath,2015-02-01,11,24991.501999999997,37199.79750000001,24267.95734580111
P17,Marina Sub-division,P038 - P17 Marina Sub-division.xlsx,81,> 450,2015-02-01,11,18720.24,16600.83,18720.24
P17,Marina Sub-division,P038 - P17 Marina Sub-division.xlsx,82,525 > 750,2015-02-01,11,4730.88,10332.59,4730.88
P17,Marina Sub-division,P038 - P17 Marina Sub-division.xlsx,85,Install SW Pits & Chambers,2015-02-01,11,35388.0,6064.854999999999,0.0
P17,Marina Sub-division,P038 - P17 Marina Sub-division.xlsx,86,SW Sub-contractors,2015-02-01,11,6500.0,22752.36,6500.0
P17,Marina Sub-division,P038 - P17 Marina Sub-division.xlsx,87,Supply & Place Subsoil Drainage,2015-02-01,11,40568.43773687693,17562.979999999996,40568.43773687693
P17,Marina Sub-division,P038 - P17 Marina Sub-division.xlsx,901,Project Management,2015-02-01,11,61200.0,27212.875,49611.98352659925
P17,Marina Sub-division,P038 - P17 Marina Sub-division.xlsx,902,Project Supervision,2015-02-01,11,66320.0,107841.46000000004,63934.89100449508
P17,Marina Sub-division,P038 - P17 Marina Sub-division.xlsx,903,Project Facilities,2015-02-01,11,12800.0,11979.7,11199.084589750768
P17,Marina Sub-division,P038 - P17 Marina Sub-division.xlsx,904,"Project Insurance, Fees & Levies",2015-02-01,11,23700.0,9907.839999999998,23700.0
P17,Marina Sub-division,P038 - P17 Marina Sub-division.xlsx,905,Small Tools,2015-02-01,11,5000.0,3960.3700000000003,5000.0
P17,Marina Sub-division,P038 - P17 Marina Sub-division.xlsx,906,Miscellaneous Items - Project Contingency,2015-02-01,11,0.0,17165.168600000005,0.0
P17,Marina Sub-division,P038 - P17 Marina Sub-division.xlsx,910,De-Establishment & Cleanup,2015-02-01,11,0.0,6330.004999999998,0.0
P17,Marina Sub-division,P038 - P17 Marina Sub-division.xlsx,913,Wet Weather (Labour),2015-02-01,11,0.0,5482.789999999999,0.0
P17,Marina Sub-division,P038 - P17 Marina Sub-division.xlsx,914,Training,2015-02-01,11,0.0,207.49999999999997,0.0
P17,Marina Sub-division,P038 - P17 Marina Sub-division.xlsx,916,Site Administration,2015-02-01,11,28800.0,40631.389999999985,28797.03007945336
P17,Marina Sub-division,P038 - P17 Marina Sub-division.xlsx,95,Sewer Sub-contractors,2015-02-01,11,69867.9,85835.88,69867.9
P17,Marina Sub-division,P038 - P17 Marina Sub-division.xlsx,103,Water Sub-contractor,2015-03-01,12,107885.13,93624.379,107885.13
P17,Marina Sub-division,P038 - P17 Marina Sub-division.xlsx,11,Survey - Construction,2015-03-01,12,15945.0,8207.5,15945.0
P17,Marina Sub-division,P038 - P17 Marina Sub-division.xlsx,111,Install Conduits / pits / rag bolts,2015-03-01,12,34461.23547009936,56606.710500000016,34461.23547009936
P17,Marina Sub-division,P038 - P17 Marina Sub-division.xlsx,113,Electrical Sub-contract works,2015-03-01,12,101320.0,91396.68,101320.0
P17,Marina Sub-division,P038 - P17 Marina Sub-division.xlsx,12,Survey - As Constructed,2015-03-01,12,7390.0,21901.0,7390.0
P17,Marina Sub-division,P038 - P17 Marina Sub-division.xlsx,121,Landscaping Sub-contractors,2015-03-01,12,405473.27,343303.69,405473.27
P17,Marina Sub-division,P038 - P17 Marina Sub-division.xlsx,123,Supply & Installation of Street Furniture,2015-03-01,12,119853.08448225286,92812.70000000001,119853.08448225286
P17,Marina Sub-division,P038 - P17 Marina Sub-division.xlsx,13,QA Testing,2015-03-01,12,28731.0,9470.380000000001,28731.0
P17,Marina Sub-division,P038 - P17 Marina Sub-division.xlsx,131,Fencing Sub-contractors,2015-03-01,12,21670.0,18080.5,21670.0
P17,Marina Sub-division,P038 - P17 Marina Sub-division.xlsx,132,Retaining Walls sub-contractors,2015-03-01,12,349020.0103011586,322580.15615,349020.0103011586
P17,Marina Sub-division,P038 - P17 Marina Sub-division.xlsx,135,Form & Pour Retaining Wall Footings,2015-03-01,12,54137.20538720539,62335.54000000005,54137.20538720539
P17,Marina Sub-division,P038 - P17 Marina Sub-division.xlsx,15,Service Locations,2015-03-01,12,1998.0,0.0,1998.0
P17,Marina Sub-division,P038 - P17 Marina Sub-division.xlsx,151,Supply & Place Silt fences & protective devices,2015-03-01,12,0.0,3567.8950000000004,0.0
P17,Marina Sub-division,P038 - P17 Marina Sub-division.xlsx,152,Supply & Install safety devices,2015-03-01,12,0.0,875.0,0.0
P17,Marina Sub-division,P038 - P17 Marina Sub-division.xlsx,222,Supply & Place Geo-fabric,2015-03-01,12,5804.952878946762,76.9,5804.952878946762
P17,Marina Sub-division,P038 - P17 Marina Sub-division.xlsx,41,Demolition works,2015-03-01,12,0.0,1682.9,0.0
P17,Marina Sub-division,P038 - P17 Marina Sub-division.xlsx,52,Stockpile to Fill,2015-03-01,12,10200.133333333335,14016.515,10200.133333333335
P17,Marina Sub-division,P038 - P17 Marina Sub-division.xlsx,53,Cut to Spoil,2015-03-01,12,1320.4158082037834,11469.48,1320.4158082037834
P17,Marina Sub-division,P038 - P17 Marina Sub-division.xlsx,54,Cut to Stockpile,2015-03-01,12,10548.387096774193,36701.549999999996,10548.387096774193
P17,Marina Sub-division,P038 - P17 Marina Sub-division.xlsx,57,Cut to Fill,2015-03-01,12,0.0,220.0,0.0
P17,Marina Sub-division,P038 - P17 Marina Sub-division.xlsx,59,"Trim unpaved areas - footpaths, batters, drains etc",2015-03-01,12,9925.714285714286,10847.274999999998,9925.714285714286
P17,Marina Sub-division,P038 - P17 Marina Sub-division.xlsx,61,Subgrade Preparation,2015-03-01,12,3690.222222222222,12355.114999999996,3690.222222222222
P17,Marina Sub-division,P038 - P17 Marina Sub-division.xlsx,62,Place & Compact Gravel,2015-03-01,12,9049.191457886775,23084.962499999998,9049.191457886775
P17,Marina Sub-division,P038 - P17 Marina Sub-division.xlsx,63,Trim All Layers,2015-03-01,12,8139.98954248366,21526.71000000001,8139.98954248366
P17,Marina Sub-division,P038 - P17 Marina Sub-division.xlsx,64,Sweep & Prime / Primer seal or Seal,2015-03-01,12,17548.125,6539.3899999999985,17548.125
P17,Marina Sub-division,P038 - P17 Marina Sub-division.xlsx,65,Asphalt,2015-03-01,12,39160.0,34904.45999999999,39160.0
P17,Marina Sub-division,P038 - P17 Marina Sub-division.xlsx,71,Place Kerb & Channel / Inverts,2015-03-01,12,16834.0,14639.324,16834.0
P17,Marina Sub-division,P038 - P17 Marina Sub-division.xlsx,72,Form & Pour Headwalls,2015-03-01,12,1900.0,532.5,1900.0
P17,Marina Sub-division,P038 - P17 Marina Sub-division.xlsx,73,Form & Place Footpath,2015-03-01,12,24991.501999999997,38225.27750000001,24991.501999999997
P17,Marina Sub-division,P038 - P17 Marina Sub-division.xlsx,81,> 450,2015-03-01,12,18720.24,16600.83,18720.24
P17,Marina Sub-division,P038 - P17 Marina Sub-division.xlsx,82,525 > 750,2015-03-01,12,4730.88,10332.59,4730.88
P17,Marina Sub-division,P038 - P17 Marina Sub-division.xlsx,85,Install SW Pits & Chambers,2015-03-01,12,35388.0,6064.854999999999,35388.0
P17,Marina Sub-division,P038 - P17 Marina Sub-division.xlsx,86,SW Sub-contractors,2015-03-01,12,6500.0,22752.36,6500.0
P17,Marina Sub-division,P038 - P17 Marina Sub-division.xlsx,87,Supply & Place Subsoil Drainage,2015-03-01,12,40568.43773687693,17562.979999999996,40568.43773687693
P17,Marina Sub-division,P038 - P17 Marina Sub-division.xlsx,901,Project Management,2015-03-01,12,61200.0,27971.875,61200.0
P17,Marina Sub-division,P038 - P17 Marina Sub-division.xlsx,902,Project Supervision,2015-03-01,12,66320.0,109483.15000000004,66320.0
P17,Marina Sub-division,P038 - P17 Marina Sub-division.xlsx,903,Project Facilities,2015-03-01,12,12800.0,11979.7,12800.0
P17,Marina Sub-division,P038 - P17 Marina Sub-division.xlsx,904,"Project Insurance, Fees & Levies",2015-03-01,12,23700.0,9907.839999999998,23700.0
P17,Marina Sub-division,P038 - P17 Marina Sub-division.xlsx,905,Small Tools,2015-03-01,12,5000.0,3960.3700000000003,5000.0
P17,Marina Sub-division,P038 - P17 Marina Sub-division.xlsx,906,Miscellaneous Items - Project Contingency,2015-03-01,12,0.0,19871.011400000003,0.0
P17,Marina Sub-division,P038 - P17 Marina Sub-division.xlsx,910,De-Establishment & Cleanup,2015-03-01,12,0.0,7301.654999999999,0.0
P17,Marina Sub-division,P038 - P17 Marina Sub-division.xlsx,913,Wet Weather (Labour),2015-03-01,12,0.0,5482.789999999999,0.0
P17,Marina Sub-division,P038 - P17 Marina Sub-division.xlsx,914,Training,2015-03-01,12,0.0,207.49999999999997,0.0
P17,Marina Sub-division,P038 - P17 Marina Sub-division.xlsx,916,Site Administration,2015-03-01,12,28800.0,40631.389999999985,28800.0
P17,Marina Sub-division,P038 - P17 Marina Sub-division.xlsx,95,Sewer Sub-contractors,2015-03-01,12,69867.9,85835.88,69867.9
P17,Marina Sub-division,P038 - P17 Marina Sub-division.xlsx,103,Water Sub-contractor,2015-04-01,13,107885.13,93624.379,107885.13
P17,Marina Sub-division,P038 - P17 Marina Sub-division.xlsx,11,Survey - Construction,2015-04-01,13,15945.0,8207.5,15945.0
P17,Marina Sub-division,P038 - P17 Marina Sub-division.xlsx,111,Install Conduits / pits / rag bolts,2015-04-01,13,34461.23547009936,56606.710500000016,34461.23547009936
P17,Marina Sub-division,P038 - P17 Marina Sub-division.xlsx,113,Electrical Sub-contract works,2015-04-01,13,101320.0,91396.68,101320.0
P17,Marina Sub-division,P038 - P17 Marina Sub-division.xlsx,12,Survey - As Constructed,2015-04-01,13,7390.0,21901.0,7390.0
P17,Marina Sub-division,P038 - P17 Marina Sub-division.xlsx,121,Landscaping Sub-contractors,2015-04-01,13,405473.27,343303.69,405473.27
P17,Marina Sub-division,P038 - P17 Marina Sub-division.xlsx,123,Supply & Installation of Street Furniture,2015-04-01,13,119853.08448225286,109537.70000000001,119853.08448225286
P17,Marina Sub-division,P038 - P17 Marina Sub-division.xlsx,13,QA Testing,2015-04-01,13,28731.0,9470.380000000001,28731.0
P17,Marina Sub-division,P038 - P17 Marina Sub-division.xlsx,131,Fencing Sub-contractors,2015-04-01,13,21670.0,18080.5,21670.0
P17,Marina Sub-division,P038 - P17 Marina Sub-division.xlsx,132,Retaining Walls sub-contractors,2015-04-01,13,349020.0103011586,322580.15615,349020.0103011586
P17,Marina Sub-division,P038 - P17 Marina Sub-division.xlsx,135,Form & Pour Retaining Wall Footings,2015-04-01,13,54137.20538720539,62335.54000000005,54137.20538720539
P17,Marina Sub-division,P038 - P17 Marina Sub-division.xlsx,15,Service Locations,2015-04-01,13,1998.0,0.0,1998.0
P17,Marina Sub-division,P038 - P17 Marina Sub-division.xlsx,151,Supply & Place Silt fences & protective devices,2015-04-01,13,0.0,3567.8950000000004,0.0
P17,Marina Sub-division,P038 - P17 Marina Sub-division.xlsx,152,Supply & Install safety devices,2015-04-01,13,0.0,875.0,0.0
P17,Marina Sub-division,P038 - P17 Marina Sub-division.xlsx,222,Supply & Place Geo-fabric,2015-04-01,13,5804.952878946762,76.9,5804.952878946762
P17,Marina Sub-division,P038 - P17 Marina Sub-division.xlsx,41,Demolition works,2015-04-01,13,0.0,1682.9,0.0
P17,Marina Sub-division,P038 - P17 Marina Sub-division.xlsx,52,Stockpile to Fill,2015-04-01,13,10200.133333333335,14016.515,10200.133333333335
P17,Marina Sub-division,P038 - P17 Marina Sub-division.xlsx,53,Cut to Spoil,2015-04-01,13,1320.4158082037834,11469.48,1320.4158082037834
P17,Marina Sub-division,P038 - P17 Marina Sub-division.xlsx,54,Cut to Stockpile,2015-04-01,13,10548.387096774193,36701.549999999996,10548.387096774193
P17,Marina Sub-division,P038 - P17 Marina Sub-division.xlsx,57,Cut to Fill,2015-04-01,13,0.0,220.0,0.0
P17,Marina Sub-division,P038 - P17 Marina Sub-division.xlsx,59,"Trim unpaved areas - footpaths, batters, drains etc",2015-04-01,13,9925.714285714286,10847.274999999998,9925.714285714286
P17,Marina Sub-division,P038 - P17 Marina Sub-division.xlsx,61,Subgrade Preparation,2015-04-01,13,3690.222222222222,12355.114999999996,3690.222222222222
P17,Marina Sub-division,P038 - P17 Marina Sub-division.xlsx,62,Place & Compact Gravel,2015-04-01,13,9049.191457886775,23084.962499999998,9049.191457886775
P17,Marina Sub-division,P038 - P17 Marina Sub-division.xlsx,63,Trim All Layers,2015-04-01,13,8139.98954248366,21526.71000000001,8139.98954248366
P17,Marina Sub-division,P038 - P17 Marina Sub-division.xlsx,64,Sweep & Prime / Primer seal or Seal,2015-04-01,13,17548.125,6539.3899999999985,17548.125
P17,Marina Sub-division,P038 - P17 Marina Sub-division.xlsx,65,Asphalt,2015-04-01,13,39160.0,34904.45999999999,39160.0
P17,Marina Sub-division,P038 - P17 Marina Sub-division.xlsx,71,Place Kerb & Channel / Inverts,2015-04-01,13,16834.0,14639.324,16834.0
P17,Marina Sub-division,P038 - P17 Marina Sub-division.xlsx,72,Form & Pour Headwalls,2015-04-01,13,1900.0,532.5,1900.0
P17,Marina Sub-division,P038 - P17 Marina Sub-division.xlsx,73,Form & Place Footpath,2015-04-01,13,24991.501999999997,38225.27750000001,24991.501999999997
P17,Marina Sub-division,P038 - P17 Marina Sub-division.xlsx,81,> 450,2015-04-01,13,18720.24,16600.83,18720.24
P17,Marina Sub-division,P038 - P17 Marina Sub-division.xlsx,82,525 > 750,2015-04-01,13,4730.88,10332.59,4730.88
P17,Marina Sub-division,P038 - P17 Marina Sub-division.xlsx,85,Install SW Pits & Chambers,2015-04-01,13,35388.0,6064.854999999999,35388.0
P17,Marina Sub-division,P038 - P17 Marina Sub-division.xlsx,86,SW Sub-contractors,2015-04-01,13,6500.0,22752.36,6500.0
P17,Marina Sub-division,P038 - P17 Marina Sub-division.xlsx,87,Supply & Place Subsoil Drainage,2015-04-01,13,40568.43773687693,17562.979999999996,40568.43773687693
P17,Marina Sub-division,P038 - P17 Marina Sub-division.xlsx,901,Project Management,2015-04-01,13,61200.0,27971.875,61200.0
P17,Marina Sub-division,P038 - P17 Marina Sub-division.xlsx,902,Project Supervision,2015-04-01,13,66320.0,109483.15000000004,66320.0
P17,Marina Sub-division,P038 - P17 Marina Sub-division.xlsx,903,Project Facilities,2015-04-01,13,12800.0,12252.43,12800.0
P17,Marina Sub-division,P038 - P17 Marina Sub-division.xlsx,904,"Project Insurance, Fees & Levies",2015-04-01,13,23700.0,9907.839999999998,23700.0
P17,Marina Sub-division,P038 - P17 Marina Sub-division.xlsx,905,Small Tools,2015-04-01,13,5000.0,3960.3700000000003,5000.0
P17,Marina Sub-division,P038 - P17 Marina Sub-division.xlsx,906,Miscellaneous Items - Project Contingency,2015-04-01,13,0.0,22192.616200000004,0.0
P17,Marina Sub-division,P038 - P17 Marina Sub-division.xlsx,910,De-Establishment & Cleanup,2015-04-01,13,0.0,8179.134999999998,0.0
P17,Marina Sub-division,P038 - P17 Marina Sub-division.xlsx,913,Wet Weather (Labour),2015-04-01,13,0.0,5482.789999999999,0.0
P17,Marina Sub-division,P038 - P17 Marina Sub-division.xlsx,914,Training,2015-04-01,13,0.0,207.49999999999997,0.0
P17,Marina Sub-division,P038 - P17 Marina Sub-division.xlsx,916,Site Administration,2015-04-01,13,28800.0,40631.389999999985,28800.0
P17,Marina Sub-division,P038 - P17 Marina Sub-division.xlsx,95,Sewer Sub-contractors,2015-04-01,13,69867.9,85835.88,69867.9
P17,Marina Sub-division,P038 - P17 Marina Sub-division.xlsx,103,Water Sub-contractor,2015-05-01,14,107885.13,93624.379,107885.13
P17,Marina Sub-division,P038 - P17 Marina Sub-division.xlsx,11,Survey - Construction,2015-05-01,14,15945.0,8207.5,15945.0
P17,Marina Sub-division,P038 - P17 Marina Sub-division.xlsx,111,Install Conduits / pits / rag bolts,2015-05-01,14,34461.23547009936,57698.310500000014,34461.23547009936
P17,Marina Sub-division,P038 - P17 Marina Sub-division.xlsx,113,Electrical Sub-contract works,2015-05-01,14,101320.0,91724.15999999999,101320.0
P17,Marina Sub-division,P038 - P17 Marina Sub-division.xlsx,12,Survey - As Constructed,2015-05-01,14,7390.0,21901.0,7390.0
P17,Marina Sub-division,P038 - P17 Marina Sub-division.xlsx,121,Landscaping Sub-contractors,2015-05-01,14,405473.27,343303.69,405473.27
P17,Marina Sub-division,P038 - P17 Marina Sub-division.xlsx,123,Supply & Installation of Street Furniture,2015-05-01,14,119853.08448225286,109537.70000000001,119853.08448225286
P17,Marina Sub-division,P038 - P17 Marina Sub-division.xlsx,13,QA Testing,2015-05-01,14,28731.0,9470.380000000001,28731.0
P17,Marina Sub-division,P038 - P17 Marina Sub-division.xlsx,131,Fencing Sub-contractors,2015-05-01,14,21670.0,18080.5,21670.0
P17,Marina Sub-division,P038 - P17 Marina Sub-division.xlsx,132,Retaining Walls sub-contractors,2015-05-01,14,349020.0103011586,322580.15615,349020.0103011586
P17,Marina Sub-division,P038 - P17 Marina Sub-division.xlsx,135,Form & Pour Retaining Wall Footings,2015-05-01,14,54137.20538720539,62335.54000000005,54137.20538720539
P17,Marina Sub-division,P038 - P17 Marina Sub-division.xlsx,15,Service Locations,2015-05-01,14,1998.0,0.0,1998.0
P17,Marina Sub-division,P038 - P17 Marina Sub-division.xlsx,151,Supply & Place Silt fences & protective devices,2015-05-01,14,0.0,3567.8950000000004,0.0
P17,Marina Sub-division,P038 - P17 Marina Sub-division.xlsx,152,Supply & Install safety devices,2015-05-01,14,0.0,875.0,0.0
P17,Marina Sub-division,P038 - P17 Marina Sub-division.xlsx,222,Supply & Place Geo-fabric,2015-05-01,14,5804.952878946762,76.9,5804.952878946762
P17,Marina Sub-division,P038 - P17 Marina Sub-division.xlsx,41,Demolition works,2015-05-01,14,0.0,1682.9,0.0
P17,Marina Sub-division,P038 - P17 Marina Sub-division.xlsx,52,Stockpile to Fill,2015-05-01,14,10200.133333333335,14016.515,10200.133333333335
P17,Marina Sub-division,P038 - P17 Marina Sub-division.xlsx,53,Cut to Spoil,2015-05-01,14,1320.4158082037834,11469.48,1320.4158082037834
P17,Marina Sub-division,P038 - P17 Marina Sub-division.xlsx,54,Cut to Stockpile,2015-05-01,14,10548.387096774193,36701.549999999996,10548.387096774193
P17,Marina Sub-division,P038 - P17 Marina Sub-division.xlsx,57,Cut to Fill,2015-05-01,14,0.0,220.0,0.0
P17,Marina Sub-division,P038 - P17 Marina Sub-division.xlsx,59,"Trim unpaved areas - footpaths, batters, drains etc",2015-05-01,14,9925.714285714286,10847.274999999998,9925.714285714286
P17,Marina Sub-division,P038 - P17 Marina Sub-division.xlsx,61,Subgrade Preparation,2015-05-01,14,3690.222222222222,12355.114999999996,3690.222222222222
P17,Marina Sub-division,P038 - P17 Marina Sub-division.xlsx,62,Place & Compact Gravel,2015-05-01,14,9049.191457886775,23084.962499999998,9049.191457886775
P17,Marina Sub-division,P038 - P17 Marina Sub-division.xlsx,63,Trim All Layers,2015-05-01,14,8139.98954248366,21526.71000000001,8139.98954248366
P17,Marina Sub-division,P038 - P17 Marina Sub-division.xlsx,64,Sweep & Prime / Primer seal or Seal,2015-05-01,14,17548.125,6539.3899999999985,17548.125
P17,Marina Sub-division,P038 - P17 Marina Sub-division.xlsx,65,Asphalt,2015-05-01,14,39160.0,34904.45999999999,39160.0
P17,Marina Sub-division,P038 - P17 Marina Sub-division.xlsx,71,Place Kerb & Channel / Inverts,2015-05-01,14,16834.0,14639.324,16834.0
P17,Marina Sub-division,P038 - P17 Marina Sub-division.xlsx,72,Form & Pour Headwalls,2015-05-01,14,1900.0,532.5,1900.0
P17,Marina Sub-division,P038 - P17 Marina Sub-division.xlsx,73,Form & Place Footpath,2015-05-01,14,24991.501999999997,38225.27750000001,24991.501999999997
P17,Marina Sub-division,P038 - P17 Marina Sub-division.xlsx,81,> 450,2015-05-01,14,18720.24,16600.83,18720.24
P17,Marina Sub-division,P038 - P17 Marina Sub-division.xlsx,82,525 > 750,2015-05-01,14,4730.88,10332.59,4730.88
P17,Marina Sub-division,P038 - P17 Marina Sub-division.xlsx,85,Install SW Pits & Chambers,2015-05-01,14,35388.0,6064.854999999999,35388.0
P17,Marina Sub-division,P038 - P17 Marina Sub-division.xlsx,86,SW Sub-contractors,2015-05-01,14,6500.0,22752.36,6500.0
P17,Marina Sub-division,P038 - P17 Marina Sub-division.xlsx,87,Supply & Place Subsoil Drainage,2015-05-01,14,40568.43773687693,17562.979999999996,40568.43773687693
P17,Marina Sub-division,P038 - P17 Marina Sub-division.xlsx,901,Project Management,2015-05-01,14,61200.0,28040.875,61200.0
P17,Marina Sub-division,P038 - P17 Marina Sub-division.xlsx,902,Project Supervision,2015-05-01,14,66320.0,111790.39000000004,66320.0
P17,Marina Sub-division,P038 - P17 Marina Sub-division.xlsx,903,Project Facilities,2015-05-01,14,12800.0,12252.43,12800.0
P17,Marina Sub-division,P038 - P17 Marina Sub-division.xlsx,904,"Project Insurance, Fees & Levies",2015-05-01,14,23700.0,9907.839999999998,23700.0
P17,Marina Sub-division,P038 - P17 Marina Sub-division.xlsx,905,Small Tools,2015-05-01,14,5000.0,3960.3700000000003,5000.0
P17,Marina Sub-division,P038 - P17 Marina Sub-division.xlsx,906,Miscellaneous Items - Project Contingency,2015-05-01,14,0.0,24005.002200000003,0.0
P17,Marina Sub-division,P038 - P17 Marina Sub-division.xlsx,910,De-Establishment & Cleanup,2015-05-01,14,0.0,8179.134999999998,0.0
P17,Marina Sub-division,P038 - P17 Marina Sub-division.xlsx,913,Wet Weather (Labour),2015-05-01,14,0.0,5482.789999999999,0.0
P17,Marina Sub-division,P038 - P17 Marina Sub-division.xlsx,914,Training,2015-05-01,14,0.0,207.49999999999997,0.0
P17,Marina Sub-division,P038 - P17 Marina Sub-division.xlsx,916,Site Administration,2015-05-01,14,28800.0,40631.389999999985,28800.0
P17,Marina Sub-division,P038 - P17 Marina Sub-division.xlsx,95,Sewer Sub-contractors,2015-05-01,14,69867.9,85835.88,69867.9
P18,Rural Road Repairs,P039 - P18 Rural Road Repairs.xlsx,11,Survey - Construction,2014-09-01,1,0.0,0.0,0.0
P18,Rural Road Repairs,P039 - P18 Rural Road Repairs.xlsx,13,QA Testing,2014-09-01,1,0.0,0.0,0.0
P18,Rural Road Repairs,P039 - P18 Rural Road Repairs.xlsx,141,Traffic Controllers,2014-09-01,1,3840.1397871163854,4305.04,3978.9635777911626
P18,Rural Road Repairs,P039 - P18 Rural Road Repairs.xlsx,151,Supply & Place Silt fences & protective devices,2014-09-01,1,2960.0,969.3599999999999,2960.0
P18,Rural Road Repairs,P039 - P18 Rural Road Repairs.xlsx,16,GPS Hire,2014-09-01,1,0.0,0.0,0.0
P18,Rural Road Repairs,P039 - P18 Rural Road Repairs.xlsx,221,Place Protection Rock,2014-09-01,1,0.0,0.0,0.0
P18,Rural Road Repairs,P039 - P18 Rural Road Repairs.xlsx,222,Supply & Place Geofabrics,2014-09-01,1,0.0,5312.5,0.0
P18,Rural Road Repairs,P039 - P18 Rural Road Repairs.xlsx,41,Demolition,2014-09-01,1,7626.226350946799,0.0,0.0
P18,Rural Road Repairs,P039 - P18 Rural Road Repairs.xlsx,53,Cut to Spoil,2014-09-01,1,19426.824521451243,27908.579999999998,17542.42254287047
P18,Rural Road Repairs,P039 - P18 Rural Road Repairs.xlsx,57,Remove & Replace unsuitable,2014-09-01,1,0.0,0.0,0.0
P18,Rural Road Repairs,P039 - P18 Rural Road Repairs.xlsx,61,Subgrade Preparation,2014-09-01,1,0.0,0.0,0.0
P18,Rural Road Repairs,P039 - P18 Rural Road Repairs.xlsx,613,Deliver Road Base Gravel,2014-09-01,1,13776.461435811103,8111.045000000001,13363.167592736769
P18,Rural Road Repairs,P039 - P18 Rural Road Repairs.xlsx,62,Place & Compact Gravel (CBR80),2014-09-01,1,18292.8452286198,0.0,0.0
P18,Rural Road Repairs,P039 - P18 Rural Road Repairs.xlsx,63,Trim All Layers,2014-09-01,1,0.0,0.0,0.0
P18,Rural Road Repairs,P039 - P18 Rural Road Repairs.xlsx,64,Sweep & Prime / Primer seal or Seal,2014-09-01,1,0.0,0.0,0.0
P18,Rural Road Repairs,P039 - P18 Rural Road Repairs.xlsx,65,Asphalt (Cold MIx),2014-09-01,1,0.0,0.0,0.0
P18,Rural Road Repairs,P039 - P18 Rural Road Repairs.xlsx,67,Line Marking & Signs,2014-09-01,1,0.0,0.0,0.0
P18,Rural Road Repairs,P039 - P18 Rural Road Repairs.xlsx,72,525 > 750,2014-09-01,1,0.0,0.0,0.0
P18,Rural Road Repairs,P039 - P18 Rural Road Repairs.xlsx,81,SW >450,2014-09-01,1,0.0,0.0,0.0
P18,Rural Road Repairs,P039 - P18 Rural Road Repairs.xlsx,82,SW<525,2014-09-01,1,0.0,0.0,0.0
P18,Rural Road Repairs,P039 - P18 Rural Road Repairs.xlsx,88,Clean & Trim Table Drains,2014-09-01,1,0.0,0.0,0.0
P18,Rural Road Repairs,P039 - P18 Rural Road Repairs.xlsx,901,Project Management,2014-09-01,1,6857.142857142857,21821.88,9000.0
P18,Rural Road Repairs,P039 - P18 Rural Road Repairs.xlsx,902,Project Supervision,2014-09-01,1,4521.818181818182,3366.0,2664.6428571428573
P18,Rural Road Repairs,P039 - P18 Rural Road Repairs.xlsx,903,Project Facilities,2014-09-01,1,0.0,9804.259999999998,681.0416666666666
P18,Rural Road Repairs,P039 - P18 Rural Road Repairs.xlsx,904,"Project Insurance, Fees & Levies",2014-09-01,1,9375.0,7581.75,11250.0
P18,Rural Road Repairs,P039 - P18 Rural Road Repairs.xlsx,905,Small Tools,2014-09-01,1,500.0,881.26,500.0
P18,Rural Road Repairs,P039 - P18 Rural Road Repairs.xlsx,907,Site Establishment,2014-09-01,1,8577.0,28767.094999999994,8577.0
P18,Rural Road Repairs,P039 - P18 Rural Road Repairs.xlsx,910,De-Establishment & Cleanup,2014-09-01,1,0.0,0.0,0.0
P18,Rural Road Repairs,P039 - P18 Rural Road Repairs.xlsx,911,Accommodation,2014-09-01,1,5605.0,12235.969999999998,18496.500000000004
P18,Rural Road Repairs,P039 - P18 Rural Road Repairs.xlsx,916,Site Administration,2014-09-01,1,2880.0,5061.125000000001,2477.5280898876404
P18,Rural Road Repairs,P039 - P18 Rural Road Repairs.xlsx,11,Survey - Construction,2014-10-01,2,18503.055555555555,20034.6,18166.636363636364
P18,Rural Road Repairs,P039 - P18 Rural Road Repairs.xlsx,13,QA Testing,2014-10-01,2,0.0,2430.0,0.0
P18,Rural Road Repairs,P039 - P18 Rural Road Repairs.xlsx,141,Traffic Controllers,2014-10-01,2,23280.847459393084,18893.749999999996,23077.988751188746
P18,Rural Road Repairs,P039 - P18 Rural Road Repairs.xlsx,151,Supply & Place Silt fences & protective devices,2014-10-01,2,7400.0,1407.9599999999998,6660.0
P18,Rural Road Repairs,P039 - P18 Rural Road Repairs.xlsx,16,GPS Hire,2014-10-01,2,1000.0,900.0,555.5555555555555
P18,Rural Road Repairs,P039 - P18 Rural Road Repairs.xlsx,221,Place Protection Rock,2014-10-01,2,0.0,0.0,0.0
P18,Rural Road Repairs,P039 - P18 Rural Road Repairs.xlsx,222,Supply & Place Geofabrics,2014-10-01,2,0.0,5312.5,0.0
P18,Rural Road Repairs,P039 - P18 Rural Road Repairs.xlsx,41,Demolition,2014-10-01,2,7626.226350946799,0.0,0.0
P18,Rural Road Repairs,P039 - P18 Rural Road Repairs.xlsx,53,Cut to Spoil,2014-10-01,2,78367.8101195343,124092.31999999992,72792.3114818778
P18,Rural Road Repairs,P039 - P18 Rural Road Repairs.xlsx,57,Remove & Replace unsuitable,2014-10-01,2,2330.4244249499216,521.85,2330.4244249499216
P18,Rural Road Repairs,P039 - P18 Rural Road Repairs.xlsx,61,Subgrade Preparation,2014-10-01,2,77656.56880930725,2508.2999999999997,88010.77798388156
P18,Rural Road Repairs,P039 - P18 Rural Road Repairs.xlsx,613,Deliver Road Base Gravel,2014-10-01,2,100192.44680589893,59559.59000000001,98151.02570222874
P18,Rural Road Repairs,P039 - P18 Rural Road Repairs.xlsx,62,Place & Compact Gravel (CBR80),2014-10-01,2,112251.5502665306,16948.92,51928.18849241226
P18,Rural Road Repairs,P039 - P18 Rural Road Repairs.xlsx,63,Trim All Layers,2014-10-01,2,0.0,0.0,0.0
P18,Rural Road Repairs,P039 - P18 Rural Road Repairs.xlsx,64,Sweep & Prime / Primer seal or Seal,2014-10-01,2,0.0,0.0,0.0
P18,Rural Road Repairs,P039 - P18 Rural Road Repairs.xlsx,65,Asphalt (Cold MIx),2014-10-01,2,0.0,0.0,0.0
P18,Rural Road Repairs,P039 - P18 Rural Road Repairs.xlsx,67,Line Marking & Signs,2014-10-01,2,609.4,448.42,609.4
P18,Rural Road Repairs,P039 - P18 Rural Road Repairs.xlsx,72,525 > 750,2014-10-01,2,0.0,0.0,0.0
P18,Rural Road Repairs,P039 - P18 Rural Road Repairs.xlsx,81,SW >450,2014-10-01,2,4246.938530734633,0.0,0.0
P18,Rural Road Repairs,P039 - P18 Rural Road Repairs.xlsx,82,SW<525,2014-10-01,2,8332.28570233335,0.0,0.0
P18,Rural Road Repairs,P039 - P18 Rural Road Repairs.xlsx,88,Clean & Trim Table Drains,2014-10-01,2,0.0,0.0,0.0
P18,Rural Road Repairs,P039 - P18 Rural Road Repairs.xlsx,901,Project Management,2014-10-01,2,20571.428571428572,37971.880000000005,15000.0
P18,Rural Road Repairs,P039 - P18 Rural Road Repairs.xlsx,902,Project Supervision,2014-10-01,2,13565.454545454546,18013.5,14211.428571428572
P18,Rural Road Repairs,P039 - P18 Rural Road Repairs.xlsx,903,Project Facilities,2014-10-01,2,3269.0,11488.219999999998,3405.2083333333335
P18,Rural Road Repairs,P039 - P18 Rural Road Repairs.xlsx,904,"Project Insurance, Fees & Levies",2014-10-01,2,9375.0,9309.02,14062.5
P18,Rural Road Repairs,P039 - P18 Rural Road Repairs.xlsx,905,Small Tools,2014-10-01,2,1500.0,1574.1799999999998,1500.0
P18,Rural Road Repairs,P039 - P18 Rural Road Repairs.xlsx,907,Site Establishment,2014-10-01,2,8577.0,29388.904999999995,8577.0
P18,Rural Road Repairs,P039 - P18 Rural Road Repairs.xlsx,910,De-Establishment & Cleanup,2014-10-01,2,0.0,0.0,0.0
P18,Rural Road Repairs,P039 - P18 Rural Road Repairs.xlsx,911,Accommodation,2014-10-01,2,16815.0,18465.17,28025.0
P18,Rural Road Repairs,P039 - P18 Rural Road Repairs.xlsx,916,Site Administration,2014-10-01,2,8640.0,21148.613999999998,10405.61797752809
P18,Rural Road Repairs,P039 - P18 Rural Road Repairs.xlsx,11,Survey - Construction,2014-11-01,3,18503.055555555555,20034.6,18166.636363636364
P18,Rural Road Repairs,P039 - P18 Rural Road Repairs.xlsx,13,QA Testing,2014-11-01,3,0.0,4239.0,0.0
P18,Rural Road Repairs,P039 - P18 Rural Road Repairs.xlsx,141,Traffic Controllers,2014-11-01,3,58802.140490219645,43252.38,58570.34386508591
P18,Rural Road Repairs,P039 - P18 Rural Road Repairs.xlsx,151,Supply & Place Silt fences & protective devices,2014-11-01,3,11840.0,1407.9599999999998,9620.0
P18,Rural Road Repairs,P039 - P18 Rural Road Repairs.xlsx,16,GPS Hire,2014-11-01,3,5000.0,4488.0,2777.777777777778
P18,Rural Road Repairs,P039 - P18 Rural Road Repairs.xlsx,221,Place Protection Rock,2014-11-01,3,0.0,0.0,0.0
P18,Rural Road Repairs,P039 - P18 Rural Road Repairs.xlsx,222,Supply & Place Geofabrics,2014-11-01,3,16661.37139735009,22060.234999999997,16497.45952738697
P18,Rural Road Repairs,P039 - P18 Rural Road Repairs.xlsx,41,Demolition,2014-11-01,3,7626.226350946799,0.0,0.0
P18,Rural Road Repairs,P039 - P18 Rural Road Repairs.xlsx,53,Cut to Spoil,2014-11-01,3,186788.9177737537,215681.595,172005.1043129293
P18,Rural Road Repairs,P039 - P18 Rural Road Repairs.xlsx,57,Remove & Replace unsuitable,2014-11-01,3,110695.16018512128,23166.375000000007,110558.07639541835
P18,Rural Road Repairs,P039 - P18 Rural Road Repairs.xlsx,61,Subgrade Preparation,2014-11-01,3,131922.97909325117,3236.39,121661.95780124803
P18,Rural Road Repairs,P039 - P18 Rural Road Repairs.xlsx,613,Deliver Road Base Gravel,2014-11-01,3,231695.03323864128,141701.38000000003,233511.02133699818
P18,Rural Road Repairs,P039 - P18 Rural Road Repairs.xlsx,62,Place & Compact Gravel (CBR80),2014-11-01,3,249447.8894811791,57164.45499999999,186941.47857268414
P18,Rural Road Repairs,P039 - P18 Rural Road Repairs.xlsx,63,Trim All Layers,2014-11-01,3,32647.443313343025,3857.2,32647.44331334303
P18,Rural Road Repairs,P039 - P18 Rural Road Repairs.xlsx,64,Sweep & Prime / Primer seal or Seal,2014-11-01,3,197141.62729619665,144776.32,196491.79008029436
P18,Rural Road Repairs,P039 - P18 Rural Road Repairs.xlsx,65,Asphalt (Cold MIx),2014-11-01,3,0.0,0.0,0.0
P18,Rural Road Repairs,P039 - P18 Rural Road Repairs.xlsx,67,Line Marking & Signs,2014-11-01,3,1218.8,681.96,1218.8
P18,Rural Road Repairs,P039 - P18 Rural Road Repairs.xlsx,72,525 > 750,2014-11-01,3,0.0,0.0,0.0
P18,Rural Road Repairs,P039 - P18 Rural Road Repairs.xlsx,81,SW >450,2014-11-01,3,4246.938530734633,0.0,0.0
P18,Rural Road Repairs,P039 - P18 Rural Road Repairs.xlsx,82,SW<525,2014-11-01,3,8332.28570233335,0.0,0.0
P18,Rural Road Repairs,P039 - P18 Rural Road Repairs.xlsx,88,Clean & Trim Table Drains,2014-11-01,3,24639.09923537234,3205.11,15162.52260638298
P18,Rural Road Repairs,P039 - P18 Rural Road Repairs.xlsx,901,Project Management,2014-11-01,3,27428.571428571428,63096.880000000005,24000.0
P18,Rural Road Repairs,P039 - P18 Rural Road Repairs.xlsx,902,Project Supervision,2014-11-01,3,22609.09090909091,34605.0,26646.42857142857
P18,Rural Road Repairs,P039 - P18 Rural Road Repairs.xlsx,903,Project Facilities,2014-11-01,3,6538.0,13821.769999999997,6129.375
P18,Rural Road Repairs,P039 - P18 Rural Road Repairs.xlsx,904,"Project Insurance, Fees & Levies",2014-11-01,3,9375.0,10840.220000000001,16875.0
P18,Rural Road Repairs,P039 - P18 Rural Road Repairs.xlsx,905,Small Tools,2014-11-01,3,2500.0,1739.62,2500.0
P18,Rural Road Repairs,P039 - P18 Rural Road Repairs.xlsx,907,Site Establishment,2014-11-01,3,8577.0,33807.42499999999,10292.4
P18,Rural Road Repairs,P039 - P18 Rural Road Repairs.xlsx,910,De-Establishment & Cleanup,2014-11-01,3,0.0,739.25,0.0
P18,Rural Road Repairs,P039 - P18 Rural Road Repairs.xlsx,911,Accommodation,2014-11-01,3,28025.0,33585.03999999999,51005.5
P18,Rural Road Repairs,P039 - P18 Rural Road Repairs.xlsx,916,Site Administration,2014-11-01,3,14400.0,39284.40899999999,19301.123595505618
P18,Rural Road Repairs,P039 - P18 Rural Road Repairs.xlsx,11,Survey - Construction,2014-12-01,4,18503.055555555555,20034.6,18166.636363636364
P18,Rural Road Repairs,P039 - P18 Rural Road Repairs.xlsx,13,QA Testing,2014-12-01,4,0.0,4536.0,0.0
P18,Rural Road Repairs,P039 - P18 Rural Road Repairs.xlsx,141,Traffic Controllers,2014-12-01,4,70802.57732495836,51499.549999999996,70348.07605534776
P18,Rural Road Repairs,P039 - P18 Rural Road Repairs.xlsx,151,Supply & Place Silt fences & protective devices,2014-12-01,4,11840.0,2544.9199999999996,11840.0
P18,Rural Road Repairs,P039 - P18 Rural Road Repairs.xlsx,16,GPS Hire,2014-12-01,4,8000.0,7314.0,4444.444444444444
P18,Rural Road Repairs,P039 - P18 Rural Road Repairs.xlsx,221,Place Protection Rock,2014-12-01,4,6472.64,0.0,0.0
P18,Rural Road Repairs,P039 - P18 Rural Road Repairs.xlsx,222,Supply & Place Geofabrics,2014-12-01,4,18912.90807266767,31275.654999999995,18428.377380139325
P18,Rural Road Repairs,P039 - P18 Rural Road Repairs.xlsx,41,Demolition,2014-12-01,4,7626.226350946799,0.0,0.0
P18,Rural Road Repairs,P039 - P18 Rural Road Repairs.xlsx,53,Cut to Spoil,2014-12-01,4,194268.24521451243,252038.6800000001,193219.19669035403
P18,Rural Road Repairs,P039 - P18 Rural Road Repairs.xlsx,57,Remove & Replace unsuitable,2014-12-01,4,137083.78970293657,27665.145000000004,137220.8734926395
P18,Rural Road Repairs,P039 - P18 Rural Road Repairs.xlsx,61,Subgrade Preparation,2014-12-01,4,131922.97909325117,3236.39,121661.95780124803
P18,Rural Road Repairs,P039 - P18 Rural Road Repairs.xlsx,613,Deliver Road Base Gravel,2014-12-01,4,281791.25664159073,156761.35500000004,258321.1759773089
P18,Rural Road Repairs,P039 - P18 Rural Road Repairs.xlsx,62,Place & Compact Gravel (CBR80),2014-12-01,4,322635.900254957,72503.55500000001,249255.30476357884
P18,Rural Road Repairs,P039 - P18 Rural Road Repairs.xlsx,63,Trim All Layers,2014-12-01,4,51474.1356240375,25586.235000000008,45379.9462055468
P18,Rural Road Repairs,P039 - P18 Rural Road Repairs.xlsx,64,Sweep & Prime / Primer seal or Seal,2014-12-01,4,313966.29532357247,238241.24199999994,316273.58251711313
P18,Rural Road Repairs,P039 - P18 Rural Road Repairs.xlsx,65,Asphalt (Cold MIx),2014-12-01,4,0.0,0.0,0.0
P18,Rural Road Repairs,P039 - P18 Rural Road Repairs.xlsx,67,Line Marking & Signs,2014-12-01,4,4265.8,2668.4399999999996,4265.8
P18,Rural Road Repairs,P039 - P18 Rural Road Repairs.xlsx,72,525 > 750,2014-12-01,4,0.0,0.0,0.0
P18,Rural Road Repairs,P039 - P18 Rural Road Repairs.xlsx,81,SW >450,2014-12-01,4,4246.938530734633,0.0,0.0
P18,Rural Road Repairs,P039 - P18 Rural Road Repairs.xlsx,82,SW<525,2014-12-01,4,8332.28570233335,0.0,0.0
P18,Rural Road Repairs,P039 - P18 Rural Road Repairs.xlsx,88,Clean & Trim Table Drains,2014-12-01,4,24639.09923537234,4552.23,20848.468583776597
P18,Rural Road Repairs,P039 - P18 Rural Road Repairs.xlsx,901,Project Management,2014-12-01,4,34285.71428571428,79246.88,30000.0
P18,Rural Road Repairs,P039 - P18 Rural Road Repairs.xlsx,902,Project Supervision,2014-12-01,4,29391.818181818184,40995.0,31975.71428571429
P18,Rural Road Repairs,P039 - P18 Rural Road Repairs.xlsx,903,Project Facilities,2014-12-01,4,8989.75,18600.359999999997,8172.5
P18,Rural Road Repairs,P039 - P18 Rural Road Repairs.xlsx,904,"Project Insurance, Fees & Levies",2014-12-01,4,9375.0,11089.41,16875.0
P18,Rural Road Repairs,P039 - P18 Rural Road Repairs.xlsx,905,Small Tools,2014-12-01,4,3000.0,2403.9799999999996,3000.0
P18,Rural Road Repairs,P039 - P18 Rural Road Repairs.xlsx,907,Site Establishment,2014-12-01,4,12865.5,38294.42499999999,12865.5
P18,Rural Road Repairs,P039 - P18 Rural Road Repairs.xlsx,910,De-Establishment & Cleanup,2014-12-01,4,4500.0,5441.92,4500.0
P18,Rural Road Repairs,P039 - P18 Rural Road Repairs.xlsx,911,Accommodation,2014-12-01,4,39235.0,40939.24999999999,61935.25
P18,Rural Road Repairs,P039 - P18 Rural Road Repairs.xlsx,916,Site Administration,2014-12-01,4,20160.0,47196.96399999996,23194.38202247191
P18,Rural Road Repairs,P039 - P18 Rural Road Repairs.xlsx,11,Survey - Construction,2015-01-01,5,27754.583333333336,30386.6,27586.37373737374
P18,Rural Road Repairs,P039 - P18 Rural Road Repairs.xlsx,13,QA Testing,2015-01-01,5,0.0,4536.0,0.0
P18,Rural Road Repairs,P039 - P18 Rural Road Repairs.xlsx,141,Traffic Controllers,2015-01-01,5,89283.25005045596,63826.719999999994,88651.3085131871
P18,Rural Road Repairs,P039 - P18 Rural Road Repairs.xlsx,151,Supply & Place Silt fences & protective devices,2015-01-01,5,13320.0,3294.9199999999996,13320.0
P18,Rural Road Repairs,P039 - P18 Rural Road Repairs.xlsx,16,GPS Hire,2015-01-01,5,8000.0,10140.0,6277.777777777777
P18,Rural Road Repairs,P039 - P18 Rural Road Repairs.xlsx,221,Place Protection Rock,2015-01-01,5,6472.64,0.0,0.0
P18,Rural Road Repairs,P039 - P18 Rural Road Repairs.xlsx,222,Supply & Place Geofabrics,2015-01-01,5,22515.366753175796,32198.664999999994,22050.649583390248
P18,Rural Road Repairs,P039 - P18 Rural Road Repairs.xlsx,41,Demolition,2015-01-01,5,7626.226350946799,0.0,0.0
P18,Rural Road Repairs,P039 - P18 Rural Road Repairs.xlsx,53,Cut to Spoil,2015-01-01,5,230751.82166579785,319105.3000000003,213695.06973596365
P18,Rural Road Repairs,P039 - P18 Rural Road Repairs.xlsx,57,Remove & Replace unsuitable,2015-01-01,5,162992.62595679157,28898.625000000004,143937.9791880834
P18,Rural Road Repairs,P039 - P18 Rural Road Repairs.xlsx,61,Subgrade Preparation,2015-01-01,5,131922.97909325117,3483.915,131922.97909325117
P18,Rural Road Repairs,P039 - P18 Rural Road Repairs.xlsx,613,Deliver Road Base Gravel,2015-01-01,5,285598.56962021487,173309.79500000007,285598.56962021487
P18,Rural Road Repairs,P039 - P18 Rural Road Repairs.xlsx,62,Place & Compact Gravel (CBR80),2015-01-01,5,339265.7595537023,78440.56500000003,311569.1309544735
P18,Rural Road Repairs,P039 - P18 Rural Road Repairs.xlsx,63,Trim All Layers,2015-01-01,5,51474.1356240375,25856.235000000008,45379.9462055468
P18,Rural Road Repairs,P039 - P18 Rural Road Repairs.xlsx,64,Sweep & Prime / Primer seal or Seal,2015-01-01,5,350474.00408212736,260384.72699999993,345362.9248559297
P18,Rural Road Repairs,P039 - P18 Rural Road Repairs.xlsx,65,Asphalt (Cold MIx),2015-01-01,5,0.0,0.0,0.0
P18,Rural Road Repairs,P039 - P18 Rural Road Repairs.xlsx,67,Line Marking & Signs,2015-01-01,5,0.0,2724.49,4265.8
P18,Rural Road Repairs,P039 - P18 Rural Road Repairs.xlsx,72,525 > 750,2015-01-01,5,0.0,0.0,0.0
P18,Rural Road Repairs,P039 - P18 Rural Road Repairs.xlsx,81,SW >450,2015-01-01,5,4246.938530734633,0.0,0.0
P18,Rural Road Repairs,P039 - P18 Rural Road Repairs.xlsx,82,SW<525,2015-01-01,5,8332.28570233335,0.0,0.0
P18,Rural Road Repairs,P039 - P18 Rural Road Repairs.xlsx,88,Clean & Trim Table Drains,2015-01-01,5,24639.09923537234,5169.719999999999,24639.09923537234
P18,Rural Road Repairs,P039 - P18 Rural Road Repairs.xlsx,901,Project Management,2015-01-01,5,41142.857142857145,91359.38,36000.0
P18,Rural Road Repairs,P039 - P18 Rural Road Repairs.xlsx,902,Project Supervision,2015-01-01,5,36174.545454545456,53320.5,40857.85714285714
P18,Rural Road Repairs,P039 - P18 Rural Road Repairs.xlsx,903,Project Facilities,2015-01-01,5,11441.5,21448.226999999995,10896.666666666666
P18,Rural Road Repairs,P039 - P18 Rural Road Repairs.xlsx,904,"Project Insurance, Fees & Levies",2015-01-01,5,9375.0,11707.289999999999,17812.5
P18,Rural Road Repairs,P039 - P18 Rural Road Repairs.xlsx,905,Small Tools,2015-01-01,5,3500.0,2904.8899999999994,3500.0
P18,Rural Road Repairs,P039 - P18 Rural Road Repairs.xlsx,907,Site Establishment,2015-01-01,5,17154.0,39093.12419999999,15438.6
P18,Rural Road Repairs,P039 - P18 Rural Road Repairs.xlsx,910,De-Establishment & Cleanup,2015-01-01,5,4500.0,5626.92,4500.0
P18,Rural Road Repairs,P039 - P18 Rural Road Repairs.xlsx,911,Accommodation,2015-01-01,5,50445.0,43793.13999999999,66419.25
P18,Rural Road Repairs,P039 - P18 Rural Road Repairs.xlsx,916,Site Administration,2015-01-01,5,25920.0,62881.14399999995,30910.112359550563
P18,Rural Road Repairs,P039 - P18 Rural Road Repairs.xlsx,11,Survey - Construction,2015-02-01,6,30530.041666666668,33608.299999999996,30614.14646464647
P18,Rural Road Repairs,P039 - P18 Rural Road Repairs.xlsx,13,QA Testing,2015-02-01,6,0.0,4536.0,0.0
P18,Rural Road Repairs,P039 - P18 Rural Road Repairs.xlsx,141,Traffic Controllers,2015-02-01,6,109443.98393281698,76966.20999999999,108864.4434883662
P18,Rural Road Repairs,P039 - P18 Rural Road Repairs.xlsx,151,Supply & Place Silt fences & protective devices,2015-02-01,6,14800.0,3294.9199999999996,14800.0
P18,Rural Road Repairs,P039 - P18 Rural Road Repairs.xlsx,16,GPS Hire,2015-02-01,6,8000.0,12259.5,7555.555555555556
P18,Rural Road Repairs,P039 - P18 Rural Road Repairs.xlsx,221,Place Protection Rock,2015-02-01,6,6472.64,0.0,0.0
P18,Rural Road Repairs,P039 - P18 Rural Road Repairs.xlsx,222,Supply & Place Geofabrics,2015-02-01,6,26371.79877065975,37594.32249999999,26371.79877065975
P18,Rural Road Repairs,P039 - P18 Rural Road Repairs.xlsx,41,Demolition,2015-02-01,6,7626.226350946799,0.0,0.0
P18,Rural Road Repairs,P039 - P18 Rural Road Repairs.xlsx,53,Cut to Spoil,2015-02-01,6,236016.49111111113,359268.44000000035,236016.49111111113
P18,Rural Road Repairs,P039 - P18 Rural Road Repairs.xlsx,57,Remove & Replace unsuitable,2015-02-01,6,162992.62595679157,36487.555,162992.62595679157
P18,Rural Road Repairs,P039 - P18 Rural Road Repairs.xlsx,61,Subgrade Preparation,2015-02-01,6,131922.97909325117,3483.915,131922.97909325117
P18,Rural Road Repairs,P039 - P18 Rural Road Repairs.xlsx,613,Deliver Road Base Gravel,2015-02-01,6,307979.05742548255,187160.79500000007,307979.05742548255
P18,Rural Road Repairs,P039 - P18 Rural Road Repairs.xlsx,62,Place & Compact Gravel (CBR80),2015-02-01,6,408944.87001544505,107704.35000000006,408944.87001544505
P18,Rural Road Repairs,P039 - P18 Rural Road Repairs.xlsx,63,Trim All Layers,2015-02-01,6,64324.16931216932,31078.21500000001,64324.16931216932
P18,Rural Road Repairs,P039 - P18 Rural Road Repairs.xlsx,64,Sweep & Prime / Primer seal or Seal,2015-02-01,6,430929.69264423073,309481.99399999983,392822.9462420511
P18,Rural Road Repairs,P039 - P18 Rural Road Repairs.xlsx,65,Asphalt (Cold MIx),2015-02-01,6,25937.5,500.6,25937.5
P18,Rural Road Repairs,P039 - P18 Rural Road Repairs.xlsx,67,Line Marking & Signs,2015-02-01,6,6094.0,3719.88,6094.0
P18,Rural Road Repairs,P039 - P18 Rural Road Repairs.xlsx,72,525 > 750,2015-02-01,6,2200.0,12781.13,2200.0
P18,Rural Road Repairs,P039 - P18 Rural Road Repairs.xlsx,81,SW >450,2015-02-01,6,4246.938530734633,0.0,0.0
P18,Rural Road Repairs,P039 - P18 Rural Road Repairs.xlsx,82,SW<525,2015-02-01,6,8332.28570233335,0.0,0.0
P18,Rural Road Repairs,P039 - P18 Rural Road Repairs.xlsx,88,Clean & Trim Table Drains,2015-02-01,6,53447.8921875,11435.392499999998,53447.8921875
P18,Rural Road Repairs,P039 - P18 Rural Road Repairs.xlsx,901,Project Management,2015-02-01,6,48000.0,107509.38,42000.0
P18,Rural Road Repairs,P039 - P18 Rural Road Repairs.xlsx,902,Project Supervision,2015-02-01,6,45218.18181818182,63130.5,47963.571428571435
P18,Rural Road Repairs,P039 - P18 Rural Road Repairs.xlsx,903,Project Facilities,2015-02-01,6,14710.5,27285.856999999996,13620.833333333334
P18,Rural Road Repairs,P039 - P18 Rural Road Repairs.xlsx,904,"Project Insurance, Fees & Levies",2015-02-01,6,18750.0,12162.089999999998,18750.0
P18,Rural Road Repairs,P039 - P18 Rural Road Repairs.xlsx,905,Small Tools,2015-02-01,6,4500.0,3413.099999999999,4500.0
P18,Rural Road Repairs,P039 - P18 Rural Road Repairs.xlsx,907,Site Establishment,2015-02-01,6,17154.0,41265.1542,15438.6
P18,Rural Road Repairs,P039 - P18 Rural Road Repairs.xlsx,910,De-Establishment & Cleanup,2015-02-01,6,9000.0,10359.814999999999,9000.0
P18,Rural Road Repairs,P039 - P18 Rural Road Repairs.xlsx,911,Accommodation,2015-02-01,6,61655.0,44122.02999999999,66699.5
P18,Rural Road Repairs,P039 - P18 Rural Road Repairs.xlsx,916,Site Administration,2015-02-01,6,31680.0,68170.72899999995,33505.61797752809
P18,Rural Road Repairs,P039 - P18 Rural Road Repairs.xlsx,11,Survey - Construction,2015-03-01,7,33305.5,36667.299999999996,33305.5
P18,Rural Road Repairs,P039 - P18 Rural Road Repairs.xlsx,13,QA Testing,2015-03-01,7,0.0,4536.0,0.0
P18,Rural Road Repairs,P039 - P18 Rural Road Repairs.xlsx,141,Traffic Controllers,2015-03-01,7,117220.26700172765,82094.65999999999,117220.26700172765
P18,Rural Road Repairs,P039 - P18 Rural Road Repairs.xlsx,151,Supply & Place Silt fences & protective devices,2015-03-01,7,14800.0,3294.9199999999996,14800.0
P18,Rural Road Repairs,P039 - P18 Rural Road Repairs.xlsx,16,GPS Hire,2015-03-01,7,8000.0,12966.0,8000.0
P18,Rural Road Repairs,P039 - P18 Rural Road Repairs.xlsx,221,Place Protection Rock,2015-03-01,7,6472.64,0.0,6471.6
P18,Rural Road Repairs,P039 - P18 Rural Road Repairs.xlsx,222,Supply & Place Geofabrics,2015-03-01,7,26371.79877065975,37594.32249999999,26373.600000000002
P18,Rural Road Repairs,P039 - P18 Rural Road Repairs.xlsx,41,Demolition,2015-03-01,7,7626.226350946799,0.0,7626.226350946799
P18,Rural Road Repairs,P039 - P18 Rural Road Repairs.xlsx,53,Cut to Spoil,2015-03-01,7,236016.49111111113,359268.44000000035,236016.49111111113
P18,Rural Road Repairs,P039 - P18 Rural Road Repairs.xlsx,57,Remove & Replace unsuitable,2015-03-01,7,162992.62595679157,36487.555,162992.62595679157
P18,Rural Road Repairs,P039 - P18 Rural Road Repairs.xlsx,61,Subgrade Preparation,2015-03-01,7,131922.97909325117,3483.915,131922.97909325117
P18,Rural Road Repairs,P039 - P18 Rural Road Repairs.xlsx,613,Deliver Road Base Gravel,2015-03-01,7,307979.05742548255,187160.79500000007,307979.05742548255
P18,Rural Road Repairs,P039 - P18 Rural Road Repairs.xlsx,62,Place & Compact Gravel (CBR80),2015-03-01,7,408944.87001544505,112261.32000000008,408944.87001544505
P18,Rural Road Repairs,P039 - P18 Rural Road Repairs.xlsx,63,Trim All Layers,2015-03-01,7,64324.16931216932,31078.21500000001,64324.16931216932
P18,Rural Road Repairs,P039 - P18 Rural Road Repairs.xlsx,64,Sweep & Prime / Primer seal or Seal,2015-03-01,7,430929.69264423073,358171.69800000003,430929.69264423073
P18,Rural Road Repairs,P039 - P18 Rural Road Repairs.xlsx,65,Asphalt (Cold MIx),2015-03-01,7,25937.5,500.6,25937.5
P18,Rural Road Repairs,P039 - P18 Rural Road Repairs.xlsx,67,Line Marking & Signs,2015-03-01,7,6094.0,3719.88,6094.0
P18,Rural Road Repairs,P039 - P18 Rural Road Repairs.xlsx,72,525 > 750,2015-03-01,7,2200.0,12781.13,2200.0
P18,Rural Road Repairs,P039 - P18 Rural Road Repairs.xlsx,81,SW >450,2015-03-01,7,4246.938530734633,0.0,4246.938530734633
P18,Rural Road Repairs,P039 - P18 Rural Road Repairs.xlsx,82,SW<525,2015-03-01,7,8332.28570233335,0.0,8332.28570233335
P18,Rural Road Repairs,P039 - P18 Rural Road Repairs.xlsx,88,Clean & Trim Table Drains,2015-03-01,7,53447.8921875,11515.392499999998,53447.8921875
P18,Rural Road Repairs,P039 - P18 Rural Road Repairs.xlsx,901,Project Management,2015-03-01,7,48000.0,123128.13,48000.0
P18,Rural Road Repairs,P039 - P18 Rural Road Repairs.xlsx,902,Project Supervision,2015-03-01,7,49740.0,64840.5,49740.0
P18,Rural Road Repairs,P039 - P18 Rural Road Repairs.xlsx,903,Project Facilities,2015-03-01,7,16345.0,30417.646999999997,16345.0
P18,Rural Road Repairs,P039 - P18 Rural Road Repairs.xlsx,904,"Project Insurance, Fees & Levies",2015-03-01,7,18750.0,12162.089999999998,18750.0
P18,Rural Road Repairs,P039 - P18 Rural Road Repairs.xlsx,905,Small Tools,2015-03-01,7,5000.0,3413.099999999999,5000.0
P18,Rural Road Repairs,P039 - P18 Rural Road Repairs.xlsx,907,Site Establishment,2015-03-01,7,17154.0,43545.1542,17154.0
P18,Rural Road Repairs,P039 - P18 Rural Road Repairs.xlsx,910,De-Establishment & Cleanup,2015-03-01,7,18000.0,21497.045000000002,18000.0
P18,Rural Road Repairs,P039 - P18 Rural Road Repairs.xlsx,911,Accommodation,2015-03-01,7,67260.0,44449.29999999999,67260.0
P18,Rural Road Repairs,P039 - P18 Rural Road Repairs.xlsx,916,Site Administration,2015-03-01,7,33600.0,68350.72899999995,33600.0
